Assigned_Region,Assigned_Area,Assigned_Territory,Assigned_House,Assigned_Point,User_ID,User_Name,route,cluster,outlet,Contact_id,Contact_Date,Contact_Location,audio_links,Contact_Start_Time,Contact_end_time,duration,campaign_id,campaign
Dhaka South,Dhaka Central,Motijheel,"Agrani Trading Corporation, Mogbazar",Motijheel,30707,abdulazizshanta@ecrm-imsl,29A,Jonopoth More Sayedabad,Rubel Store,12663294,7/20/2025,"25.67192204,88.91558146",https://ecrm3-web-uploads.s3.ap-southeast-1.amazonaws.com/Production/ecrm/Audios/Survey/cmp-146/30707146_720103249556100.mp3,10:32:49,10:42:16,0:09:27,146,BD Circle 1-2-1
Dhaka South,Dhaka South,Sreenagar,Sales Promotion Service,Sreenagar,18740,tonmoyhasanapu17456@ecrm-imsl,404A,Damla Primary School,Bismillah Store 1,12664109,7/20/2025,"25.82635579,89.58565989",https://ecrm3-web-uploads.s3.ap-southeast-1.amazonaws.com/Production/ecrm/Audios/Survey/cmp-146/18740146_720104241388100.mp3,10:42:41,10:48:32,0:05:51,146,BD Circle 1-2-1
Dhaka South,Dhaka Central,Motijheel,"Agrani Trading Corporation, Mogbazar",Motijheel,30707,abdulazizshanta@ecrm-imsl,29A,Jonopoth More Sayedabad,Rubel Store,12666170,7/20/2025,"23.8970117,88.930853",https://ecrm3-web-uploads.s3.ap-southeast-1.amazonaws.com/Production/ecrm/Audios/Survey/cmp-146/30707146_720105241151100.mp3,10:52:41,11:03:58,0:11:17,146,BD Circle 1-2-1
Dhaka South,Dhaka South,Sreenagar,Sales Promotion Service,Sreenagar,18740,tonmoyhasanapu17456@ecrm-imsl,404A,Damla Primary School,Bismillah Store 1,12666456,7/20/2025,"23.06289313,90.97091833",https://ecrm3-web-uploads.s3.ap-southeast-1.amazonaws.com/Production/ecrm/Audios/Survey/cmp-146/18740146_720110100533100.mp3,11:01:00,11:05:50,0:04:50,146,BD Circle 1-2-1
Dhaka South,Dhaka Central,Mogbazar,"Agrani Trading Corporation, Mogbazar",Mogbazar,14327,sabbirhossain13108@ecrm-imsl,4A,BISHAL CENTER,Rashid Store,12667122,7/20/2025,"23.5876378,89.8353456",https://ecrm3-web-uploads.s3.ap-southeast-1.amazonaws.com/Production/ecrm/Audios/Survey/cmp-146/14327146_720110445607100.mp3,11:04:43,11:10:25,0:05:42,146,BD Circle 1-2-1
Dhaka South,Dhaka South,Sreenagar,Sales Promotion Service,Sreenagar,18740,tonmoyhasanapu17456@ecrm-imsl,404A,Damla Primary School,Bismillah Store 1,12675764,7/20/2025,"25.772134,89.4239179",https://ecrm3-web-uploads.s3.ap-southeast-1.amazonaws.com/Production/ecrm/Audios/Survey/cmp-146/18740146_720115919738100.mp3,11:59:18,12:08:44,0:09:26,146,BD Circle 1-2-1
Chittagong,CTG South,Cox's Bazar-1,M/S Al-Amin Store,Cox's Bazar,5744,brctg5744@ecrm-imsl,225A,Main Road,Tandori Store,12672667,7/20/2025,"25.0715616,91.39939882",https://ecrm3-web-uploads.s3.ap-southeast-1.amazonaws.com/Production/ecrm/Audios/Survey/cmp-146/5744146_720114105254100.mp3,11:41:01,11:48:10,0:07:09,146,BD Circle 1-2-1
Dhaka South,Dhaka Central,Mogbazar,"Agrani Trading Corporation, Mogbazar",Mogbazar,14327,sabbirhossain13108@ecrm-imsl,4A,BISHAL CENTER,Rashid Store,12675312,7/20/2025,"23.9319582,90.7175804",https://ecrm3-web-uploads.s3.ap-southeast-1.amazonaws.com/Production/ecrm/Audios/Survey/cmp-146/14327146_720120050133100.mp3,12:00:48,12:05:50,0:05:02,146,BD Circle 1-2-1
Dhaka South,Dhaka Central,Mogbazar,"Agrani Trading Corporation, Mogbazar",Mogbazar,14327,sabbirhossain13108@ecrm-imsl,4A,BISHAL CENTER,Rashid Store,12677377,7/20/2025,"22.3740708,91.9065351",https://ecrm3-web-uploads.s3.ap-southeast-1.amazonaws.com/Production/ecrm/Audios/Survey/cmp-146/14327146_720121034540100.mp3,12:10:32,12:19:30,0:08:58,146,BD Circle 1-2-1
Dhaka South,Dhaka Central,Mogbazar,"Agrani Trading Corporation, Mogbazar",Mogbazar,14327,sabbirhossain13108@ecrm-imsl,4A,BISHAL CENTER,Rashid Store,12678214,7/20/2025,"22.8986671,90.8442554",https://ecrm3-web-uploads.s3.ap-southeast-1.amazonaws.com/Production/ecrm/Audios/Survey/cmp-146/14327146_720121934568100.mp3,12:19:32,12:25:14,0:05:42,146,BD Circle 1-2-1
Dhaka North,Dhaka North,DEPZ,"Agrani Trading Company Ltd, Savar",DEPZ,8920,mdmohiuddin7809@ecrm-imsl,102B,Mosharof market,M R K Store,12678239,7/20/2025,"21.24936913,92.14083423",https://ecrm3-web-uploads.s3.ap-southeast-1.amazonaws.com/Production/ecrm/Audios/Survey/cmp-146/8920146_720121846655100.mp3,12:18:45,12:25:27,0:06:42,146,BD Circle 1-2-1
Dhaka South,Dhaka Central,Mogbazar,"Agrani Trading Corporation, Mogbazar",Mogbazar,14327,sabbirhossain13108@ecrm-imsl,4A,BISHAL CENTER,Rashid Store,12682642,7/20/2025,"22.374147,91.906517",https://ecrm3-web-uploads.s3.ap-southeast-1.amazonaws.com/Production/ecrm/Audios/Survey/cmp-146/14327146_720125158622100.mp3,12:51:57,12:56:36,0:04:39,146,BD Circle 1-2-1
Dhaka South,Dhaka Central,Motijheel,"Agrani Trading Corporation, Mogbazar",Motijheel,30707,abdulazizshanta@ecrm-imsl,29A,Jonopoth More Sayedabad,Rubel Store,12680696,7/20/2025,"25.9163478,88.8561529",https://ecrm3-web-uploads.s3.ap-southeast-1.amazonaws.com/Production/ecrm/Audios/Survey/cmp-146/30707146_720123252359100.mp3,12:32:53,12:42:50,0:09:57,146,BD Circle 1-2-1
Rajshahi,Rangpur,Rangpur,"Shaireen Enterprise, Rangpur",Rangpur,31717,brraj17@ecrm-ims,3D,Jahaj Company,Chairman Store,12682424,7/20/2025,"23.9070418,90.3215602",https://ecrm3-web-uploads.s3.ap-southeast-1.amazonaws.com/Production/ecrm/Audios/Survey/cmp-146/31717146_720124402828100.mp3,12:44:02,12:55:08,0:11:06,146,BD Circle 1-2-1
Chittagong,CTG South,Cox's Bazar-1,M/S Al-Amin Store,Cox's Bazar,5744,brctg5744@ecrm-imsl,225A,Main Road,Tandori Store,12683892,7/20/2025,"23.5487592,90.5370562",https://ecrm3-web-uploads.s3.ap-southeast-1.amazonaws.com/Production/ecrm/Audios/Survey/cmp-146/5744146_72012584793100.mp3,12:58:45,13:06:08,0:07:23,146,BD Circle 1-2-1
Dhaka South,Dhaka Central,Mogbazar,"Agrani Trading Corporation, Mogbazar",Mogbazar,14327,sabbirhossain13108@ecrm-imsl,4A,BISHAL CENTER,Rashid Store,12683983,7/20/2025,"23.9311086,90.7207166",https://ecrm3-web-uploads.s3.ap-southeast-1.amazonaws.com/Production/ecrm/Audios/Survey/cmp-146/14327146_72013014351100.mp3,13:01:40,13:06:45,0:05:05,146,BD Circle 1-2-1
Dhaka South,Dhaka Central,Motijheel,"Agrani Trading Corporation, Mogbazar",Motijheel,30707,abdulazizshanta@ecrm-imsl,29A,Jonopoth More Sayedabad,Rubel Store,12686172,7/20/2025,"24.57776284,90.74257494",https://ecrm3-web-uploads.s3.ap-southeast-1.amazonaws.com/Production/ecrm/Audios/Survey/cmp-146/30707146_720131754350100.mp3,13:17:53,13:24:38,0:06:45,146,BD Circle 1-2-1
Dhaka South,Dhaka Central,Mogbazar,"Agrani Trading Corporation, Mogbazar",Mogbazar,14327,sabbirhossain13108@ecrm-imsl,4A,BISHAL CENTER,Rashid Store,12691130,7/20/2025,"23.5487592,90.5370562",https://ecrm3-web-uploads.s3.ap-southeast-1.amazonaws.com/Production/ecrm/Audios/Survey/cmp-146/14327146_720140724283100.mp3,14:07:02,14:13:12,0:06:10,146,BD Circle 1-2-1
Dhaka South,Dhaka Central,Motijheel,"Agrani Trading Corporation, Mogbazar",Motijheel,30707,abdulazizshanta@ecrm-imsl,29A,Jonopoth More Sayedabad,Rubel Store,12694317,7/20/2025,"24.57761495,90.74268005",https://ecrm3-web-uploads.s3.ap-southeast-1.amazonaws.com/Production/ecrm/Audios/Survey/cmp-146/30707146_720144538154100.mp3,14:45:36,14:51:37,0:06:01,146,BD Circle 1-2-1
Dhaka South,Dhaka South,Dhanmondi,The Jamal & Co - Dhanmondi,Dhanmondi,31884,abdullahalfahad2025@ecrm-ims,125D,Babor Road,Nazmul Store,12694470,7/20/2025,"22.8986601,90.8442557",https://ecrm3-web-uploads.s3.ap-southeast-1.amazonaws.com/Production/ecrm/Audios/Survey/cmp-146/31884146_720144605613100.mp3,14:46:05,14:53:45,0:07:40,146,BD Circle 1-2-1
Dhaka South,Dhaka Central,Motijheel,"Agrani Trading Corporation, Mogbazar",Motijheel,30707,abdulazizshanta@ecrm-imsl,29A,Jonopoth More Sayedabad,Rubel Store,12695131,7/20/2025,"25.7286719,89.2658386",https://ecrm3-web-uploads.s3.ap-southeast-1.amazonaws.com/Production/ecrm/Audios/Survey/cmp-146/30707146_720145613657100.mp3,14:56:14,15:03:14,0:07:00,146,BD Circle 1-2-1
Khulna,Khulna,Jashore-1,M/S Azizur Rahman,Jashore Sadar,25315,brkhu24981@ecrm-imsl,106A,Rangamati Garage,Mohasin Tea,12695819,7/20/2025,"23.76344571,90.35874604",https://ecrm3-web-uploads.s3.ap-southeast-1.amazonaws.com/Production/ecrm/Audios/Survey/cmp-146/25315146_720150421198100.mp3,15:04:20,15:13:06,0:08:46,146,BD Circle 1-2-1
Dhaka North,Dhaka North,Savar,"Agrani Trading Company Ltd, Savar",Savar,18469,brdhk18469@ecrm-imsl,4A,Uttar Para Mashjid,Bismillah Store 2,12657923,7/20/2025,"25.07160866,91.39914616",https://ecrm3-web-uploads.s3.ap-southeast-1.amazonaws.com/Production/ecrm/Audios/Survey/cmp-146/18469146_720092952453100.mp3,9:29:49,9:36:51,0:07:02,146,BD Circle 1-2-1
Dhaka North,Dhaka North,Savar,"Agrani Trading Company Ltd, Savar",Savar,18469,brdhk18469@ecrm-imsl,4A,Uttar Para Mashjid,Bismillah Store 2,12658298,7/20/2025,"23.8254329,90.2580768",https://ecrm3-web-uploads.s3.ap-southeast-1.amazonaws.com/Production/ecrm/Audios/Survey/cmp-146/18469146_720093800796100.mp3,9:37:58,9:45:42,0:07:44,146,BD Circle 1-2-1
Dhaka North,Dhaka North,Savar,"Agrani Trading Company Ltd, Savar",Savar,18469,brdhk18469@ecrm-imsl,4A,Uttar Para Mashjid,Bismillah Store 2,12660543,7/20/2025,"24.0511944,90.9768509",https://ecrm3-web-uploads.s3.ap-southeast-1.amazonaws.com/Production/ecrm/Audios/Survey/cmp-146/18469146_720101130879100.mp3,10:11:29,10:17:38,0:06:09,146,BD Circle 1-2-1
Dhaka South,Dhaka South,Dhanmondi,The Jamal & Co - Dhanmondi,Mohammadpur,31885,hamzayusufrafin2025@ecrm-ims,217A,Tempoo Stand Glass Factory,Khan Store 2,12662410,7/20/2025,"25.1502164,88.8554691",https://ecrm3-web-uploads.s3.ap-southeast-1.amazonaws.com/Production/ecrm/Audios/Survey/cmp-146/31885146_720102818773100.mp3,10:28:18,10:35:07,0:06:49,146,BD Circle 1-2-1
Dhaka South,Dhaka South,Dhanmondi,The Jamal & Co - Dhanmondi,Mohammadpur,31885,hamzayusufrafin2025@ecrm-ims,217A,Tempoo Stand Glass Factory,Khan Store 2,12663386,7/20/2025,"25.1493954,88.8543958",https://ecrm3-web-uploads.s3.ap-southeast-1.amazonaws.com/Production/ecrm/Audios/Survey/cmp-146/31885146_720103656604100.mp3,10:36:55,10:43:08,0:06:13,146,BD Circle 1-2-1
Dhaka South,Dhaka South,Dhanmondi,The Jamal & Co - Dhanmondi,Mohammadpur,31885,hamzayusufrafin2025@ecrm-ims,217A,Tempoo Stand Glass Factory,Khan Store 2,12666882,7/20/2025,"22.374249,91.9065012",https://ecrm3-web-uploads.s3.ap-southeast-1.amazonaws.com/Production/ecrm/Audios/Survey/cmp-146/31885146_720110154633100.mp3,11:01:53,11:08:51,0:06:58,146,BD Circle 1-2-1
Dhaka North,Dhaka North,Savar,"Agrani Trading Company Ltd, Savar",Savar,18469,brdhk18469@ecrm-imsl,4A,Uttar Para Mashjid,Bismillah Store 2,12667418,7/20/2025,"23.0627787,90.9705805",https://ecrm3-web-uploads.s3.ap-southeast-1.amazonaws.com/Production/ecrm/Audios/Survey/cmp-146/18469146_720110528394100.mp3,11:05:26,11:12:31,0:07:05,146,BD Circle 1-2-1
Dhaka North,Dhaka North,Savar,"Agrani Trading Company Ltd, Savar",Savar,18469,brdhk18469@ecrm-imsl,4A,Uttar Para Mashjid,Bismillah Store 2,12668746,7/20/2025,"23.9083605,90.3170675",https://ecrm3-web-uploads.s3.ap-southeast-1.amazonaws.com/Production/ecrm/Audios/Survey/cmp-146/18469146_720111542149100.mp3,11:15:39,11:21:49,0:06:10,146,BD Circle 1-2-1
Dhaka North,Dhaka North,Savar,"Agrani Trading Company Ltd, Savar",Savar,18469,brdhk18469@ecrm-imsl,4A,Uttar Para Mashjid,Bismillah Store 2,12670845,7/20/2025,"24.7805508,89.8543569",https://ecrm3-web-uploads.s3.ap-southeast-1.amazonaws.com/Production/ecrm/Audios/Survey/cmp-146/18469146_720113021808100.mp3,11:30:20,11:35:52,0:05:32,146,BD Circle 1-2-1
Dhaka North,Dhaka North,Savar,"Agrani Trading Company Ltd, Savar",Savar,18469,brdhk18469@ecrm-imsl,4A,Uttar Para Mashjid,Bismillah Store 2,12672021,7/20/2025,"24.57774401,90.74283409",https://ecrm3-web-uploads.s3.ap-southeast-1.amazonaws.com/Production/ecrm/Audios/Survey/cmp-146/18469146_720113646865100.mp3,11:36:38,11:43:38,0:07:00,146,BD Circle 1-2-1
Dhaka South,Dhaka Central,Gulshan,"Agrani Trading Corporation, Gulshan",Gulshan,31069,masfiqahamedsiam@ecrm-imsl,18B,"Nippon Road, Mohakhali",Sepat Store,12675731,7/20/2025,"23.81281515, 90.42141626",https://ecrm3-web-uploads.s3.ap-southeast-1.amazonaws.com/Production/ecrm/Audios/Survey/cmp-146/31069146_72011595474100.mp3,11:59:52,12:08:32,0:08:40,146,BD Circle 1-2-1
Dhaka South,Dhaka South,Sutrapur,Sales Promotion Service,Keraniganj,14679,mdfarhadhosen13457@ecrm-imsl,203B,Gudara Ghat,Kasem Store,12673168,7/20/2025,"23.6953734, 90.3981455",https://ecrm3-web-uploads.s3.ap-southeast-1.amazonaws.com/Production/ecrm/Audios/Survey/cmp-146/14679146_720114256734100.mp3,11:42:54,11:51:23,0:08:29,146,BD Circle 1-2-1
Dhaka South,Dhaka South,Dhanmondi,The Jamal & Co - Dhanmondi,Mohammadpur,31885,hamzayusufrafin2025@ecrm-ims,217A,Tempoo Stand Glass Factory,Khan Store 2,12675837,7/20/2025,"23.7543613, 90.360728",https://ecrm3-web-uploads.s3.ap-southeast-1.amazonaws.com/Production/ecrm/Audios/Survey/cmp-146/31885146_72012024367100.mp3,12:02:43,12:09:14,0:06:31,146,BD Circle 1-2-1
Khulna,Khulna,Jashore-1,M/S Azizur Rahman,Jashore Sadar,31082,brkhu29031@ecrm-imsl,106B,Fall Potty,Ali Tea,12674397,7/20/2025,"23.1603759, 89.2190477",https://ecrm3-web-uploads.s3.ap-southeast-1.amazonaws.com/Production/ecrm/Audios/Survey/cmp-146/31082146_720115003686100.mp3,11:50:02,11:59:41,0:09:39,146,BD Circle 1-2-1
Dhaka South,Dhaka South,Dhanmondi,The Jamal & Co - Dhanmondi,Mohammadpur,31885,hamzayusufrafin2025@ecrm-ims,217A,Tempoo Stand Glass Factory,Khan Store 2,12677562,7/20/2025,"23.7543613, 90.360728",https://ecrm3-web-uploads.s3.ap-southeast-1.amazonaws.com/Production/ecrm/Audios/Survey/cmp-146/31885146_720121218466100.mp3,12:12:16,12:20:40,0:08:24,146,BD Circle 1-2-1
Dhaka North,Dhaka North,Savar,"Agrani Trading Company Ltd, Savar",Savar,18469,brdhk18469@ecrm-imsl,4A,Uttar Para Mashjid,Bismillah Store 2,12678742,7/20/2025,"23.8486829, 90.2569136",https://ecrm3-web-uploads.s3.ap-southeast-1.amazonaws.com/Production/ecrm/Audios/Survey/cmp-146/18469146_720121025378100.mp3,12:10:22,12:29:11,0:18:49,146,BD Circle 1-2-1
Dhaka South,Dhaka Central,Gulshan,"Agrani Trading Corporation, Gulshan",Gulshan,27360,asifiqbalopi@ecrm-imsl,20A,Kuril Ghatpar,Anowara Store,12678859,7/20/2025,"23.8167423, 90.4244801",https://ecrm3-web-uploads.s3.ap-southeast-1.amazonaws.com/Production/ecrm/Audios/Survey/cmp-146/27360146_720122245834100.mp3,12:22:43,12:30:02,0:07:19,146,BD Circle 1-2-1
Dhaka North,Dhaka North,Savar,"Agrani Trading Company Ltd, Savar",Savar,18469,brdhk18469@ecrm-imsl,4A,Uttar Para Mashjid,Bismillah Store 2,12679725,7/20/2025,"23.8486829, 90.2569136",https://ecrm3-web-uploads.s3.ap-southeast-1.amazonaws.com/Production/ecrm/Audios/Survey/cmp-146/18469146_720122924434100.mp3,12:29:16,12:35:56,0:06:40,146,BD Circle 1-2-1
Dhaka South,Dhaka Central,Gulshan,"Agrani Trading Corporation, Gulshan",Gulshan,27360,asifiqbalopi@ecrm-imsl,20A,Kuril Ghatpar,Anowara Store,12682933,7/20/2025,"23.8167439, 90.4244346",https://ecrm3-web-uploads.s3.ap-southeast-1.amazonaws.com/Production/ecrm/Audios/Survey/cmp-146/27360146_720124929634100.mp3,12:49:27,12:58:46,0:09:19,146,BD Circle 1-2-1
Dhaka South,Dhaka South,Dhanmondi,The Jamal & Co - Dhanmondi,Mohammadpur,31885,hamzayusufrafin2025@ecrm-ims,217A,Tempoo Stand Glass Factory,Khan Store 2,12685283,7/20/2025,"23.7542579, 90.360888",https://ecrm3-web-uploads.s3.ap-southeast-1.amazonaws.com/Production/ecrm/Audios/Survey/cmp-146/31885146_720131053258100.mp3,13:10:52,13:17:00,0:06:08,146,BD Circle 1-2-1
Dhaka South,Dhaka South,Dhanmondi,The Jamal & Co - Dhanmondi,Mohammadpur,31885,hamzayusufrafin2025@ecrm-ims,217A,Tempoo Stand Glass Factory,Khan Store 2,12686245,7/20/2025,"23.7543293, 90.3607735",https://ecrm3-web-uploads.s3.ap-southeast-1.amazonaws.com/Production/ecrm/Audios/Survey/cmp-146/31885146_720131803355100.mp3,13:18:03,13:25:10,0:07:07,146,BD Circle 1-2-1
Dhaka South,Dhaka South,Dhanmondi,The Jamal & Co - Dhanmondi,Mohammadpur,31885,hamzayusufrafin2025@ecrm-ims,217A,Tempoo Stand Glass Factory,Khan Store 2,12700775,7/20/2025,"23.755366, 90.3602528",https://ecrm3-web-uploads.s3.ap-southeast-1.amazonaws.com/Production/ecrm/Audios/Survey/cmp-146/31885146_720163710667100.mp3,16:37:10,16:44:08,0:06:58,146,BD Circle 1-2-1
Dhaka South,Dhaka South,Dhanmondi,The Jamal & Co - Dhanmondi,Mohammadpur,31885,hamzayusufrafin2025@ecrm-ims,217A,Tempoo Stand Glass Factory,Khan Store 2,12699469,7/20/2025,"23.755366, 90.3602528",https://ecrm3-web-uploads.s3.ap-southeast-1.amazonaws.com/Production/ecrm/Audios/Survey/cmp-146/31885146_720161128847100.mp3,16:11:28,16:19:12,0:07:44,146,BD Circle 1-2-1
Dhaka North,Dhaka North,Savar,"Agrani Trading Company Ltd, Savar",Savar,18469,brdhk18469@ecrm-imsl,4A,Uttar Para Mashjid,Bismillah Store 2,12700753,7/20/2025,"23.8564322, 90.271295",https://ecrm3-web-uploads.s3.ap-southeast-1.amazonaws.com/Production/ecrm/Audios/Survey/cmp-146/18469146_720163818701100.mp3,16:38:14,16:43:43,0:05:29,146,BD Circle 1-2-1
Dhaka North,Dhaka North,Savar,"Agrani Trading Company Ltd, Savar",Savar,18469,brdhk18469@ecrm-imsl,4A,Uttar Para Mashjid,Bismillah Store 2,12658685,7/20/2025,"23.8476735, 90.25637",https://ecrm3-web-uploads.s3.ap-southeast-1.amazonaws.com/Production/ecrm/Audios/Survey/cmp-146/18469146_720094634650100.mp3,9:46:33,9:53:05,0:06:32,146,BD Circle 1-2-1
Dhaka South,Dhaka Central,Gulshan,"Agrani Trading Corporation, Gulshan",Gulshan,27360,asifiqbalopi@ecrm-imsl,20A,Kuril Ghatpar,Anowara Store,12659273,7/20/2025,"23.816503, 90.4246199",https://ecrm3-web-uploads.s3.ap-southeast-1.amazonaws.com/Production/ecrm/Audios/Survey/cmp-146/27360146_720095300100100.mp3,9:52:52,10:02:07,0:09:15,146,BD Circle 1-2-1
Dhaka North,Dhaka North,Savar,"Agrani Trading Company Ltd, Savar",Savar,18469,brdhk18469@ecrm-imsl,4A,Uttar Para Mashjid,Bismillah Store 2,12659128,7/20/2025,"23.8478844, 90.2567373",https://ecrm3-web-uploads.s3.ap-southeast-1.amazonaws.com/Production/ecrm/Audios/Survey/cmp-146/18469146_720095325817100.mp3,9:53:24,10:00:04,0:06:40,146,BD Circle 1-2-1
Dhaka North,Dhaka North,Savar,"Agrani Trading Company Ltd, Savar",Savar,18469,brdhk18469@ecrm-imsl,4A,Uttar Para Mashjid,Bismillah Store 2,12659676,7/20/2025,"23.8477796, 90.2566956",https://ecrm3-web-uploads.s3.ap-southeast-1.amazonaws.com/Production/ecrm/Audios/Survey/cmp-146/18469146_720100046150100.mp3,10:00:44,10:07:23,0:06:39,146,BD Circle 1-2-1
Dhaka South,Dhaka Central,Gulshan,"Agrani Trading Corporation, Gulshan",Gulshan,27360,asifiqbalopi@ecrm-imsl,20A,Kuril Ghatpar,Anowara Store,12661502,7/20/2025,"23.8167649, 90.4246154",https://ecrm3-web-uploads.s3.ap-southeast-1.amazonaws.com/Production/ecrm/Audios/Survey/cmp-146/27360146_720101744116100.mp3,10:17:43,10:26:54,0:09:11,146,BD Circle 1-2-1
Dhaka South,Dhaka South,Dhanmondi,The Jamal & Co - Dhanmondi,Mohammadpur,31885,hamzayusufrafin2025@ecrm-ims,217A,Tempoo Stand Glass Factory,Khan Store 2,12661595,7/20/2025,"23.7542167, 90.3608952",https://ecrm3-web-uploads.s3.ap-southeast-1.amazonaws.com/Production/ecrm/Audios/Survey/cmp-146/31885146_720101901799100.mp3,10:19:01,10:27:48,0:08:47,146,BD Circle 1-2-1
Dhaka North,Dhaka North,Savar,"Agrani Trading Company Ltd, Savar",Savar,18469,brdhk18469@ecrm-imsl,4A,Uttar Para Mashjid,Bismillah Store 2,12662875,7/20/2025,"23.8486829, 90.2569136",https://ecrm3-web-uploads.s3.ap-southeast-1.amazonaws.com/Production/ecrm/Audios/Survey/cmp-146/18469146_720103217680100.mp3,10:32:16,10:38:51,0:06:35,146,BD Circle 1-2-1
Dhaka South,Dhaka Central,Gulshan,"Agrani Trading Corporation, Gulshan",Gulshan,27360,asifiqbalopi@ecrm-imsl,20A,Kuril Ghatpar,Anowara Store,12664335,7/20/2025,"23.8167748, 90.424586",https://ecrm3-web-uploads.s3.ap-southeast-1.amazonaws.com/Production/ecrm/Audios/Survey/cmp-146/27360146_720103714538100.mp3,10:37:13,10:50:15,0:13:02,146,BD Circle 1-2-1
Dhaka South,Dhaka South,Dhanmondi,The Jamal & Co - Dhanmondi,Mohammadpur,31885,hamzayusufrafin2025@ecrm-ims,217A,Tempoo Stand Glass Factory,Khan Store 2,12665568,7/20/2025,"23.7542473, 90.3609011",https://ecrm3-web-uploads.s3.ap-southeast-1.amazonaws.com/Production/ecrm/Audios/Survey/cmp-146/31885146_720105255405100.mp3,10:52:54,10:59:39,0:06:45,146,BD Circle 1-2-1
Dhaka South,Dhaka South,Dhanmondi,The Jamal & Co - Dhanmondi,Mohammadpur,31885,hamzayusufrafin2025@ecrm-ims,217A,Tempoo Stand Glass Factory,Khan Store 2,12668388,7/20/2025,"23.7542651, 90.3609058",https://ecrm3-web-uploads.s3.ap-southeast-1.amazonaws.com/Production/ecrm/Audios/Survey/cmp-146/31885146_720111127502100.mp3,11:11:27,11:19:24,0:07:57,146,BD Circle 1-2-1
Dhaka South,Dhaka South,Dhanmondi,The Jamal & Co - Dhanmondi,Mohammadpur,31885,hamzayusufrafin2025@ecrm-ims,217A,Tempoo Stand Glass Factory,Khan Store 2,12671792,7/20/2025,"23.7543631, 90.360704",https://ecrm3-web-uploads.s3.ap-southeast-1.amazonaws.com/Production/ecrm/Audios/Survey/cmp-146/31885146_720113418631100.mp3,11:34:19,11:42:11,0:07:52,146,BD Circle 1-2-1
Dhaka South,Dhaka Central,Gulshan,"Agrani Trading Corporation, Gulshan",Gulshan,31069,masfiqahamedsiam@ecrm-imsl,18B,"Nippon Road, Mohakhali",Sepat Store,12673047,7/20/2025,"23.81281515, 90.42141626",https://ecrm3-web-uploads.s3.ap-southeast-1.amazonaws.com/Production/ecrm/Audios/Survey/cmp-146/31069146_720114326111100.mp3,11:42:55,11:50:31,0:07:36,146,BD Circle 1-2-1
Dhaka North,Dhaka North,Savar,"Agrani Trading Company Ltd, Savar",Savar,18469,brdhk18469@ecrm-imsl,4A,Uttar Para Mashjid,Bismillah Store 2,12675887,7/20/2025,"23.8486829, 90.2569136",https://ecrm3-web-uploads.s3.ap-southeast-1.amazonaws.com/Production/ecrm/Audios/Survey/cmp-146/18469146_720120425128100.mp3,12:04:24,12:09:33,0:05:09,146,BD Circle 1-2-1
Dhaka South,Dhaka Central,Gulshan,"Agrani Trading Corporation, Gulshan",Gulshan,31069,masfiqahamedsiam@ecrm-imsl,18B,"Nippon Road, Mohakhali",Sepat Store,12678897,7/20/2025,"23.81281515, 90.42141626",https://ecrm3-web-uploads.s3.ap-southeast-1.amazonaws.com/Production/ecrm/Audios/Survey/cmp-146/31069146_720120837515100.mp3,12:08:35,12:30:13,0:21:38,146,BD Circle 1-2-1
Dhaka North,Dhaka North,Savar,"Agrani Trading Company Ltd, Savar",Savar,18469,brdhk18469@ecrm-imsl,4A,Uttar Para Mashjid,Bismillah Store 2,12683478,7/20/2025,"23.8486829, 90.2569136",https://ecrm3-web-uploads.s3.ap-southeast-1.amazonaws.com/Production/ecrm/Audios/Survey/cmp-146/18469146_720125619372100.mp3,12:56:18,13:02:52,0:06:34,146,BD Circle 1-2-1
Dhaka North,Dhaka North,Savar,"Agrani Trading Company Ltd, Savar",Savar,18469,brdhk18469@ecrm-imsl,4A,Uttar Para Mashjid,Bismillah Store 2,12682565,7/20/2025,"23.8486829, 90.2569136",https://ecrm3-web-uploads.s3.ap-southeast-1.amazonaws.com/Production/ecrm/Audios/Survey/cmp-146/18469146_720125052272100.mp3,12:50:50,12:56:04,0:05:14,146,BD Circle 1-2-1
Dhaka North,Dhaka North,Savar,"Agrani Trading Company Ltd, Savar",Savar,18469,brdhk18469@ecrm-imsl,4A,Uttar Para Mashjid,Bismillah Store 2,12684327,7/20/2025,"23.8486829, 90.2569136",https://ecrm3-web-uploads.s3.ap-southeast-1.amazonaws.com/Production/ecrm/Audios/Survey/cmp-146/18469146_720130257620100.mp3,13:02:57,13:09:32,0:06:35,146,BD Circle 1-2-1
Khulna,Khulna,Jashore-1,M/S Azizur Rahman,Jashore Sadar,31082,brkhu29031@ecrm-imsl,106B,Fall Potty,Ali Tea,12697897,7/20/2025,"23.1269653, 89.2070721",https://ecrm3-web-uploads.s3.ap-southeast-1.amazonaws.com/Production/ecrm/Audios/Survey/cmp-146/31082146_720154021442100.mp3,15:40:19,15:50:09,0:09:50,146,BD Circle 1-2-1
Dhaka South,Dhaka Central,Gulshan,"Agrani Trading Corporation, Gulshan",Gulshan,27360,asifiqbalopi@ecrm-imsl,20A,Kuril Ghatpar,Anowara Store,12695487,7/20/2025,"23.8167601, 90.4244795",https://ecrm3-web-uploads.s3.ap-southeast-1.amazonaws.com/Production/ecrm/Audios/Survey/cmp-146/27360146_720145948624100.mp3,14:59:43,15:08:02,0:08:19,146,BD Circle 1-2-1
Dhaka South,Dhaka South,Dhanmondi,The Jamal & Co - Dhanmondi,Mohammadpur,31885,hamzayusufrafin2025@ecrm-ims,217A,Tempoo Stand Glass Factory,Khan Store 2,12700020,7/20/2025,"23.755366, 90.3602528",https://ecrm3-web-uploads.s3.ap-southeast-1.amazonaws.com/Production/ecrm/Audios/Survey/cmp-146/31885146_720162316136100.mp3,16:23:14,16:29:05,0:05:51,146,BD Circle 1-2-1
Dhaka South,Dhaka Central,Gulshan,"Agrani Trading Corporation, Gulshan",Gulshan,27360,asifiqbalopi@ecrm-imsl,20A,Kuril Ghatpar,Anowara Store,12658408,7/20/2025,"23.8126686, 90.4257532",https://ecrm3-web-uploads.s3.ap-southeast-1.amazonaws.com/Production/ecrm/Audios/Survey/cmp-146/27360146_7200939369100.mp3,9:39:34,9:48:06,0:08:32,146,BD Circle 1-2-1
Dhaka South,Dhaka Central,Gulshan,"Agrani Trading Corporation, Gulshan",Gulshan,27360,asifiqbalopi@ecrm-imsl,20A,Kuril Ghatpar,Anowara Store,12659984,7/20/2025,"23.8166182, 90.4246523",https://ecrm3-web-uploads.s3.ap-southeast-1.amazonaws.com/Production/ecrm/Audios/Survey/cmp-146/27360146_720100217815100.mp3,10:02:16,10:11:23,0:09:07,146,BD Circle 1-2-1
Dhaka South,Dhaka South,Dhanmondi,The Jamal & Co - Dhanmondi,Mohammadpur,31885,hamzayusufrafin2025@ecrm-ims,217A,Tempoo Stand Glass Factory,Khan Store 2,12660481,7/20/2025,"23.7582461, 90.3599066",https://ecrm3-web-uploads.s3.ap-southeast-1.amazonaws.com/Production/ecrm/Audios/Survey/cmp-146/31885146_7201007087100.mp3,10:07:06,10:16:56,0:09:50,146,BD Circle 1-2-1
Dhaka North,Dhaka North,Savar,"Agrani Trading Company Ltd, Savar",Savar,18469,brdhk18469@ecrm-imsl,4A,Uttar Para Mashjid,Bismillah Store 2,12662067,7/20/2025,"23.8486829, 90.2569136",https://ecrm3-web-uploads.s3.ap-southeast-1.amazonaws.com/Production/ecrm/Audios/Survey/cmp-146/18469146_720102549149100.mp3,10:25:46,10:32:09,0:06:23,146,BD Circle 1-2-1
Dhaka North,Dhaka North,Savar,"Agrani Trading Company Ltd, Savar",Savar,18469,brdhk18469@ecrm-imsl,4A,Uttar Para Mashjid,Bismillah Store 2,12661332,7/20/2025,"23.8486829, 90.2569136",https://ecrm3-web-uploads.s3.ap-southeast-1.amazonaws.com/Production/ecrm/Audios/Survey/cmp-146/18469146_720101845651100.mp3,10:18:43,10:25:25,0:06:42,146,BD Circle 1-2-1
Dhaka South,Dhaka South,Dhanmondi,The Jamal & Co - Dhanmondi,Mohammadpur,31885,hamzayusufrafin2025@ecrm-ims,217A,Tempoo Stand Glass Factory,Khan Store 2,12664468,7/20/2025,"23.7542575, 90.3609117",https://ecrm3-web-uploads.s3.ap-southeast-1.amazonaws.com/Production/ecrm/Audios/Survey/cmp-146/31885146_720104418886100.mp3,10:44:18,10:51:27,0:07:09,146,BD Circle 1-2-1
Dhaka South,Dhaka Central,Gulshan,"Agrani Trading Corporation, Gulshan",Gulshan,27360,asifiqbalopi@ecrm-imsl,20A,Kuril Ghatpar,Anowara Store,12665775,7/20/2025,"23.8165562, 90.4246256",https://ecrm3-web-uploads.s3.ap-southeast-1.amazonaws.com/Production/ecrm/Audios/Survey/cmp-146/27360146_720105207877100.mp3,10:52:06,11:01:05,0:08:59,146,BD Circle 1-2-1
Dhaka North,Dhaka North,Savar,"Agrani Trading Company Ltd, Savar",Savar,18469,brdhk18469@ecrm-imsl,4A,Uttar Para Mashjid,Bismillah Store 2,12664162,7/20/2025,"23.8486829, 90.2569136",https://ecrm3-web-uploads.s3.ap-southeast-1.amazonaws.com/Production/ecrm/Audios/Survey/cmp-146/18469146_720104014151100.mp3,10:40:12,10:48:50,0:08:38,146,BD Circle 1-2-1
Dhaka South,Dhaka Central,Gulshan,"Agrani Trading Corporation, Gulshan",Gulshan,27360,asifiqbalopi@ecrm-imsl,20A,Kuril Ghatpar,Anowara Store,12669050,7/20/2025,"23.816741, 90.4244411",https://ecrm3-web-uploads.s3.ap-southeast-1.amazonaws.com/Production/ecrm/Audios/Survey/cmp-146/27360146_720111405707100.mp3,11:14:02,11:23:59,0:09:57,146,BD Circle 1-2-1
Dhaka South,Dhaka South,Dhanmondi,The Jamal & Co - Dhanmondi,Mohammadpur,31885,hamzayusufrafin2025@ecrm-ims,217A,Tempoo Stand Glass Factory,Khan Store 2,12669389,7/20/2025,"23.7542588, 90.3608658",https://ecrm3-web-uploads.s3.ap-southeast-1.amazonaws.com/Production/ecrm/Audios/Survey/cmp-146/31885146_720111953108100.mp3,11:19:53,11:26:07,0:06:14,146,BD Circle 1-2-1
Dhaka South,Dhaka Central,Gulshan,"Agrani Trading Corporation, Gulshan",Gulshan,27360,asifiqbalopi@ecrm-imsl,20A,Kuril Ghatpar,Anowara Store,12672847,7/20/2025,"23.8167647, 90.4244829",https://ecrm3-web-uploads.s3.ap-southeast-1.amazonaws.com/Production/ecrm/Audios/Survey/cmp-146/27360146_720114146239100.mp3,11:41:44,11:49:19,0:07:35,146,BD Circle 1-2-1
Dhaka South,Dhaka South,Dhanmondi,The Jamal & Co - Dhanmondi,Mohammadpur,31885,hamzayusufrafin2025@ecrm-ims,217A,Tempoo Stand Glass Factory,Khan Store 2,12673183,7/20/2025,"23.7548016, 90.3602882",https://ecrm3-web-uploads.s3.ap-southeast-1.amazonaws.com/Production/ecrm/Audios/Survey/cmp-146/31885146_720114416299100.mp3,11:44:16,11:51:30,0:07:14,146,BD Circle 1-2-1
Dhaka South,Dhaka Central,Gulshan,"Agrani Trading Corporation, Gulshan",Gulshan,27360,asifiqbalopi@ecrm-imsl,20A,Kuril Ghatpar,Anowara Store,12674223,7/20/2025,"23.8167714, 90.4244853",https://ecrm3-web-uploads.s3.ap-southeast-1.amazonaws.com/Production/ecrm/Audios/Survey/cmp-146/27360146_720115047232100.mp3,11:50:46,11:58:37,0:07:51,146,BD Circle 1-2-1
Dhaka South,Dhaka Central,Gulshan,"Agrani Trading Corporation, Gulshan",Gulshan,27360,asifiqbalopi@ecrm-imsl,20A,Kuril Ghatpar,Anowara Store,12676537,7/20/2025,"23.8167638, 90.4245693",https://ecrm3-web-uploads.s3.ap-southeast-1.amazonaws.com/Production/ecrm/Audios/Survey/cmp-146/27360146_720120741215100.mp3,12:07:39,12:13:56,0:06:17,146,BD Circle 1-2-1
Dhaka South,Dhaka South,Dhanmondi,The Jamal & Co - Dhanmondi,Mohammadpur,31885,hamzayusufrafin2025@ecrm-ims,217A,Tempoo Stand Glass Factory,Khan Store 2,12679562,7/20/2025,"23.7543613, 90.360728",https://ecrm3-web-uploads.s3.ap-southeast-1.amazonaws.com/Production/ecrm/Audios/Survey/cmp-146/31885146_720122143885100.mp3,12:21:44,12:34:42,0:12:58,146,BD Circle 1-2-1
Dhaka South,Dhaka South,Dhanmondi,The Jamal & Co - Dhanmondi,Mohammadpur,31885,hamzayusufrafin2025@ecrm-ims,217A,Tempoo Stand Glass Factory,Khan Store 2,12680739,7/20/2025,"23.7543613, 90.360728",https://ecrm3-web-uploads.s3.ap-southeast-1.amazonaws.com/Production/ecrm/Audios/Survey/cmp-146/31885146_720123601252100.mp3,12:36:01,12:43:10,0:07:09,146,BD Circle 1-2-1
Dhaka North,Dhaka North,Savar,"Agrani Trading Company Ltd, Savar",Savar,18469,brdhk18469@ecrm-imsl,4A,Uttar Para Mashjid,Bismillah Store 2,12681148,7/20/2025,"23.8486829, 90.2569136",https://ecrm3-web-uploads.s3.ap-southeast-1.amazonaws.com/Production/ecrm/Audios/Survey/cmp-146/18469146_720124024699100.mp3,12:40:21,12:45:56,0:05:35,146,BD Circle 1-2-1
Dhaka South,Dhaka South,Dhanmondi,The Jamal & Co - Dhanmondi,Mohammadpur,31885,hamzayusufrafin2025@ecrm-ims,217A,Tempoo Stand Glass Factory,Khan Store 2,12687384,7/20/2025,"23.754257, 90.3608688",https://ecrm3-web-uploads.s3.ap-southeast-1.amazonaws.com/Production/ecrm/Audios/Survey/cmp-146/31885146_720132727225100.mp3,13:27:27,13:33:56,0:06:29,146,BD Circle 1-2-1
Dhaka South,Dhaka South,Dhanmondi,The Jamal & Co - Dhanmondi,Mohammadpur,31885,hamzayusufrafin2025@ecrm-ims,217A,Tempoo Stand Glass Factory,Khan Store 2,12700399,7/20/2025,"23.755366, 90.3602528",https://ecrm3-web-uploads.s3.ap-southeast-1.amazonaws.com/Production/ecrm/Audios/Survey/cmp-146/31885146_720162910879100.mp3,16:29:10,16:36:15,0:07:05,146,BD Circle 1-2-1
Rajshahi,Rangpur,Rangpur,"Shaireen Enterprise, Rangpur",Rangpur,31717,brraj17@ecrm-ims,3D,Juger Alo,Besshas Store,12697023,7/20/2025,"25.7321642, 89.2482563",https://ecrm3-web-uploads.s3.ap-southeast-1.amazonaws.com/Production/ecrm/Audios/Survey/cmp-146/31717146_720152309778100.mp3,15:23:09,15:34:15,0:11:06,146,BD Circle 1-2-1
Dhaka South,Dhaka South,Dhanmondi,The Jamal & Co - Dhanmondi,Mohammadpur,31885,hamzayusufrafin2025@ecrm-ims,217A,Tempoo Stand Glass Factory,Khan Store 2,12698943,7/20/2025,"23.755366, 90.3602528",https://ecrm3-web-uploads.s3.ap-southeast-1.amazonaws.com/Production/ecrm/Audios/Survey/cmp-146/31885146_720155920563100.mp3,15:59:21,16:10:16,0:10:55,146,BD Circle 1-2-1
Barishal,Faridpur,Faridpur,AKHTER ENTERPRISE,Faridpur (KHU),31745,refathossen@ecrm-ims,125B,T.T.C Mor,Narayan Store,12658144,7/20/2025,"23.6015987, 89.8456359",https://ecrm3-web-uploads.s3.ap-southeast-1.amazonaws.com/Production/ecrm/Audios/Survey/cmp-146/31745146_720093418673100.mp3,9:34:15,9:42:27,0:08:12,146,BD Circle 1-2-1
Dhaka South,Dhaka South,Kotwali (DHK),Alam Corporation Ltd.,Kamrangirchar,31852,mdroman12345@ecrm-imsl,206A,HASAN NAGAR ROAD,Sojib Store,12660714,7/20/2025,"23.7197643, 90.3669812",https://ecrm3-web-uploads.s3.ap-southeast-1.amazonaws.com/Production/ecrm/Audios/Survey/cmp-146/31852146_720101329222100.mp3,10:13:27,10:19:11,0:05:44,146,BD Circle 1-2-1
Dhaka South,Dhaka Central,Motijheel,"Agrani Trading Corporation, Mogbazar",Motijheel,11423,abdullahalmamunminhaz10250@ecrm-imsl,11A,Kamlapur South,Ettadi Store,12659439,7/20/2025,"23.7260304, 90.4357826",https://ecrm3-web-uploads.s3.ap-southeast-1.amazonaws.com/Production/ecrm/Audios/Survey/cmp-146/11423146_720095510439100.mp3,9:55:08,10:04:14,0:09:06,146,BD Circle 1-2-1
Dhaka South,Dhaka Central,Motijheel,"Agrani Trading Corporation, Mogbazar",Motijheel,11423,abdullahalmamunminhaz10250@ecrm-imsl,11A,Kamlapur South,Ettadi Store,12661572,7/20/2025,"23.7260304, 90.4357826",https://ecrm3-web-uploads.s3.ap-southeast-1.amazonaws.com/Production/ecrm/Audios/Survey/cmp-146/11423146_720102114833100.mp3,10:21:10,10:27:38,0:06:28,146,BD Circle 1-2-1
Dhaka South,Dhaka Central,Motijheel,"Agrani Trading Corporation, Mogbazar",Motijheel,11423,abdullahalmamunminhaz10250@ecrm-imsl,11A,Kamlapur South,Ettadi Store,12662555,7/20/2025,"23.7260304, 90.4357826",https://ecrm3-web-uploads.s3.ap-southeast-1.amazonaws.com/Production/ecrm/Audios/Survey/cmp-146/11423146_720102747647100.mp3,10:27:46,10:36:22,0:08:36,146,BD Circle 1-2-1
Dhaka North,Dhaka West,Tongi,Azahar Trading Ltd.,Board Bazar,28960,rafi000@ecrm-imsl,9B,T.M.M.C,Jibon Store,12662732,7/20/2025,"23.941831, 90.3838719",https://ecrm3-web-uploads.s3.ap-southeast-1.amazonaws.com/Production/ecrm/Audios/Survey/cmp-146/28960146_72010293699100.mp3,10:29:26,10:37:46,0:08:20,146,BD Circle 1-2-1
Dhaka South,Dhaka South,Kotwali (DHK),Alam Corporation Ltd.,Kamrangirchar,31852,mdroman12345@ecrm-imsl,206A,HASAN NAGAR ROAD,Sojib Store,12665617,7/20/2025,"23.7214053, 90.3661167",https://ecrm3-web-uploads.s3.ap-southeast-1.amazonaws.com/Production/ecrm/Audios/Survey/cmp-146/31852146_720105331588100.mp3,10:53:30,11:00:02,0:06:32,146,BD Circle 1-2-1
Dhaka North,Dhaka West,Tongi,Azahar Trading Ltd.,Board Bazar,28960,rafi000@ecrm-imsl,9B,T.M.M.C,Jibon Store,12667983,7/20/2025,"23.9186192, 90.3615811",https://ecrm3-web-uploads.s3.ap-southeast-1.amazonaws.com/Production/ecrm/Audios/Survey/cmp-146/28960146_720110718491100.mp3,11:07:17,11:16:35,0:09:18,146,BD Circle 1-2-1
Dhaka South,Dhaka South,Kotwali (DHK),Alam Corporation Ltd.,Kamrangirchar,31852,mdroman12345@ecrm-imsl,206A,HASAN NAGAR ROAD,Sojib Store,12672147,7/20/2025,"23.7211224, 90.3660186",https://ecrm3-web-uploads.s3.ap-southeast-1.amazonaws.com/Production/ecrm/Audios/Survey/cmp-146/31852146_720113823890100.mp3,11:38:20,11:44:30,0:06:10,146,BD Circle 1-2-1
Dhaka North,Dhaka West,Tongi,Azahar Trading Ltd.,Board Bazar,28960,rafi000@ecrm-imsl,9B,T.M.M.C,Jibon Store,12673642,7/20/2025,"23.9182459, 90.3637456",https://ecrm3-web-uploads.s3.ap-southeast-1.amazonaws.com/Production/ecrm/Audios/Survey/cmp-146/28960146_720114628533100.mp3,11:46:27,11:54:34,0:08:07,146,BD Circle 1-2-1
Dhaka South,Dhaka Central,Motijheel,"Agrani Trading Corporation, Mogbazar",Motijheel,11423,abdullahalmamunminhaz10250@ecrm-imsl,11A,Kamlapur South,Ettadi Store,12673767,7/20/2025,"23.7260304, 90.4357826",https://ecrm3-web-uploads.s3.ap-southeast-1.amazonaws.com/Production/ecrm/Audios/Survey/cmp-146/11423146_72011504439100.mp3,11:50:43,11:55:31,0:04:48,146,BD Circle 1-2-1
Dhaka South,Dhaka South,Kotwali (DHK),Alam Corporation Ltd.,Kamrangirchar,31852,mdroman12345@ecrm-imsl,206A,HASAN NAGAR ROAD,Sojib Store,12674078,7/20/2025,"23.7210216, 90.3661004",https://ecrm3-web-uploads.s3.ap-southeast-1.amazonaws.com/Production/ecrm/Audios/Survey/cmp-146/31852146_720115156736100.mp3,11:51:56,11:57:28,0:05:32,146,BD Circle 1-2-1
Dhaka South,Dhaka Central,Motijheel,"Agrani Trading Corporation, Mogbazar",Motijheel,11423,abdullahalmamunminhaz10250@ecrm-imsl,11A,Kamlapur South,Ettadi Store,12676212,7/20/2025,"23.7260304, 90.4357826",https://ecrm3-web-uploads.s3.ap-southeast-1.amazonaws.com/Production/ecrm/Audios/Survey/cmp-146/11423146_720120106881100.mp3,12:01:05,12:11:38,0:10:33,146,BD Circle 1-2-1
Rajshahi,Rangpur,Saidpur,"Shaireen Enterprise, Nilphamary",Saidpur,31926,mamunhasan1997@ecrm-ims,3B,10-Amin More,Anisur Store,12698356,7/20/2025,"25.7885063, 88.8869682",https://ecrm3-web-uploads.s3.ap-southeast-1.amazonaws.com/Production/ecrm/Audios/Survey/cmp-150/31926150_720154203314100.mp3,15:42:02,15:59:19,0:17:17,150,Breakstation Event Summer'25
Rajshahi,Rangpur,Saidpur,"Shaireen Enterprise, Nilphamary",Saidpur,33228,nurbrraj579@ecrm-ims,3B,10-Amin More,Anisur Store,12696490,7/20/2025,"25.7885306, 88.8869698",https://ecrm3-web-uploads.s3.ap-southeast-1.amazonaws.com/Production/ecrm/Audios/Survey/cmp-150/33228150_720151614670100.mp3,15:16:08,15:24:33,0:08:25,150,Breakstation Event Summer'25
Rajshahi,Rangpur,Saidpur,"Shaireen Enterprise, Nilphamary",Saidpur,31926,mamunhasan1997@ecrm-ims,3B,10-Amin More,Anisur Store,12699262,7/20/2025,"25.7885175, 88.8869707",https://ecrm3-web-uploads.s3.ap-southeast-1.amazonaws.com/Production/ecrm/Audios/Survey/cmp-150/31926150_720160742687100.mp3,16:07:35,16:15:36,0:08:01,150,Breakstation Event Summer'25
Rajshahi,Rangpur,Saidpur,"Shaireen Enterprise, Nilphamary",Saidpur,33228,nurbrraj579@ecrm-ims,3B,10-Amin More,Anisur Store,12699276,7/20/2025,"25.7885168, 88.8869741",https://ecrm3-web-uploads.s3.ap-southeast-1.amazonaws.com/Production/ecrm/Audios/Survey/cmp-150/33228150_720160746847100.mp3,16:07:22,16:16:00,0:08:38,150,Breakstation Event Summer'25
Rajshahi,Rangpur,Lalmonirhat,Asiatic Distributions Limited – Lalmonirhat,Hatibandha,33253,mrityunjoy2005@ecrm-ims,38B,Holdibary Pam,Anower Store,12701011,7/20/2025,"26.104914, 89.1413374",https://ecrm3-web-uploads.s3.ap-southeast-1.amazonaws.com/Production/ecrm/Audios/Survey/cmp-150/33253150_720164153512100.mp3,16:44:11,16:48:53,0:04:42,150,Breakstation Event Summer'25
Khulna,Kushtia,Jhenaidah,Sanaullah Traders,Kotchandpur,32700,brkhu490541@ecrm-imsl,602A,Kotchandpur Bus Stand,Abir Store,12657600,7/20/2025,"23.4102146, 89.0132493",https://ecrm3-web-uploads.s3.ap-southeast-1.amazonaws.com/Production/ecrm/Audios/Survey/cmp-150/32700150_720091927735100.mp3,9:19:25,9:24:02,0:04:37,150,Breakstation Event Summer'25
Khulna,Kushtia,Jhenaidah,Sanaullah Traders,Kotchandpur,19929,brkhu19929@ecrm-imsl,602A,Kotchandpur Bus Stand,Abir Store,12658407,7/20/2025,"23.4134444, 89.0104507",https://ecrm3-web-uploads.s3.ap-southeast-1.amazonaws.com/Production/ecrm/Audios/Survey/cmp-150/19929150_72009411093100.mp3,9:41:09,9:48:06,0:06:57,150,Breakstation Event Summer'25
Khulna,Kushtia,Jhenaidah,Sanaullah Traders,Kotchandpur,32700,brkhu490541@ecrm-imsl,602A,Kotchandpur Bus Stand,Abir Store,12658480,7/20/2025,"23.4134424, 89.0103861",https://ecrm3-web-uploads.s3.ap-southeast-1.amazonaws.com/Production/ecrm/Audios/Survey/cmp-150/32700150_720094649566100.mp3,9:46:48,9:49:42,0:02:54,150,Breakstation Event Summer'25
Khulna,Kushtia,Jhenaidah,Sanaullah Traders,Kotchandpur,32700,brkhu490541@ecrm-imsl,602A,Kotchandpur Bus Stand,Abir Store,12659488,7/20/2025,"23.4134368, 89.0103853",https://ecrm3-web-uploads.s3.ap-southeast-1.amazonaws.com/Production/ecrm/Audios/Survey/cmp-150/32700150_720095926668100.mp3,9:59:25,10:05:01,0:05:36,150,Breakstation Event Summer'25
Khulna,Kushtia,Jhenaidah,Sanaullah Traders,Kotchandpur,32700,brkhu490541@ecrm-imsl,602A,Kotchandpur Bus Stand,Abir Store,12660342,7/20/2025,"23.4134424, 89.0103954",https://ecrm3-web-uploads.s3.ap-southeast-1.amazonaws.com/Production/ecrm/Audios/Survey/cmp-150/32700150_720101101285100.mp3,10:10:58,10:15:22,0:04:24,150,Breakstation Event Summer'25
Khulna,Kushtia,Jhenaidah,Sanaullah Traders,Kotchandpur,19929,brkhu19929@ecrm-imsl,602A,Kotchandpur Bus Stand,Abir Store,12660767,7/20/2025,"23.4134416, 89.0103869",https://ecrm3-web-uploads.s3.ap-southeast-1.amazonaws.com/Production/ecrm/Audios/Survey/cmp-150/19929150_720101506463100.mp3,10:15:05,10:19:50,0:04:45,150,Breakstation Event Summer'25
Rajshahi,Rangpur,Lalmonirhat,Asiatic Distributions Limited – Lalmonirhat,Hatibandha,33250,mahin1999@ecrm-ims,38B,Holdibary Pam,Anower Store,12662461,7/20/2025,"26.1046825, 89.1413077",https://ecrm3-web-uploads.s3.ap-southeast-1.amazonaws.com/Production/ecrm/Audios/Survey/cmp-150/33250150_720103127803100.mp3,10:32:44,10:35:30,0:02:46,150,Breakstation Event Summer'25
Khulna,Kushtia,Jhenaidah,Sanaullah Traders,Kotchandpur,32700,brkhu490541@ecrm-imsl,602A,Kotchandpur Bus Stand,Abir Store,12664486,7/20/2025,"23.4134753, 89.0105588",https://ecrm3-web-uploads.s3.ap-southeast-1.amazonaws.com/Production/ecrm/Audios/Survey/cmp-150/32700150_720104750183100.mp3,10:47:49,10:51:37,0:03:48,150,Breakstation Event Summer'25
Rajshahi,Rangpur,Lalmonirhat,Asiatic Distributions Limited – Lalmonirhat,Hatibandha,33250,mahin1999@ecrm-ims,38B,Holdibary Pam,Anower Store,12662985,7/20/2025,"26.1047579, 89.1413433",https://ecrm3-web-uploads.s3.ap-southeast-1.amazonaws.com/Production/ecrm/Audios/Survey/cmp-150/33250150_720103526520100.mp3,10:36:43,10:39:49,0:03:06,150,Breakstation Event Summer'25
Rajshahi,Rangpur,Lalmonirhat,Asiatic Distributions Limited – Lalmonirhat,Hatibandha,33253,mrityunjoy2005@ecrm-ims,38B,Holdibary Pam,Anower Store,12663122,7/20/2025,"26.1046755, 89.1413057",https://ecrm3-web-uploads.s3.ap-southeast-1.amazonaws.com/Production/ecrm/Audios/Survey/cmp-150/33253150_720103427295100.mp3,10:36:47,10:40:52,0:04:05,150,Breakstation Event Summer'25
Rajshahi,Rangpur,Lalmonirhat,Asiatic Distributions Limited – Lalmonirhat,Hatibandha,33253,mrityunjoy2005@ecrm-ims,38B,Holdibary Pam,Anower Store,12664550,7/20/2025,"26.10496418, 89.14115357",https://ecrm3-web-uploads.s3.ap-southeast-1.amazonaws.com/Production/ecrm/Audios/Survey/cmp-150/33253150_720104319200100.mp3,10:43:17,10:52:08,0:08:51,150,Breakstation Event Summer'25
Khulna,Kushtia,Jhenaidah,Sanaullah Traders,Kotchandpur,19929,brkhu19929@ecrm-imsl,602A,Kotchandpur Bus Stand,Abir Store,12663221,7/20/2025,"23.4134416, 89.0103947",https://ecrm3-web-uploads.s3.ap-southeast-1.amazonaws.com/Production/ecrm/Audios/Survey/cmp-150/19929150_720103629892100.mp3,10:36:28,10:41:42,0:05:14,150,Breakstation Event Summer'25
Rajshahi,Rangpur,Lalmonirhat,Asiatic Distributions Limited – Lalmonirhat,Hatibandha,33250,mahin1999@ecrm-ims,38B,Holdibary Pam,Anower Store,12663483,7/20/2025,"26.1047397, 89.1413345",https://ecrm3-web-uploads.s3.ap-southeast-1.amazonaws.com/Production/ecrm/Audios/Survey/cmp-150/33250150_72010385743100.mp3,10:38:55,10:43:55,0:05:00,150,Breakstation Event Summer'25
Khulna,Kushtia,Jhenaidah,Sanaullah Traders,Kotchandpur,32700,brkhu490541@ecrm-imsl,602A,Kotchandpur Bus Stand,Abir Store,12663987,7/20/2025,"23.4134429, 89.0105548",https://ecrm3-web-uploads.s3.ap-southeast-1.amazonaws.com/Production/ecrm/Audios/Survey/cmp-150/32700150_720104439792100.mp3,10:44:38,10:47:43,0:03:05,150,Breakstation Event Summer'25
Rajshahi,Rangpur,Saidpur,"Shaireen Enterprise, Nilphamary",Saidpur,31926,mamunhasan1997@ecrm-ims,3B,10-Amin More,Anisur Store,12665108,7/20/2025,"25.7885224, 88.8869698",https://ecrm3-web-uploads.s3.ap-southeast-1.amazonaws.com/Production/ecrm/Audios/Survey/cmp-150/31926150_720104729283100.mp3,10:47:29,10:56:07,0:08:38,150,Breakstation Event Summer'25
Rajshahi,Rangpur,Lalmonirhat,Asiatic Distributions Limited – Lalmonirhat,Hatibandha,33253,mrityunjoy2005@ecrm-ims,38B,Holdibary Pam,Anower Store,12665268,7/20/2025,"26.10489689, 89.14131785",https://ecrm3-web-uploads.s3.ap-southeast-1.amazonaws.com/Production/ecrm/Audios/Survey/cmp-150/33253150_720104953898100.mp3,10:52:13,10:57:25,0:05:12,150,Breakstation Event Summer'25
Khulna,Kushtia,Jhenaidah,Sanaullah Traders,Kotchandpur,19929,brkhu19929@ecrm-imsl,602A,Kotchandpur Bus Stand,Abir Store,12665535,7/20/2025,"23.4134324, 89.010503",https://ecrm3-web-uploads.s3.ap-southeast-1.amazonaws.com/Production/ecrm/Audios/Survey/cmp-150/19929150_720105645292100.mp3,10:56:44,10:59:28,0:02:44,150,Breakstation Event Summer'25
Rajshahi,Rangpur,Lalmonirhat,Asiatic Distributions Limited – Lalmonirhat,Hatibandha,33253,mrityunjoy2005@ecrm-ims,38B,Holdibary Pam,Anower Store,12665902,7/20/2025,"26.10477266, 89.14116637",https://ecrm3-web-uploads.s3.ap-southeast-1.amazonaws.com/Production/ecrm/Audios/Survey/cmp-150/33253150_72010553213100.mp3,10:55:29,11:01:55,0:06:26,150,Breakstation Event Summer'25
Khulna,Kushtia,Jhenaidah,Sanaullah Traders,Kotchandpur,32700,brkhu490541@ecrm-imsl,602A,Kotchandpur Bus Stand,Abir Store,12666032,7/20/2025,"23.4134455, 89.0104386",https://ecrm3-web-uploads.s3.ap-southeast-1.amazonaws.com/Production/ecrm/Audios/Survey/cmp-150/32700150_720105355106100.mp3,10:53:54,11:02:49,0:08:55,150,Breakstation Event Summer'25
Rajshahi,Rangpur,Lalmonirhat,Asiatic Distributions Limited – Lalmonirhat,Hatibandha,33250,mahin1999@ecrm-ims,38B,Holdibary Pam,Anower Store,12666845,7/20/2025,"26.1046954, 89.1413126",https://ecrm3-web-uploads.s3.ap-southeast-1.amazonaws.com/Production/ecrm/Audios/Survey/cmp-150/33250150_720110351813100.mp3,11:05:09,11:08:35,0:03:26,150,Breakstation Event Summer'25
Rajshahi,Rangpur,Lalmonirhat,Asiatic Distributions Limited – Lalmonirhat,Hatibandha,33253,mrityunjoy2005@ecrm-ims,38B,Holdibary Pam,Anower Store,12670265,7/20/2025,"26.10501078, 89.14142681",https://ecrm3-web-uploads.s3.ap-southeast-1.amazonaws.com/Production/ecrm/Audios/Survey/cmp-150/33253150_720112540504100.mp3,11:28:00,11:32:07,0:04:07,150,Breakstation Event Summer'25
Rajshahi,Rangpur,Lalmonirhat,Asiatic Distributions Limited – Lalmonirhat,Hatibandha,33250,mahin1999@ecrm-ims,38B,Holdibary Pam,Anower Store,12670283,7/20/2025,"26.1048166, 89.1413569",https://ecrm3-web-uploads.s3.ap-southeast-1.amazonaws.com/Production/ecrm/Audios/Survey/cmp-150/33250150_720112557862100.mp3,11:27:14,11:32:14,0:05:00,150,Breakstation Event Summer'25
Rajshahi,Rangpur,Lalmonirhat,Asiatic Distributions Limited – Lalmonirhat,Hatibandha,33250,mahin1999@ecrm-ims,38B,Holdibary Pam,Anower Store,12670773,7/20/2025,"26.1047361, 89.1413335",https://ecrm3-web-uploads.s3.ap-southeast-1.amazonaws.com/Production/ecrm/Audios/Survey/cmp-150/33250150_72011310036100.mp3,11:32:17,11:35:16,0:02:59,150,Breakstation Event Summer'25
Khulna,Kushtia,Jhenaidah,Sanaullah Traders,Kotchandpur,19929,brkhu19929@ecrm-imsl,602A,Kotchandpur Bus Stand,Abir Store,12671425,7/20/2025,"23.4134802, 89.0105278",https://ecrm3-web-uploads.s3.ap-southeast-1.amazonaws.com/Production/ecrm/Audios/Survey/cmp-150/19929150_720113631733100.mp3,11:36:30,11:39:55,0:03:25,150,Breakstation Event Summer'25
Rajshahi,Rangpur,Lalmonirhat,Asiatic Distributions Limited – Lalmonirhat,Hatibandha,33250,mahin1999@ecrm-ims,38B,Holdibary Pam,Anower Store,12673110,7/20/2025,"26.1047593, 89.1413423",https://ecrm3-web-uploads.s3.ap-southeast-1.amazonaws.com/Production/ecrm/Audios/Survey/cmp-150/33250150_720114630651100.mp3,11:45:10,11:51:00,0:05:50,150,Breakstation Event Summer'25
Khulna,Kushtia,Jhenaidah,Sanaullah Traders,Kotchandpur,32700,brkhu490541@ecrm-imsl,602A,Kotchandpur Bus Stand,Abir Store,12673582,7/20/2025,"23.4134731, 89.0105387",https://ecrm3-web-uploads.s3.ap-southeast-1.amazonaws.com/Production/ecrm/Audios/Survey/cmp-150/32700150_720115038299100.mp3,11:50:37,11:54:10,0:03:33,150,Breakstation Event Summer'25
Khulna,Kushtia,Jhenaidah,Sanaullah Traders,Kotchandpur,19929,brkhu19929@ecrm-imsl,602A,Kotchandpur Bus Stand,Abir Store,12673629,7/20/2025,"23.4134523, 89.0104707",https://ecrm3-web-uploads.s3.ap-southeast-1.amazonaws.com/Production/ecrm/Audios/Survey/cmp-150/19929150_720115149739100.mp3,11:51:48,11:54:31,0:02:43,150,Breakstation Event Summer'25
Barishal,Faridpur,Rajbari,M/S Tarik Ahmed Dipu (Rajbari),Pangsha,30716,brkhu33311@ecrm-ims,202B,Bangladesh Hat,Sorot Store,12674064,7/20/2025,"23.7561935, 89.4580629",https://ecrm3-web-uploads.s3.ap-southeast-1.amazonaws.com/Production/ecrm/Audios/Survey/cmp-150/30716150_720115256752100.mp3,11:52:54,11:57:27,0:04:33,150,Breakstation Event Summer'25
Rajshahi,Rangpur,Lalmonirhat,Asiatic Distributions Limited – Lalmonirhat,Hatibandha,33250,mahin1999@ecrm-ims,38B,Holdibary Pam,Anower Store,12675354,7/20/2025,"26.1047499, 89.1413379",https://ecrm3-web-uploads.s3.ap-southeast-1.amazonaws.com/Production/ecrm/Audios/Survey/cmp-150/33250150_72012014783100.mp3,12:03:03,12:06:08,0:03:05,150,Breakstation Event Summer'25
Rajshahi,Rangpur,Saidpur,"Shaireen Enterprise, Nilphamary",Saidpur,31926,mamunhasan1997@ecrm-ims,3B,10-Amin More,Anisur Store,12678178,7/20/2025,"25.7885241, 88.8869637",https://ecrm3-web-uploads.s3.ap-southeast-1.amazonaws.com/Production/ecrm/Audios/Survey/cmp-150/31926150_720121020765100.mp3,12:10:20,12:24:49,0:14:29,150,Breakstation Event Summer'25
Rajshahi,Rangpur,Lalmonirhat,Asiatic Distributions Limited – Lalmonirhat,Hatibandha,33250,mahin1999@ecrm-ims,38B,Holdibary Pam,Anower Store,12679580,7/20/2025,"26.1047511, 89.1413388",https://ecrm3-web-uploads.s3.ap-southeast-1.amazonaws.com/Production/ecrm/Audios/Survey/cmp-150/33250150_72012301891100.mp3,12:31:32,12:35:05,0:03:33,150,Breakstation Event Summer'25
Khulna,Kushtia,Jhenaidah,Sanaullah Traders,Kotchandpur,19929,brkhu19929@ecrm-imsl,602A,Kotchandpur Bus Stand,Abir Store,12680911,7/20/2025,"23.413462, 89.0105176",https://ecrm3-web-uploads.s3.ap-southeast-1.amazonaws.com/Production/ecrm/Audios/Survey/cmp-150/19929150_720123322295100.mp3,12:33:20,12:44:22,0:11:02,150,Breakstation Event Summer'25
Rajshahi,Rangpur,Lalmonirhat,Asiatic Distributions Limited – Lalmonirhat,Hatibandha,33253,mrityunjoy2005@ecrm-ims,38B,Holdibary Pam,Anower Store,12680970,7/20/2025,"26.10503376, 89.14128817",https://ecrm3-web-uploads.s3.ap-southeast-1.amazonaws.com/Production/ecrm/Audios/Survey/cmp-150/33253150_72012380721100.mp3,12:38:00,12:44:50,0:06:50,150,Breakstation Event Summer'25
Rajshahi,Rangpur,Saidpur,"Shaireen Enterprise, Nilphamary",Saidpur,31926,mamunhasan1997@ecrm-ims,3B,10-Amin More,Anisur Store,12682562,7/20/2025,"25.7885018, 88.8869648",https://ecrm3-web-uploads.s3.ap-southeast-1.amazonaws.com/Production/ecrm/Audios/Survey/cmp-150/31926150_720124842310100.mp3,12:48:39,12:56:04,0:07:25,150,Breakstation Event Summer'25
Rajshahi,Rangpur,Lalmonirhat,Asiatic Distributions Limited – Lalmonirhat,Hatibandha,33253,mrityunjoy2005@ecrm-ims,38B,Holdibary Pam,Anower Store,12684040,7/20/2025,"26.10495753, 89.14120559",https://ecrm3-web-uploads.s3.ap-southeast-1.amazonaws.com/Production/ecrm/Audios/Survey/cmp-150/33253150_720130031682100.mp3,13:02:51,13:07:12,0:04:21,150,Breakstation Event Summer'25
Rajshahi,Rangpur,Lalmonirhat,Asiatic Distributions Limited – Lalmonirhat,Hatibandha,33250,mahin1999@ecrm-ims,38B,Holdibary Pam,Anower Store,12684447,7/20/2025,"26.1047564, 89.1413375",https://ecrm3-web-uploads.s3.ap-southeast-1.amazonaws.com/Production/ecrm/Audios/Survey/cmp-150/33250150_720130530344100.mp3,13:06:47,13:10:19,0:03:32,150,Breakstation Event Summer'25
Khulna,Kushtia,Jhenaidah,Sanaullah Traders,Kotchandpur,19929,brkhu19929@ecrm-imsl,602A,Kotchandpur Bus Stand,Abir Store,12684644,7/20/2025,"23.4134392, 89.0103553",https://ecrm3-web-uploads.s3.ap-southeast-1.amazonaws.com/Production/ecrm/Audios/Survey/cmp-150/19929150_720130909535100.mp3,13:09:07,13:11:56,0:02:49,150,Breakstation Event Summer'25
Khulna,Kushtia,Jhenaidah,Sanaullah Traders,Kotchandpur,19929,brkhu19929@ecrm-imsl,602A,Kotchandpur Bus Stand,Abir Store,12685352,7/20/2025,"23.4134509, 89.0103723",https://ecrm3-web-uploads.s3.ap-southeast-1.amazonaws.com/Production/ecrm/Audios/Survey/cmp-150/19929150_720131459719100.mp3,13:14:58,13:17:31,0:02:33,150,Breakstation Event Summer'25
Rajshahi,Rangpur,Lalmonirhat,Asiatic Distributions Limited – Lalmonirhat,Hatibandha,33253,mrityunjoy2005@ecrm-ims,38B,Holdibary Pam,Anower Store,12685511,7/20/2025,"26.10501181, 89.1412009",https://ecrm3-web-uploads.s3.ap-southeast-1.amazonaws.com/Production/ecrm/Audios/Survey/cmp-150/33253150_720131240642100.mp3,13:15:00,13:19:01,0:04:01,150,Breakstation Event Summer'25
Rajshahi,Rangpur,Saidpur,"Shaireen Enterprise, Nilphamary",Saidpur,31926,mamunhasan1997@ecrm-ims,3B,10-Amin More,Anisur Store,12685773,7/20/2025,"25.7885066, 88.8869676",https://ecrm3-web-uploads.s3.ap-southeast-1.amazonaws.com/Production/ecrm/Audios/Survey/cmp-150/31926150_720131010473100.mp3,13:10:11,13:21:26,0:11:15,150,Breakstation Event Summer'25
Rajshahi,Rangpur,Saidpur,"Shaireen Enterprise, Nilphamary",Saidpur,33228,nurbrraj579@ecrm-ims,3B,10-Amin More,Anisur Store,12685780,7/20/2025,"25.7885153, 88.8869617",https://ecrm3-web-uploads.s3.ap-southeast-1.amazonaws.com/Production/ecrm/Audios/Survey/cmp-150/33228150_720131124528100.mp3,13:11:21,13:21:28,0:10:07,150,Breakstation Event Summer'25
Rajshahi,Rangpur,Saidpur,"Shaireen Enterprise, Nilphamary",Saidpur,33228,nurbrraj579@ecrm-ims,3B,10-Amin More,Anisur Store,12686816,7/20/2025,"25.7885135, 88.8869746",https://ecrm3-web-uploads.s3.ap-southeast-1.amazonaws.com/Production/ecrm/Audios/Survey/cmp-150/33228150_720132429162100.mp3,13:24:28,13:30:09,0:05:41,150,Breakstation Event Summer'25
Rajshahi,Rangpur,Saidpur,"Shaireen Enterprise, Nilphamary",Saidpur,31926,mamunhasan1997@ecrm-ims,3B,10-Amin More,Anisur Store,12687141,7/20/2025,"25.7885144, 88.8869731",https://ecrm3-web-uploads.s3.ap-southeast-1.amazonaws.com/Production/ecrm/Audios/Survey/cmp-150/31926150_720132214812100.mp3,13:22:14,13:33:20,0:11:06,150,Breakstation Event Summer'25
Barishal,Faridpur,Rajbari,M/S Tarik Ahmed Dipu (Rajbari),Pangsha,33259,roman100@ecrm-imsl,202B,Bangladesh Hat,Sorot Store,12687746,7/20/2025,"23.83532978, 89.42137446",https://ecrm3-web-uploads.s3.ap-southeast-1.amazonaws.com/Production/ecrm/Audios/Survey/cmp-150/33259150_720133425663100.mp3,13:34:24,13:38:59,0:04:35,150,Breakstation Event Summer'25
Rajshahi,Rangpur,Saidpur,"Shaireen Enterprise, Nilphamary",Saidpur,31926,mamunhasan1997@ecrm-ims,3B,10-Amin More,Anisur Store,12687944,7/20/2025,"25.7885028, 88.8869777",https://ecrm3-web-uploads.s3.ap-southeast-1.amazonaws.com/Production/ecrm/Audios/Survey/cmp-150/31926150_720133324834100.mp3,13:33:23,13:41:04,0:07:41,150,Breakstation Event Summer'25
Rajshahi,Rangpur,Lalmonirhat,Asiatic Distributions Limited – Lalmonirhat,Hatibandha,33253,mrityunjoy2005@ecrm-ims,38B,Holdibary Pam,Anower Store,12688238,7/20/2025,"26.1047648, 89.1413455",https://ecrm3-web-uploads.s3.ap-southeast-1.amazonaws.com/Production/ecrm/Audios/Survey/cmp-150/33253150_720133815278100.mp3,13:40:35,13:43:56,0:03:21,150,Breakstation Event Summer'25
Rajshahi,Rangpur,Saidpur,"Shaireen Enterprise, Nilphamary",Saidpur,33228,nurbrraj579@ecrm-ims,3B,10-Amin More,Anisur Store,12689566,7/20/2025,"25.7885171, 88.8869695",https://ecrm3-web-uploads.s3.ap-southeast-1.amazonaws.com/Production/ecrm/Audios/Survey/cmp-150/33228150_720134949266100.mp3,13:49:47,13:56:59,0:07:12,150,Breakstation Event Summer'25
Rajshahi,Rangpur,Saidpur,"Shaireen Enterprise, Nilphamary",Saidpur,31926,mamunhasan1997@ecrm-ims,3B,10-Amin More,Anisur Store,12690170,7/20/2025,"25.7885195, 88.8869626",https://ecrm3-web-uploads.s3.ap-southeast-1.amazonaws.com/Production/ecrm/Audios/Survey/cmp-150/31926150_720135642580100.mp3,13:56:41,14:03:15,0:06:34,150,Breakstation Event Summer'25
Rajshahi,Rangpur,Saidpur,"Shaireen Enterprise, Nilphamary",Saidpur,33228,nurbrraj579@ecrm-ims,3B,10-Amin More,Anisur Store,12690190,7/20/2025,"25.7885099, 88.8869715",https://ecrm3-web-uploads.s3.ap-southeast-1.amazonaws.com/Production/ecrm/Audios/Survey/cmp-150/33228150_720135729667100.mp3,13:57:12,14:03:30,0:06:18,150,Breakstation Event Summer'25
Rajshahi,Rangpur,Lalmonirhat,Asiatic Distributions Limited – Lalmonirhat,Hatibandha,33250,mahin1999@ecrm-ims,38B,Holdibary Pam,Anower Store,12690328,7/20/2025,"26.1047736, 89.1413476",https://ecrm3-web-uploads.s3.ap-southeast-1.amazonaws.com/Production/ecrm/Audios/Survey/cmp-150/33250150_720140012334100.mp3,14:01:30,14:04:53,0:03:23,150,Breakstation Event Summer'25
Rajshahi,Rangpur,Lalmonirhat,Asiatic Distributions Limited – Lalmonirhat,Hatibandha,33253,mrityunjoy2005@ecrm-ims,38B,Holdibary Pam,Anower Store,12690615,7/20/2025,"26.1047, 89.1413125",https://ecrm3-web-uploads.s3.ap-southeast-1.amazonaws.com/Production/ecrm/Audios/Survey/cmp-150/33253150_720135952673100.mp3,14:02:13,14:07:41,0:05:28,150,Breakstation Event Summer'25
Rajshahi,Rangpur,Lalmonirhat,Asiatic Distributions Limited – Lalmonirhat,Hatibandha,33250,mahin1999@ecrm-ims,38B,Holdibary Pam,Anower Store,12691002,7/20/2025,"26.1047169, 89.1413237",https://ecrm3-web-uploads.s3.ap-southeast-1.amazonaws.com/Production/ecrm/Audios/Survey/cmp-150/33250150_720140704820100.mp3,14:08:21,14:11:58,0:03:37,150,Breakstation Event Summer'25
Rajshahi,Rangpur,Saidpur,"Shaireen Enterprise, Nilphamary",Saidpur,33228,nurbrraj579@ecrm-ims,3B,10-Amin More,Anisur Store,12691076,7/20/2025,"25.7885166, 88.8869694",https://ecrm3-web-uploads.s3.ap-southeast-1.amazonaws.com/Production/ecrm/Audios/Survey/cmp-150/33228150_720140337520100.mp3,14:03:36,14:11:38,0:08:02,150,Breakstation Event Summer'25
Rajshahi,Rangpur,Lalmonirhat,Asiatic Distributions Limited – Lalmonirhat,Hatibandha,33253,mrityunjoy2005@ecrm-ims,38B,Holdibary Pam,Anower Store,12691218,7/20/2025,"26.10464856, 89.14125873",https://ecrm3-web-uploads.s3.ap-southeast-1.amazonaws.com/Production/ecrm/Audios/Survey/cmp-150/33253150_720140531328100.mp3,14:07:52,14:14:06,0:06:14,150,Breakstation Event Summer'25
Rajshahi,Rangpur,Lalmonirhat,Asiatic Distributions Limited – Lalmonirhat,Hatibandha,33250,mahin1999@ecrm-ims,38B,Holdibary Pam,Anower Store,12691375,7/20/2025,"26.1046897, 89.1413028",https://ecrm3-web-uploads.s3.ap-southeast-1.amazonaws.com/Production/ecrm/Audios/Survey/cmp-150/33250150_720141045435100.mp3,14:12:02,14:16:00,0:03:58,150,Breakstation Event Summer'25
Rajshahi,Rangpur,Saidpur,"Shaireen Enterprise, Nilphamary",Saidpur,33228,nurbrraj579@ecrm-ims,3B,10-Amin More,Anisur Store,12691752,7/20/2025,"25.7885319, 88.886972",https://ecrm3-web-uploads.s3.ap-southeast-1.amazonaws.com/Production/ecrm/Audios/Survey/cmp-150/33228150_720141244499100.mp3,14:12:43,14:20:00,0:07:17,150,Breakstation Event Summer'25
Rajshahi,Rangpur,Saidpur,"Shaireen Enterprise, Nilphamary",Saidpur,33228,nurbrraj579@ecrm-ims,3B,10-Amin More,Anisur Store,12692931,7/20/2025,"25.7885136, 88.8869814",https://ecrm3-web-uploads.s3.ap-southeast-1.amazonaws.com/Production/ecrm/Audios/Survey/cmp-150/33228150_720142617610100.mp3,14:26:14,14:34:10,0:07:56,150,Breakstation Event Summer'25
Rajshahi,Rangpur,Saidpur,"Shaireen Enterprise, Nilphamary",Saidpur,31926,mamunhasan1997@ecrm-ims,3B,10-Amin More,Anisur Store,12694121,7/20/2025,"25.7885059, 88.8869649",https://ecrm3-web-uploads.s3.ap-southeast-1.amazonaws.com/Production/ecrm/Audios/Survey/cmp-150/31926150_720144112559100.mp3,14:41:12,14:49:14,0:08:02,150,Breakstation Event Summer'25
Rajshahi,Rangpur,Saidpur,"Shaireen Enterprise, Nilphamary",Saidpur,33228,nurbrraj579@ecrm-ims,3B,10-Amin More,Anisur Store,12694414,7/20/2025,"25.788502, 88.8869666",https://ecrm3-web-uploads.s3.ap-southeast-1.amazonaws.com/Production/ecrm/Audios/Survey/cmp-150/33228150_720144350134100.mp3,14:43:25,14:53:00,0:09:35,150,Breakstation Event Summer'25
Rajshahi,Rangpur,Saidpur,"Shaireen Enterprise, Nilphamary",Saidpur,31926,mamunhasan1997@ecrm-ims,3B,10-Amin More,Anisur Store,12695368,7/20/2025,"25.7885048, 88.8869769",https://ecrm3-web-uploads.s3.ap-southeast-1.amazonaws.com/Production/ecrm/Audios/Survey/cmp-150/31926150_720145848126100.mp3,14:58:48,15:06:23,0:07:35,150,Breakstation Event Summer'25
Rajshahi,Rangpur,Saidpur,"Shaireen Enterprise, Nilphamary",Saidpur,33228,nurbrraj579@ecrm-ims,3B,10-Amin More,Anisur Store,12695987,7/20/2025,"25.7885188, 88.8869676",https://ecrm3-web-uploads.s3.ap-southeast-1.amazonaws.com/Production/ecrm/Audios/Survey/cmp-150/33228150_720150812349100.mp3,15:08:10,15:16:02,0:07:52,150,Breakstation Event Summer'25
Rajshahi,Rangpur,Saidpur,"Shaireen Enterprise, Nilphamary",Saidpur,31926,mamunhasan1997@ecrm-ims,3B,10-Amin More,Anisur Store,12696782,7/20/2025,"25.7885149, 88.8869638",https://ecrm3-web-uploads.s3.ap-southeast-1.amazonaws.com/Production/ecrm/Audios/Survey/cmp-150/31926150_720152447307100.mp3,15:24:38,15:29:51,0:05:13,150,Breakstation Event Summer'25
Rajshahi,Rangpur,Saidpur,"Shaireen Enterprise, Nilphamary",Saidpur,33228,nurbrraj579@ecrm-ims,3B,10-Amin More,Anisur Store,12701637,7/20/2025,"25.7884798, 88.8869495",https://ecrm3-web-uploads.s3.ap-southeast-1.amazonaws.com/Production/ecrm/Audios/Survey/cmp-150/33228150_720165312274100.mp3,16:53:10,17:03:03,0:09:53,150,Breakstation Event Summer'25
Khulna,Kushtia,Chuadanga,Desh Trade Link,Darshana,33273,brkhu9675@ecrm-imsl,402B,Undulbaria Bazar,Jui Store,12667735,7/20/2025,"23.4789635, 88.8937697",https://ecrm3-web-uploads.s3.ap-southeast-1.amazonaws.com/Production/ecrm/Audios/Survey/cmp-150/33273150_720111108254100.mp3,11:11:07,11:14:48,0:03:41,150,Breakstation Event Summer'25
Khulna,Kushtia,Chuadanga,Desh Trade Link,Darshana,33273,brkhu9675@ecrm-imsl,402B,Undulbaria Bazar,Jui Store,12668292,7/20/2025,"23.4770873, 88.8918174",https://ecrm3-web-uploads.s3.ap-southeast-1.amazonaws.com/Production/ecrm/Audios/Survey/cmp-150/33273150_720111457837100.mp3,11:14:55,11:18:46,0:03:51,150,Breakstation Event Summer'25
Barishal,Faridpur,Rajbari,M/S Tarik Ahmed Dipu (Rajbari),Pangsha,30716,brkhu33311@ecrm-ims,202B,Bangladesh Hat,Saykot Store,12672395,7/20/2025,"23.7561629, 89.4579768",https://ecrm3-web-uploads.s3.ap-southeast-1.amazonaws.com/Production/ecrm/Audios/Survey/cmp-150/30716150_720114033672100.mp3,11:40:31,11:46:20,0:05:49,150,Breakstation Event Summer'25
Barishal,Faridpur,Rajbari,M/S Tarik Ahmed Dipu (Rajbari),Pangsha,33259,roman100@ecrm-imsl,202B,Bangladesh Hat,Saykot Store,12687250,7/20/2025,"23.83547105, 89.42133776",https://ecrm3-web-uploads.s3.ap-southeast-1.amazonaws.com/Production/ecrm/Audios/Survey/cmp-150/33259150_720132934824100.mp3,13:29:32,13:34:21,0:04:49,150,Breakstation Event Summer'25
Khulna,Kushtia,Chuadanga,Desh Trade Link,Darshana,33273,brkhu9675@ecrm-imsl,402B,Undulbaria Bazar,Jui Store,12693344,7/20/2025,"23.4789823, 88.8938406",https://ecrm3-web-uploads.s3.ap-southeast-1.amazonaws.com/Production/ecrm/Audios/Survey/cmp-150/33273150_720143626401100.mp3,14:36:26,14:39:22,0:02:56,150,Breakstation Event Summer'25
Barishal,Faridpur,Rajbari,M/S Tarik Ahmed Dipu (Rajbari),Pangsha,33259,roman100@ecrm-imsl,202B,Bangladesh Hat,Saykot Store,12696110,7/20/2025,"23.83540693, 89.42197686",https://ecrm3-web-uploads.s3.ap-southeast-1.amazonaws.com/Production/ecrm/Audios/Survey/cmp-150/33259150_720151347740100.mp3,15:13:44,15:18:03,0:04:19,150,Breakstation Event Summer'25
Khulna,Kushtia,Magura,Akram Enterprise,Magura,16954,souravmia15682@ecrm-imsl,112B,Eat Khola,Asad Store,12660188,7/20/2025,"23.4833352, 89.3926928",https://ecrm3-web-uploads.s3.ap-southeast-1.amazonaws.com/Production/ecrm/Audios/Survey/cmp-150/16954150_720100959533100.mp3,10:09:58,10:13:31,0:03:33,150,Breakstation Event Summer'25
Khulna,Kushtia,Magura,Akram Enterprise,Magura,16954,souravmia15682@ecrm-imsl,112B,Eat Khola,Asad Store,12659552,7/20/2025,"23.4835073, 89.392607",https://ecrm3-web-uploads.s3.ap-southeast-1.amazonaws.com/Production/ecrm/Audios/Survey/cmp-150/16954150_720100203846100.mp3,10:02:02,10:06:01,0:03:59,150,Breakstation Event Summer'25
Barishal,Faridpur,Rajbari,M/S Tarik Ahmed Dipu (Rajbari),Pangsha,33259,roman100@ecrm-imsl,202B,Bangladesh Hat,Saykot Store,12667158,7/20/2025,"23.83556362, 89.42150944",https://ecrm3-web-uploads.s3.ap-southeast-1.amazonaws.com/Production/ecrm/Audios/Survey/cmp-150/33259150_72011064634100.mp3,11:06:43,11:10:44,0:04:01,150,Breakstation Event Summer'25
Barishal,Faridpur,Rajbari,M/S Tarik Ahmed Dipu (Rajbari),Pangsha,30716,brkhu33311@ecrm-ims,202B,Bangladesh Hat,Saykot Store,12671453,7/20/2025,"23.7561594, 89.4579756",https://ecrm3-web-uploads.s3.ap-southeast-1.amazonaws.com/Production/ecrm/Audios/Survey/cmp-150/30716150_720113451134100.mp3,11:34:48,11:40:05,0:05:17,150,Breakstation Event Summer'25
Barishal,Faridpur,Rajbari,M/S Tarik Ahmed Dipu (Rajbari),Pangsha,30716,brkhu33311@ecrm-ims,202B,Bangladesh Hat,Saykot Store,12669802,7/20/2025,"23.7561685, 89.4579763",https://ecrm3-web-uploads.s3.ap-southeast-1.amazonaws.com/Production/ecrm/Audios/Survey/cmp-150/30716150_720112104548100.mp3,11:21:01,11:29:08,0:08:07,150,Breakstation Event Summer'25
Barishal,Faridpur,Rajbari,M/S Tarik Ahmed Dipu (Rajbari),Pangsha,33259,roman100@ecrm-imsl,202B,Bangladesh Hat,Saykot Store,12675609,7/20/2025,"23.83553166, 89.42192601",https://ecrm3-web-uploads.s3.ap-southeast-1.amazonaws.com/Production/ecrm/Audios/Survey/cmp-150/33259150_720120409434100.mp3,12:04:08,12:07:45,0:03:37,150,Breakstation Event Summer'25
Khulna,Kushtia,Chuadanga,Desh Trade Link,Darshana,33273,brkhu9675@ecrm-imsl,402B,Undulbaria Bazar,Jui Store,12685319,7/20/2025,"23.4789411, 88.8938236",https://ecrm3-web-uploads.s3.ap-southeast-1.amazonaws.com/Production/ecrm/Audios/Survey/cmp-150/33273150_720131415392100.mp3,13:14:12,13:17:14,0:03:02,150,Breakstation Event Summer'25
Barishal,Faridpur,Rajbari,M/S Tarik Ahmed Dipu (Rajbari),Pangsha,33259,roman100@ecrm-imsl,202B,Bangladesh Hat,Saykot Store,12697575,7/20/2025,"23.83566343, 89.42145914",https://ecrm3-web-uploads.s3.ap-southeast-1.amazonaws.com/Production/ecrm/Audios/Survey/cmp-150/33259150_720153938708100.mp3,15:39:33,15:44:29,0:04:56,150,Breakstation Event Summer'25
Barishal,Faridpur,Rajbari,M/S Tarik Ahmed Dipu (Rajbari),Pangsha,33259,roman100@ecrm-imsl,202B,Bangladesh Hat,Saykot Store,12697791,7/20/2025,"23.83554133, 89.42188477",https://ecrm3-web-uploads.s3.ap-southeast-1.amazonaws.com/Production/ecrm/Audios/Survey/cmp-150/33259150_720154433886100.mp3,15:44:31,15:48:35,0:04:04,150,Breakstation Event Summer'25
Barishal,Faridpur,Rajbari,M/S Tarik Ahmed Dipu (Rajbari),Pangsha,33259,roman100@ecrm-imsl,202B,Bangladesh Hat,Saykot Store,12701533,7/20/2025,"23.83560181, 89.42157949",https://ecrm3-web-uploads.s3.ap-southeast-1.amazonaws.com/Production/ecrm/Audios/Survey/cmp-150/33259150_720165525397100.mp3,16:55:15,17:00:45,0:05:30,150,Breakstation Event Summer'25
Khulna,Kushtia,Magura,Akram Enterprise,Magura,16954,souravmia15682@ecrm-imsl,112B,Eat Khola,Asad Store,12660531,7/20/2025,"23.4832676, 89.3925981",https://ecrm3-web-uploads.s3.ap-southeast-1.amazonaws.com/Production/ecrm/Audios/Survey/cmp-150/16954150_720101356128100.mp3,10:13:48,10:17:34,0:03:46,150,Breakstation Event Summer'25
Barishal,Faridpur,Rajbari,M/S Tarik Ahmed Dipu (Rajbari),Pangsha,33259,roman100@ecrm-imsl,202B,Bangladesh Hat,Saykot Store,12664310,7/20/2025,"23.8360234, 89.421294",https://ecrm3-web-uploads.s3.ap-southeast-1.amazonaws.com/Production/ecrm/Audios/Survey/cmp-150/33259150_720104506122100.mp3,10:45:03,10:50:05,0:05:02,150,Breakstation Event Summer'25
Khulna,Kushtia,Chuadanga,Desh Trade Link,Darshana,33273,brkhu9675@ecrm-imsl,402B,Undulbaria Bazar,Jui Store,12666760,7/20/2025,"23.479006, 88.8938054",https://ecrm3-web-uploads.s3.ap-southeast-1.amazonaws.com/Production/ecrm/Audios/Survey/cmp-150/33273150_720110458454100.mp3,11:04:57,11:08:04,0:03:07,150,Breakstation Event Summer'25
Barishal,Faridpur,Rajbari,M/S Tarik Ahmed Dipu (Rajbari),Pangsha,33259,roman100@ecrm-imsl,202B,Bangladesh Hat,Saykot Store,12667929,7/20/2025,"23.83556362, 89.42150944",https://ecrm3-web-uploads.s3.ap-southeast-1.amazonaws.com/Production/ecrm/Audios/Survey/cmp-150/33259150_720111110110100.mp3,11:11:07,11:16:11,0:05:04,150,Breakstation Event Summer'25
Barishal,Faridpur,Rajbari,M/S Tarik Ahmed Dipu (Rajbari),Pangsha,33259,roman100@ecrm-imsl,202B,Bangladesh Hat,Saykot Store,12668636,7/20/2025,"23.83556362, 89.42150944",https://ecrm3-web-uploads.s3.ap-southeast-1.amazonaws.com/Production/ecrm/Audios/Survey/cmp-150/33259150_720111629233100.mp3,11:16:27,11:21:10,0:04:43,150,Breakstation Event Summer'25
Barishal,Faridpur,Rajbari,M/S Tarik Ahmed Dipu (Rajbari),Pangsha,30716,brkhu33311@ecrm-ims,202B,Bangladesh Hat,Saykot Store,12673401,7/20/2025,"23.7561603, 89.4579837",https://ecrm3-web-uploads.s3.ap-southeast-1.amazonaws.com/Production/ecrm/Audios/Survey/cmp-150/30716150_720114634671100.mp3,11:46:25,11:52:49,0:06:24,150,Breakstation Event Summer'25
Barishal,Faridpur,Rajbari,M/S Tarik Ahmed Dipu (Rajbari),Pangsha,33259,roman100@ecrm-imsl,202B,Bangladesh Hat,Saykot Store,12676987,7/20/2025,"23.83550639, 89.42197809",https://ecrm3-web-uploads.s3.ap-southeast-1.amazonaws.com/Production/ecrm/Audios/Survey/cmp-150/33259150_720121236362100.mp3,12:12:35,12:17:02,0:04:27,150,Breakstation Event Summer'25
Barishal,Faridpur,Rajbari,M/S Tarik Ahmed Dipu (Rajbari),Pangsha,33259,roman100@ecrm-imsl,202B,Bangladesh Hat,Saykot Store,12684564,7/20/2025,"23.83544069, 89.42182271",https://ecrm3-web-uploads.s3.ap-southeast-1.amazonaws.com/Production/ecrm/Audios/Survey/cmp-150/33259150_720130646840100.mp3,13:06:44,13:11:11,0:04:27,150,Breakstation Event Summer'25
Barishal,Faridpur,Rajbari,M/S Tarik Ahmed Dipu (Rajbari),Pangsha,33259,roman100@ecrm-imsl,202B,Bangladesh Hat,Saykot Store,12686738,7/20/2025,"23.83531239, 89.42167508",https://ecrm3-web-uploads.s3.ap-southeast-1.amazonaws.com/Production/ecrm/Audios/Survey/cmp-150/33259150_720132424385100.mp3,13:24:22,13:29:29,0:05:07,150,Breakstation Event Summer'25
Barishal,Faridpur,Rajbari,M/S Tarik Ahmed Dipu (Rajbari),Pangsha,33259,roman100@ecrm-imsl,202B,Bangladesh Hat,Saykot Store,12691438,7/20/2025,"23.83660485, 89.42066873",https://ecrm3-web-uploads.s3.ap-southeast-1.amazonaws.com/Production/ecrm/Audios/Survey/cmp-150/33259150_720141113391100.mp3,14:11:05,14:16:35,0:05:30,150,Breakstation Event Summer'25
Rajshahi,Rangpur,Kurigram,"Asiatic Distributions Limited, Kurigram",Nageswari,33264,sohag2002@ecrm-ims,40B,Bus Stand,Jaman Store,12703367,7/20/2025,"25.9651667, 89.6916773",https://ecrm3-web-uploads.s3.ap-southeast-1.amazonaws.com/Production/ecrm/Audios/Survey/cmp-150/33264150_720175426184100.mp3,17:54:24,17:57:00,0:02:36,150,Breakstation Event Summer'25
Barishal,Faridpur,Rajbari,M/S Tarik Ahmed Dipu (Rajbari),Pangsha,30716,brkhu33311@ecrm-ims,202B,Bangladesh Hat,Helal Store,12667573,7/20/2025,"23.7561623, 89.4579987",https://ecrm3-web-uploads.s3.ap-southeast-1.amazonaws.com/Production/ecrm/Audios/Survey/cmp-150/30716150_720110854821100.mp3,11:08:51,11:13:42,0:04:51,150,Breakstation Event Summer'25
Barishal,Faridpur,Rajbari,M/S Tarik Ahmed Dipu (Rajbari),Pangsha,30716,brkhu33311@ecrm-ims,202B,Bangladesh Hat,Helal Store,12670686,7/20/2025,"23.7561662, 89.4579819",https://ecrm3-web-uploads.s3.ap-southeast-1.amazonaws.com/Production/ecrm/Audios/Survey/cmp-150/30716150_720112918498100.mp3,11:29:15,11:34:43,0:05:28,150,Breakstation Event Summer'25
Barishal,Faridpur,Rajbari,M/S Tarik Ahmed Dipu (Rajbari),Pangsha,30716,brkhu33311@ecrm-ims,202B,Bangladesh Hat,Helal Store,12666871,7/20/2025,"23.756169, 89.457989",https://ecrm3-web-uploads.s3.ap-southeast-1.amazonaws.com/Production/ecrm/Audios/Survey/cmp-150/30716150_720110326188100.mp3,11:03:14,11:08:47,0:05:33,150,Breakstation Event Summer'25
Barishal,Faridpur,Rajbari,M/S Tarik Ahmed Dipu (Rajbari),Pangsha,30716,brkhu33311@ecrm-ims,202B,Bangladesh Hat,Helal Store,12668592,7/20/2025,"23.756161, 89.4579748",https://ecrm3-web-uploads.s3.ap-southeast-1.amazonaws.com/Production/ecrm/Audios/Survey/cmp-150/30716150_720111348574100.mp3,11:13:46,11:20:55,0:07:09,150,Breakstation Event Summer'25
Rajshahi,Rangpur,Saidpur,"Shaireen Enterprise, Nilphamary",Ranir Bandar,33265,abirbrraj7765@ecrm-ims,25B,4-Saidpur Bus Stand,Rahman Store,12689619,7/20/2025,"25.77434678, 88.78240015",https://ecrm3-web-uploads.s3.ap-southeast-1.amazonaws.com/Production/ecrm/Audios/Survey/cmp-150/33265150_720135053328100.mp3,13:50:26,13:57:27,0:07:01,150,Breakstation Event Summer'25
Chittagong,Feni,Laxmipur,M/S Sanjib Mazumder,Raipur,31424,mehedi@ecrm-ims,204B,Mohilla Collage,Hiru Store,12695883,7/20/2025,"23.01840168, 90.68266897",https://ecrm3-web-uploads.s3.ap-southeast-1.amazonaws.com/Production/ecrm/Audios/Survey/cmp-139/31424139_720150758420100.mp3,15:07:57,15:14:03,0:06:06,139,Breakstation Thematic Campaign
Dhaka North,Dhaka North,Madhupur,"Agrani Trading Company Ltd, Tangail",Sarishabari,27392,selimkhan4@ecrm-imsl,704B,Pigna More Road,Sajahan Store,12696703,7/20/2025,"24.7802071, 89.8550046",https://ecrm3-web-uploads.s3.ap-southeast-1.amazonaws.com/Production/ecrm/Audios/Survey/cmp-139/27392139_720152307437100.mp3,15:23:06,15:28:19,0:05:13,139,Breakstation Thematic Campaign
Sylhet,Mymensingh,Mymensingh 1,Noor Sons,Phulpur,767,brsyl354@ecrm-atmsl,501B,Sonkanda Bazar,Rofik Store,12696753,7/20/2025,"24.9567094, 90.3085889",https://ecrm3-web-uploads.s3.ap-southeast-1.amazonaws.com/Production/ecrm/Audios/Survey/cmp-139/767139_720152220153100.mp3,15:22:18,15:29:20,0:07:02,139,Breakstation Thematic Campaign
Sylhet,B. Baria,Moulvibazar,MBKB Ltd (Moulvibazar),Sreemangal,32536,brsyl29578@ecrm-atmsl,203B,H Road Sree,B.G.B Abokash Store,12697001,7/20/2025,"24.3065183, 91.7344977",https://ecrm3-web-uploads.s3.ap-southeast-1.amazonaws.com/Production/ecrm/Audios/Survey/cmp-139/32536139_720152737173100.mp3,15:27:35,15:33:57,0:06:22,139,Breakstation Thematic Campaign
Sylhet,B. Baria,Moulvibazar,MBKB Ltd (Moulvibazar),Sreemangal,32536,brsyl29578@ecrm-atmsl,203B,H Road Sree,B.G.B Abokash Store,12703563,7/20/2025,"24.3030587, 91.7275347",https://ecrm3-web-uploads.s3.ap-southeast-1.amazonaws.com/Production/ecrm/Audios/Survey/cmp-139/32536139_720175351278100.mp3,17:53:47,18:04:28,0:10:41,139,Breakstation Thematic Campaign
Dhaka North,Dhaka North,Manikganj,"Agrani Trading Company Ltd, Savar",Mohadevpur (DW),18232,brdhk18232@ecrm-imsl,221A,Bonogram,Zuall Store,12660427,7/20/2025,"23.8360426, 89.780924",https://ecrm3-web-uploads.s3.ap-southeast-1.amazonaws.com/Production/ecrm/Audios/Survey/cmp-139/18232139_720101145861100.mp3,10:11:44,10:16:19,0:04:35,139,Breakstation Thematic Campaign
Dhaka North,Dhaka North,Manikganj,"Agrani Trading Company Ltd, Savar",Mohadevpur (DW),18232,brdhk18232@ecrm-imsl,221A,Bonogram,Zuall Store,12660936,7/20/2025,"23.8360426, 89.780924",https://ecrm3-web-uploads.s3.ap-southeast-1.amazonaws.com/Production/ecrm/Audios/Survey/cmp-139/18232139_720101700808100.mp3,10:17:01,10:21:31,0:04:30,139,Breakstation Thematic Campaign
Khulna,Khulna,Jashore-1,M/S Azizur Rahman,Jashore Sadar,24450,brkhu24291@ecrm-imsl,129A,Dhaka Road Churamonkathi,Jahid Store,12661028,7/20/2025,"23.1605741, 89.2236212",https://ecrm3-web-uploads.s3.ap-southeast-1.amazonaws.com/Production/ecrm/Audios/Survey/cmp-139/24450139_720101131348100.mp3,10:11:23,10:22:28,0:11:05,139,Breakstation Thematic Campaign
Khulna,Khulna,Jashore-2,M/S Azizur Rahman,Monirampur,16508,mdsuzonhossain15250@ecrm-imsl,703A,POLLI BYDUT MORE,M/S Soyead Enterprise,12663125,7/20/2025,"23.0218512, 89.2332476",https://ecrm3-web-uploads.s3.ap-southeast-1.amazonaws.com/Production/ecrm/Audios/Survey/cmp-139/16508139_720103352118100.mp3,10:33:51,10:40:52,0:07:01,139,Breakstation Thematic Campaign
Khulna,Khulna,Khulna Metro-2,Rafiq Enterprise,Bagerhat,32989,brkhu150519977@ecrm-imsl,402B,SHALTOLA MORE,Dip Store,12664176,7/20/2025,"22.6582763, 89.7960543",https://ecrm3-web-uploads.s3.ap-southeast-1.amazonaws.com/Production/ecrm/Audios/Survey/cmp-139/32989139_720104241470100.mp3,10:42:39,10:48:58,0:06:19,139,Breakstation Thematic Campaign
Dhaka North,Dhaka North,Manikganj,"Agrani Trading Company Ltd, Savar",Mohadevpur (DW),18232,brdhk18232@ecrm-imsl,221A,Bonogram,Zuall Store,12665713,7/20/2025,"23.8360426, 89.780924",https://ecrm3-web-uploads.s3.ap-southeast-1.amazonaws.com/Production/ecrm/Audios/Survey/cmp-139/18232139_720105125105100.mp3,10:45:24,11:00:38,0:15:14,139,Breakstation Thematic Campaign
Dhaka North,Dhaka North,Manikganj,"Agrani Trading Company Ltd, Savar",Mohadevpur (DW),18232,brdhk18232@ecrm-imsl,221A,Bonogram,Zuall Store,12667655,7/20/2025,"23.8360426, 89.780924",https://ecrm3-web-uploads.s3.ap-southeast-1.amazonaws.com/Production/ecrm/Audios/Survey/cmp-139/18232139_720110815733100.mp3,11:08:13,11:14:21,0:06:08,139,Breakstation Thematic Campaign
Khulna,Khulna,Jashore-1,M/S Azizur Rahman,Jashore Sadar,24450,brkhu24291@ecrm-imsl,129A,Dhaka Road Churamonkathi,Jahid Store,12666383,7/20/2025,"23.1605417, 89.2237819",https://ecrm3-web-uploads.s3.ap-southeast-1.amazonaws.com/Production/ecrm/Audios/Survey/cmp-139/24450139_72010593222100.mp3,10:59:29,11:05:22,0:05:53,139,Breakstation Thematic Campaign
Dhaka North,Dhaka North,Manikganj,"Agrani Trading Company Ltd, Savar",Mohadevpur (DW),18232,brdhk18232@ecrm-imsl,221A,Bonogram,Zuall Store,12666592,7/20/2025,"23.8360426, 89.780924",https://ecrm3-web-uploads.s3.ap-southeast-1.amazonaws.com/Production/ecrm/Audios/Survey/cmp-139/18232139_72011004476100.mp3,11:00:43,11:06:45,0:06:02,139,Breakstation Thematic Campaign
Rajshahi,Dinajpur,Joypurhat,M/S. Spectrum Trading Corporation,Gobindaganj,33185,brraj98067@ecrm-ims,65A,Bokchore,Fulmiya Store,12666623,7/20/2025,"25.0904408, 89.3807091",https://ecrm3-web-uploads.s3.ap-southeast-1.amazonaws.com/Production/ecrm/Audios/Survey/cmp-139/33185139_720105926621100.mp3,10:59:25,11:06:59,0:07:34,139,Breakstation Thematic Campaign
Khulna,Khulna,Jashore-1,M/S Azizur Rahman,Jashore Sadar,24450,brkhu24291@ecrm-imsl,129A,Dhaka Road Churamonkathi,Jahid Store,12667420,7/20/2025,"23.1604902, 89.2237995",https://ecrm3-web-uploads.s3.ap-southeast-1.amazonaws.com/Production/ecrm/Audios/Survey/cmp-139/24450139_720110716709100.mp3,11:07:14,11:12:34,0:05:20,139,Breakstation Thematic Campaign
Rajshahi,Dinajpur,Joypurhat,M/S. Spectrum Trading Corporation,Gobindaganj,33185,brraj98067@ecrm-ims,65A,Bokchore,Fulmiya Store,12667823,7/20/2025,"25.090551, 89.3806161",https://ecrm3-web-uploads.s3.ap-southeast-1.amazonaws.com/Production/ecrm/Audios/Survey/cmp-139/33185139_720110826822100.mp3,11:08:24,11:15:23,0:06:59,139,Breakstation Thematic Campaign
Rajshahi,Dinajpur,Joypurhat,M/S. Spectrum Trading Corporation,Gobindaganj,33185,brraj98067@ecrm-ims,65A,Bokchore,Fulmiya Store,12669208,7/20/2025,"25.09052979, 89.3807244",https://ecrm3-web-uploads.s3.ap-southeast-1.amazonaws.com/Production/ecrm/Audios/Survey/cmp-139/33185139_720111655870100.mp3,11:16:54,11:25:01,0:08:07,139,Breakstation Thematic Campaign
Khulna,Khulna,Jashore-1,M/S Azizur Rahman,Jashore Sadar,24450,brkhu24291@ecrm-imsl,129A,Dhaka Road Churamonkathi,Jahid Store,12669312,7/20/2025,"23.1604844, 89.223806",https://ecrm3-web-uploads.s3.ap-southeast-1.amazonaws.com/Production/ecrm/Audios/Survey/cmp-139/24450139_720111829658100.mp3,11:18:28,11:25:13,0:06:45,139,Breakstation Thematic Campaign
Dhaka North,Dhaka North,Manikganj,"Agrani Trading Company Ltd, Savar",Mohadevpur (DW),18232,brdhk18232@ecrm-imsl,221A,Bonogram,Zuall Store,12669328,7/20/2025,"23.8360426, 89.780924",https://ecrm3-web-uploads.s3.ap-southeast-1.amazonaws.com/Production/ecrm/Audios/Survey/cmp-139/18232139_720112139850100.mp3,11:21:39,11:25:44,0:04:05,139,Breakstation Thematic Campaign
Dhaka North,Dhaka North,Manikganj,"Agrani Trading Company Ltd, Savar",Mohadevpur (DW),18232,brdhk18232@ecrm-imsl,221A,Bonogram,Zuall Store,12671277,7/20/2025,"23.8360426, 89.780924",https://ecrm3-web-uploads.s3.ap-southeast-1.amazonaws.com/Production/ecrm/Audios/Survey/cmp-139/18232139_720113449456100.mp3,11:34:49,11:38:55,0:04:06,139,Breakstation Thematic Campaign
Dhaka North,Dhaka North,Manikganj,"Agrani Trading Company Ltd, Savar",Mohadevpur (DW),18232,brdhk18232@ecrm-imsl,221A,Bonogram,Zuall Store,12670689,7/20/2025,"23.8360426, 89.780924",https://ecrm3-web-uploads.s3.ap-southeast-1.amazonaws.com/Production/ecrm/Audios/Survey/cmp-139/18232139_720113020161100.mp3,11:30:20,11:34:44,0:04:24,139,Breakstation Thematic Campaign
Khulna,Khulna,Jashore-1,M/S Azizur Rahman,Jashore Sadar,30736,brkhu29027@ecrm-imsl,131B,7 Mile Bazar,Repon Tea,12671051,7/20/2025,"23.1686793, 89.2082262",https://ecrm3-web-uploads.s3.ap-southeast-1.amazonaws.com/Production/ecrm/Audios/Survey/cmp-139/30736139_720113010520100.mp3,11:30:09,11:37:19,0:07:10,139,Breakstation Thematic Campaign
Khulna,Khulna,Jashore-1,M/S Azizur Rahman,Jashore Sadar,24450,brkhu24291@ecrm-imsl,129A,Dhaka Road Churamonkathi,Jahid Store,12671768,7/20/2025,"23.1604821, 89.2239099",https://ecrm3-web-uploads.s3.ap-southeast-1.amazonaws.com/Production/ecrm/Audios/Survey/cmp-139/24450139_72011303513100.mp3,11:30:34,11:42:04,0:11:30,139,Breakstation Thematic Campaign
Dhaka North,Dhaka North,Manikganj,"Agrani Trading Company Ltd, Savar",Mohadevpur (DW),18232,brdhk18232@ecrm-imsl,221A,Bonogram,Zuall Store,12672817,7/20/2025,"23.8360426, 89.780924",https://ecrm3-web-uploads.s3.ap-southeast-1.amazonaws.com/Production/ecrm/Audios/Survey/cmp-139/18232139_720114407832100.mp3,11:44:07,11:49:11,0:05:04,139,Breakstation Thematic Campaign
Sylhet,B. Baria,Moulvibazar,MBKB Ltd (Moulvibazar),Sreemangal,32536,brsyl29578@ecrm-atmsl,203B,H Road Sree,B.G.B Abokash Store,12674518,7/20/2025,"24.3061251, 91.73437266",https://ecrm3-web-uploads.s3.ap-southeast-1.amazonaws.com/Production/ecrm/Audios/Survey/cmp-139/32536139_720115407409100.mp3,11:54:05,12:00:26,0:06:21,139,Breakstation Thematic Campaign
Khulna,Khulna,Jashore-1,M/S Azizur Rahman,Jashore Sadar,24450,brkhu24291@ecrm-imsl,129A,Dhaka Road Churamonkathi,Jahid Store,12675149,7/20/2025,"23.1562987, 89.2212171",https://ecrm3-web-uploads.s3.ap-southeast-1.amazonaws.com/Production/ecrm/Audios/Survey/cmp-139/24450139_720115929862100.mp3,11:59:27,12:04:42,0:05:15,139,Breakstation Thematic Campaign
Dhaka North,Dhaka North,Manikganj,"Agrani Trading Company Ltd, Savar",Mohadevpur (DW),18232,brdhk18232@ecrm-imsl,221A,Bonogram,Zuall Store,12675247,7/20/2025,"23.8360426, 89.780924",https://ecrm3-web-uploads.s3.ap-southeast-1.amazonaws.com/Production/ecrm/Audios/Survey/cmp-139/18232139_720120123667100.mp3,12:01:23,12:05:21,0:03:58,139,Breakstation Thematic Campaign
Khulna,Khulna,Khulna Metro-2,Rafiq Enterprise,Bagerhat,32989,brkhu150519977@ecrm-imsl,402B,SHALTOLA MORE,Dip Store,12676625,7/20/2025,"22.6581995, 89.7960038",https://ecrm3-web-uploads.s3.ap-southeast-1.amazonaws.com/Production/ecrm/Audios/Survey/cmp-139/32989139_720120835229100.mp3,12:08:28,12:14:27,0:05:59,139,Breakstation Thematic Campaign
Khulna,Khulna,Jashore-1,M/S Azizur Rahman,Jashore Sadar,24450,brkhu24291@ecrm-imsl,129A,Dhaka Road Churamonkathi,Jahid Store,12677681,7/20/2025,"23.1561137, 89.2212653",https://ecrm3-web-uploads.s3.ap-southeast-1.amazonaws.com/Production/ecrm/Audios/Survey/cmp-139/24450139_720121620121100.mp3,12:16:17,12:21:26,0:05:09,139,Breakstation Thematic Campaign
Chittagong,CTG South,Cox's Bazar-2,M/S Al-Amin Store,Eidgah,31012,brctg047@ecrm-ims,279A,Bus station,Absar Store 1,12677921,7/20/2025,"21.5570607, 92.0620773",https://ecrm3-web-uploads.s3.ap-southeast-1.amazonaws.com/Production/ecrm/Audios/Survey/cmp-139/31012139_720121749650100.mp3,12:17:49,12:23:10,0:05:21,139,Breakstation Thematic Campaign
Dhaka North,Dhaka North,Manikganj,"Agrani Trading Company Ltd, Savar",Mohadevpur (DW),18232,brdhk18232@ecrm-imsl,221A,Bonogram,Zuall Store,12678012,7/20/2025,"23.8360426, 89.780924",https://ecrm3-web-uploads.s3.ap-southeast-1.amazonaws.com/Production/ecrm/Audios/Survey/cmp-139/18232139_720121917746100.mp3,12:19:18,12:23:44,0:04:26,139,Breakstation Thematic Campaign
Dhaka North,Dhaka North,Manikganj,"Agrani Trading Company Ltd, Savar",Mohadevpur (DW),18232,brdhk18232@ecrm-imsl,221A,Bonogram,Zuall Store,12678593,7/20/2025,"23.8360426, 89.780924",https://ecrm3-web-uploads.s3.ap-southeast-1.amazonaws.com/Production/ecrm/Audios/Survey/cmp-139/18232139_720122352428100.mp3,12:23:52,12:28:06,0:04:14,139,Breakstation Thematic Campaign
Khulna,Khulna,Khulna Metro-2,Rafiq Enterprise,Bagerhat,32989,brkhu150519977@ecrm-imsl,402B,SHALTOLA MORE,Dip Store,12678759,7/20/2025,"22.6563935, 89.794749",https://ecrm3-web-uploads.s3.ap-southeast-1.amazonaws.com/Production/ecrm/Audios/Survey/cmp-139/32989139_720122116510100.mp3,12:21:14,12:29:16,0:08:02,139,Breakstation Thematic Campaign
Rajshahi,Dinajpur,Joypurhat,M/S. Spectrum Trading Corporation,Gobindaganj,33185,brraj98067@ecrm-ims,65A,Bokchore,Fulmiya Store,12679227,7/20/2025,"25.09031075, 89.38081137",https://ecrm3-web-uploads.s3.ap-southeast-1.amazonaws.com/Production/ecrm/Audios/Survey/cmp-139/33185139_720122515206100.mp3,12:25:12,12:32:24,0:07:12,139,Breakstation Thematic Campaign
Dhaka North,Dhaka North,Manikganj,"Agrani Trading Company Ltd, Savar",Mohadevpur (DW),18232,brdhk18232@ecrm-imsl,221A,Bonogram,Zuall Store,12679373,7/20/2025,"23.8360426, 89.780924",https://ecrm3-web-uploads.s3.ap-southeast-1.amazonaws.com/Production/ecrm/Audios/Survey/cmp-139/18232139_720122813301100.mp3,12:28:14,12:33:30,0:05:16,139,Breakstation Thematic Campaign
Sylhet,B. Baria,Moulvibazar,MBKB Ltd (Moulvibazar),Sreemangal,32536,brsyl29578@ecrm-atmsl,203B,H Road Sree,B.G.B Abokash Store,12680561,7/20/2025,"24.3065183, 91.7344977",https://ecrm3-web-uploads.s3.ap-southeast-1.amazonaws.com/Production/ecrm/Audios/Survey/cmp-139/32536139_720123336333100.mp3,12:33:34,12:41:44,0:08:10,139,Breakstation Thematic Campaign
Chittagong,Feni,Laxmipur,M/S Sanjib Mazumder,Raipur,31424,mehedi@ecrm-ims,204B,Mohilla Collage,Hiru Store,12681891,7/20/2025,"23.0189656, 90.6665105",https://ecrm3-web-uploads.s3.ap-southeast-1.amazonaws.com/Production/ecrm/Audios/Survey/cmp-139/31424139_720124532513100.mp3,12:45:32,12:51:13,0:05:41,139,Breakstation Thematic Campaign
Chittagong,CTG South,Cox's Bazar-2,M/S Al-Amin Store,Eidgah,31012,brctg047@ecrm-ims,279A,Bus station,Absar Store 1,12681327,7/20/2025,"21.5570607, 92.0620773",https://ecrm3-web-uploads.s3.ap-southeast-1.amazonaws.com/Production/ecrm/Audios/Survey/cmp-139/31012139_720123512807100.mp3,12:35:10,12:47:18,0:12:08,139,Breakstation Thematic Campaign
Khulna,Khulna,Khulna Metro-2,Rafiq Enterprise,Bagerhat,32989,brkhu150519977@ecrm-imsl,402B,SHALTOLA MORE,Dip Store,12682411,7/20/2025,"22.65646, 89.7904753",https://ecrm3-web-uploads.s3.ap-southeast-1.amazonaws.com/Production/ecrm/Audios/Survey/cmp-139/32989139_720124824869100.mp3,12:48:21,12:55:05,0:06:44,139,Breakstation Thematic Campaign
Barishal,Barishal,Barishal-2,M/S BARISHAL J AHMED & CO.,Pirojpur,14958,brkhu14958@ecrm-imsl,507B,Boulpur,Arup Store,12682940,7/20/2025,"22.5796684, 89.968398",https://ecrm3-web-uploads.s3.ap-southeast-1.amazonaws.com/Production/ecrm/Audios/Survey/cmp-139/14958139_720125438172100.mp3,12:54:36,12:58:49,0:04:13,139,Breakstation Thematic Campaign
Rajshahi,Dinajpur,Joypurhat,M/S. Spectrum Trading Corporation,Gobindaganj,33185,brraj98067@ecrm-ims,65A,Bokchore,Fulmiya Store,12682951,7/20/2025,"25.08972098, 89.38174905",https://ecrm3-web-uploads.s3.ap-southeast-1.amazonaws.com/Production/ecrm/Audios/Survey/cmp-139/33185139_720125103512100.mp3,12:50:52,12:58:51,0:07:59,139,Breakstation Thematic Campaign
Khulna,Khulna,Jashore-1,M/S Azizur Rahman,Jashore Sadar,30736,brkhu29027@ecrm-imsl,131B,7 Mile Bazar,Repon Tea,12683491,7/20/2025,"23.1687837, 89.2082446",https://ecrm3-web-uploads.s3.ap-southeast-1.amazonaws.com/Production/ecrm/Audios/Survey/cmp-139/30736139_720125700125100.mp3,12:56:56,13:03:02,0:06:06,139,Breakstation Thematic Campaign
Chittagong,Feni,Laxmipur,M/S Sanjib Mazumder,Raipur,31424,mehedi@ecrm-ims,204B,Mohilla Collage,Hiru Store,12683588,7/20/2025,"23.0190019, 90.66659297",https://ecrm3-web-uploads.s3.ap-southeast-1.amazonaws.com/Production/ecrm/Audios/Survey/cmp-139/31424139_720125726390100.mp3,12:57:17,13:03:45,0:06:28,139,Breakstation Thematic Campaign
Khulna,Kushtia,Chuadanga,Desh Trade Link,Sarajganj,33066,brkhu0216@ecrm-imsl,202A,Bodorgonj,Azizul Store,12688607,7/20/2025,"23.574972, 88.7052596",https://ecrm3-web-uploads.s3.ap-southeast-1.amazonaws.com/Production/ecrm/Audios/Survey/cmp-139/33066139_720134314404100.mp3,13:43:06,13:47:28,0:04:22,139,Breakstation Thematic Campaign
Chittagong,CTG South,Cox's Bazar-2,M/S Al-Amin Store,Eidgah,31012,brctg047@ecrm-ims,279A,Bus station,Absar Store 1,12684219,7/20/2025,"21.5570607, 92.0620773",https://ecrm3-web-uploads.s3.ap-southeast-1.amazonaws.com/Production/ecrm/Audios/Survey/cmp-139/31012139_720130241486100.mp3,13:02:40,13:08:36,0:05:56,139,Breakstation Thematic Campaign
Rajshahi,Dinajpur,Joypurhat,M/S. Spectrum Trading Corporation,Gobindaganj,33185,brraj98067@ecrm-ims,65A,Bokchore,Fulmiya Store,12684393,7/20/2025,"25.0897016, 89.381844",https://ecrm3-web-uploads.s3.ap-southeast-1.amazonaws.com/Production/ecrm/Audios/Survey/cmp-139/33185139_720130344182100.mp3,13:03:35,13:09:59,0:06:24,139,Breakstation Thematic Campaign
Chittagong,Feni,Maijdee,M/S Sanjib Mazumder,Chowmuhani,24586,brctg24491@ecrm-imsl,502A,Satuvanga Cng Pump,Jamal 2,12684943,7/20/2025,"22.9457394, 91.1335841",https://ecrm3-web-uploads.s3.ap-southeast-1.amazonaws.com/Production/ecrm/Audios/Survey/cmp-139/24586139_720130830307100.mp3,13:06:50,13:14:10,0:07:20,139,Breakstation Thematic Campaign
Rajshahi,Dinajpur,Joypurhat,M/S. Spectrum Trading Corporation,Gobindaganj,33185,brraj98067@ecrm-ims,65A,Bokchore,Fulmiya Store,12685980,7/20/2025,"25.09019455, 89.38208776",https://ecrm3-web-uploads.s3.ap-southeast-1.amazonaws.com/Production/ecrm/Audios/Survey/cmp-139/33185139_720131609792100.mp3,13:14:59,13:22:59,0:08:00,139,Breakstation Thematic Campaign
Chittagong,Feni,Laxmipur,M/S Sanjib Mazumder,Laxmipur,4757,mdnaimhosen3966@ecrm-imsl,104B,Adunik H,Alauddin Store,12686019,7/20/2025,"22.9660906, 90.8369984",https://ecrm3-web-uploads.s3.ap-southeast-1.amazonaws.com/Production/ecrm/Audios/Survey/cmp-139/4757139_720131549556100.mp3,13:15:49,13:23:24,0:07:35,139,Breakstation Thematic Campaign
Chittagong,Feni,Maijdee,M/S Sanjib Mazumder,Chowmuhani,24586,brctg24491@ecrm-imsl,502A,Satuvanga Cng Pump,Jamal 2,12686443,7/20/2025,"22.9458478, 91.1344728",https://ecrm3-web-uploads.s3.ap-southeast-1.amazonaws.com/Production/ecrm/Audios/Survey/cmp-139/24586139_720132246612100.mp3,13:21:11,13:26:55,0:05:44,139,Breakstation Thematic Campaign
Chittagong,Feni,Laxmipur,M/S Sanjib Mazumder,Raipur,31424,mehedi@ecrm-ims,204B,Mohilla Collage,Hiru Store,12686481,7/20/2025,"23.019002, 90.6664035",https://ecrm3-web-uploads.s3.ap-southeast-1.amazonaws.com/Production/ecrm/Audios/Survey/cmp-139/31424139_720132235151100.mp3,13:22:35,13:27:14,0:04:39,139,Breakstation Thematic Campaign
Sylhet,B. Baria,Moulvibazar,MBKB Ltd (Moulvibazar),Sreemangal,32536,brsyl29578@ecrm-atmsl,203B,H Road Sree,B.G.B Abokash Store,12686584,7/20/2025,"24.3065183, 91.7344977",https://ecrm3-web-uploads.s3.ap-southeast-1.amazonaws.com/Production/ecrm/Audios/Survey/cmp-139/32536139_720132143210100.mp3,13:21:42,13:28:13,0:06:31,139,Breakstation Thematic Campaign
Khulna,Khulna,Khulna Metro-2,Rafiq Enterprise,Bagerhat,32989,brkhu150519977@ecrm-imsl,402B,SHALTOLA MORE,Dip Store,12687273,7/20/2025,"22.6569989, 89.7909009",https://ecrm3-web-uploads.s3.ap-southeast-1.amazonaws.com/Production/ecrm/Audios/Survey/cmp-139/32989139_720132819272100.mp3,13:28:18,13:34:29,0:06:11,139,Breakstation Thematic Campaign
Chittagong,CTG South,Cox's Bazar-2,M/S Al-Amin Store,Eidgah,31012,brctg047@ecrm-ims,279A,Bus station,Absar Store 1,12687382,7/20/2025,"21.5570607, 92.0620773",https://ecrm3-web-uploads.s3.ap-southeast-1.amazonaws.com/Production/ecrm/Audios/Survey/cmp-139/31012139_720132423781100.mp3,13:24:20,13:35:26,0:11:06,139,Breakstation Thematic Campaign
Chittagong,Feni,Maijdee,M/S Sanjib Mazumder,Chowmuhani,24586,brctg24491@ecrm-imsl,502A,Satuvanga Cng Pump,Jamal 2,12689273,7/20/2025,"22.9458219, 91.1344711",https://ecrm3-web-uploads.s3.ap-southeast-1.amazonaws.com/Production/ecrm/Audios/Survey/cmp-139/24586139_720135036521100.mp3,13:48:56,13:54:11,0:05:15,139,Breakstation Thematic Campaign
Sylhet,B. Baria,Moulvibazar,MBKB Ltd (Moulvibazar),Sreemangal,32536,brsyl29578@ecrm-atmsl,203B,H Road Sree,B.G.B Abokash Store,12689461,7/20/2025,"24.3065183, 91.7344977",https://ecrm3-web-uploads.s3.ap-southeast-1.amazonaws.com/Production/ecrm/Audios/Survey/cmp-139/32536139_720135003179100.mp3,13:50:01,13:55:59,0:05:58,139,Breakstation Thematic Campaign
Dhaka North,Dhaka North,Madhupur,"Agrani Trading Company Ltd, Tangail",Sarishabari,27392,selimkhan4@ecrm-imsl,704B,Pigna More Road,Sajahan Store,12697146,7/20/2025,"24.7801417, 89.8550214",https://ecrm3-web-uploads.s3.ap-southeast-1.amazonaws.com/Production/ecrm/Audios/Survey/cmp-139/27392139_72015294582100.mp3,15:29:44,15:36:38,0:06:54,139,Breakstation Thematic Campaign
Barishal,Barishal,Barishal-2,M/S BARISHAL J AHMED & CO.,Uzirpur,26303,brbar25473@ecrm-imsl,802A,Harta Bazar,Orun Store,12690394,7/20/2025,"22.8161222, 90.2445419",https://ecrm3-web-uploads.s3.ap-southeast-1.amazonaws.com/Production/ecrm/Audios/Survey/cmp-139/26303139_720140116566100.mp3,14:01:13,14:05:30,0:04:17,139,Breakstation Thematic Campaign
Barishal,Barishal,Barishal-2,M/S BARISHAL J AHMED & CO.,Pirojpur,14958,brkhu14958@ecrm-imsl,507B,Boulpur,Arup Store,12691549,7/20/2025,"22.570434, 89.9716783",https://ecrm3-web-uploads.s3.ap-southeast-1.amazonaws.com/Production/ecrm/Audios/Survey/cmp-139/14958139_720141122618100.mp3,14:11:04,14:17:41,0:06:37,139,Breakstation Thematic Campaign
Chittagong,Feni,Laxmipur,M/S Sanjib Mazumder,Raipur,31424,mehedi@ecrm-ims,204B,Mohilla Collage,Hiru Store,12691711,7/20/2025,"23.0183418, 90.6828232",https://ecrm3-web-uploads.s3.ap-southeast-1.amazonaws.com/Production/ecrm/Audios/Survey/cmp-139/31424139_720141150523100.mp3,14:11:46,14:19:28,0:07:42,139,Breakstation Thematic Campaign
Sylhet,B. Baria,Moulvibazar,MBKB Ltd (Moulvibazar),Sreemangal,32536,brsyl29578@ecrm-atmsl,203B,H Road Sree,B.G.B Abokash Store,12691862,7/20/2025,"24.3065183, 91.7344977",https://ecrm3-web-uploads.s3.ap-southeast-1.amazonaws.com/Production/ecrm/Audios/Survey/cmp-139/32536139_720141453469100.mp3,14:14:25,14:21:12,0:06:47,139,Breakstation Thematic Campaign
Dhaka North,Dhaka West,Tongi,Azahar Trading Ltd.,Tongi,17120,shofiqulislamsany15846@ecrm-imsl,17A,Dattapara Hasan Lane,Hatiya Store,12692213,7/20/2025,"23.9060293, 90.3905861",https://ecrm3-web-uploads.s3.ap-southeast-1.amazonaws.com/Production/ecrm/Audios/Survey/cmp-139/17120139_720141841379100.mp3,14:18:37,14:25:17,0:06:40,139,Breakstation Thematic Campaign
Barishal,Faridpur,Faridpur,AKHTER ENTERPRISE,Sadarpur,33076,mdjubayer229@ecrm-ims,501B,Sadarpur Bazar,Faraq Store,12692285,7/20/2025,"23.6212954, 89.8538007",https://ecrm3-web-uploads.s3.ap-southeast-1.amazonaws.com/Production/ecrm/Audios/Survey/cmp-139/33076139_720141955356100.mp3,14:19:56,14:26:03,0:06:07,139,Breakstation Thematic Campaign
Chittagong,Feni,Laxmipur,M/S Sanjib Mazumder,Raipur,31424,mehedi@ecrm-ims,204B,Mohilla Collage,Hiru Store,12692499,7/20/2025,"23.01838546, 90.68279985",https://ecrm3-web-uploads.s3.ap-southeast-1.amazonaws.com/Production/ecrm/Audios/Survey/cmp-139/31424139_720142417345100.mp3,14:24:17,14:28:52,0:04:35,139,Breakstation Thematic Campaign
Chittagong,Feni,Laxmipur,M/S Sanjib Mazumder,Raipur,31424,mehedi@ecrm-ims,204B,Mohilla Collage,Hiru Store,12692884,7/20/2025,"23.0183514, 90.6828067",https://ecrm3-web-uploads.s3.ap-southeast-1.amazonaws.com/Production/ecrm/Audios/Survey/cmp-139/31424139_720142855646100.mp3,14:28:55,14:33:28,0:04:33,139,Breakstation Thematic Campaign
Barishal,Faridpur,Faridpur,AKHTER ENTERPRISE,Sadarpur,33076,mdjubayer229@ecrm-ims,501B,Sadarpur Bazar,Faraq Store,12693263,7/20/2025,"23.6208778, 89.8539955",https://ecrm3-web-uploads.s3.ap-southeast-1.amazonaws.com/Production/ecrm/Audios/Survey/cmp-139/33076139_720143330614100.mp3,14:33:30,14:38:18,0:04:48,139,Breakstation Thematic Campaign
Chittagong,Feni,Maijdee,M/S Sanjib Mazumder,Chowmuhani,24586,brctg24491@ecrm-imsl,502A,Satuvanga Cng Pump,Jamal 2,12693797,7/20/2025,"22.9458472, 91.1298173",https://ecrm3-web-uploads.s3.ap-southeast-1.amazonaws.com/Production/ecrm/Audios/Survey/cmp-139/24586139_72014403536100.mp3,14:38:46,14:44:47,0:06:01,139,Breakstation Thematic Campaign
Sylhet,B. Baria,Moulvibazar,MBKB Ltd (Moulvibazar),Sreemangal,32536,brsyl29578@ecrm-atmsl,203B,H Road Sree,B.G.B Abokash Store,12694475,7/20/2025,"24.3065183, 91.7344977",https://ecrm3-web-uploads.s3.ap-southeast-1.amazonaws.com/Production/ecrm/Audios/Survey/cmp-139/32536139_720144855330100.mp3,14:48:54,14:53:49,0:04:55,139,Breakstation Thematic Campaign
Sylhet,B. Baria,Moulvibazar,MBKB Ltd (Moulvibazar),Sreemangal,32536,brsyl29578@ecrm-atmsl,203B,H Road Sree,B.G.B Abokash Store,12695079,7/20/2025,"24.3065183, 91.7344977",https://ecrm3-web-uploads.s3.ap-southeast-1.amazonaws.com/Production/ecrm/Audios/Survey/cmp-139/32536139_720145403605100.mp3,14:54:01,15:02:19,0:08:18,139,Breakstation Thematic Campaign
Chittagong,Feni,Laxmipur,M/S Sanjib Mazumder,Raipur,31424,mehedi@ecrm-ims,204B,Mohilla Collage,Hiru Store,12695469,7/20/2025,"23.01816197, 90.68325921",https://ecrm3-web-uploads.s3.ap-southeast-1.amazonaws.com/Production/ecrm/Audios/Survey/cmp-139/31424139_72015015619100.mp3,15:01:55,15:07:49,0:05:54,139,Breakstation Thematic Campaign
Chittagong,Feni,Maijdee,M/S Sanjib Mazumder,Chowmuhani,24586,brctg24491@ecrm-imsl,502A,Satuvanga Cng Pump,Jamal 2,12695458,7/20/2025,"22.9459375, 91.1267647",https://ecrm3-web-uploads.s3.ap-southeast-1.amazonaws.com/Production/ecrm/Audios/Survey/cmp-139/24586139_720150340737100.mp3,15:02:04,15:07:38,0:05:34,139,Breakstation Thematic Campaign
Sylhet,B. Baria,Moulvibazar,MBKB Ltd (Moulvibazar),Sreemangal,32536,brsyl29578@ecrm-atmsl,203B,H Road Sree,B.G.B Abokash Store,12696591,7/20/2025,"24.3065183, 91.7344977",https://ecrm3-web-uploads.s3.ap-southeast-1.amazonaws.com/Production/ecrm/Audios/Survey/cmp-139/32536139_720151723552100.mp3,15:17:18,15:26:20,0:09:02,139,Breakstation Thematic Campaign
Chittagong,Feni,Laxmipur,M/S Sanjib Mazumder,Raipur,31424,mehedi@ecrm-ims,204B,Mohilla Collage,Hiru Store,12698847,7/20/2025,"23.03290534, 90.75992591",https://ecrm3-web-uploads.s3.ap-southeast-1.amazonaws.com/Production/ecrm/Audios/Survey/cmp-139/31424139_720160147159100.mp3,16:01:47,16:08:21,0:06:34,139,Breakstation Thematic Campaign
Chittagong,Feni,Maijdee,M/S Sanjib Mazumder,Chowmuhani,24586,brctg24491@ecrm-imsl,502A,Satuvanga Cng Pump,Jamal 2,12700317,7/20/2025,"22.8216175, 91.1020991",https://ecrm3-web-uploads.s3.ap-southeast-1.amazonaws.com/Production/ecrm/Audios/Survey/cmp-139/24586139_720163038332100.mp3,16:30:37,16:34:39,0:04:02,139,Breakstation Thematic Campaign
Sylhet,B. Baria,Moulvibazar,MBKB Ltd (Moulvibazar),Sreemangal,32536,brsyl29578@ecrm-atmsl,203B,H Road Sree,B.G.B Abokash Store,12703281,7/20/2025,"24.3030587, 91.7275347",https://ecrm3-web-uploads.s3.ap-southeast-1.amazonaws.com/Production/ecrm/Audios/Survey/cmp-139/32536139_720174541408100.mp3,17:45:37,17:53:42,0:08:05,139,Breakstation Thematic Campaign
Sylhet,Sylhet,Sunamganj,Moula Baksh Karim Boksh,Sunamganj,32539,brsyljamal@ecrm-atmsl,106B,Zila Porishod,Dhananjoi Store,12659352,7/20/2025,"25.0714935, 91.3993305",https://ecrm3-web-uploads.s3.ap-southeast-1.amazonaws.com/Production/ecrm/Audios/Survey/cmp-139/32539139_72009582741100.mp3,9:58:27,10:03:12,0:04:45,139,Breakstation Thematic Campaign
Sylhet,Sylhet,Sunamganj,Moula Baksh Karim Boksh,Sunamganj,32539,brsyljamal@ecrm-atmsl,106B,Zila Porishod,Dhananjoi Store,12660483,7/20/2025,"25.07057, 91.3987268",https://ecrm3-web-uploads.s3.ap-southeast-1.amazonaws.com/Production/ecrm/Audios/Survey/cmp-139/32539139_720101205793100.mp3,10:12:04,10:16:57,0:04:53,139,Breakstation Thematic Campaign
Chittagong,Cumilla,Chandpur,"M/S. Abdul Latif Chowdhury, Chandpur",Chandpur,19828,brctg19828@ecrm-imsl,21A,Munshibari Road,Mostofa Store,12660885,7/20/2025,"23.2337346, 90.6718586",https://ecrm3-web-uploads.s3.ap-southeast-1.amazonaws.com/Production/ecrm/Audios/Survey/cmp-139/19828139_720101616551100.mp3,10:15:54,10:21:03,0:05:09,139,Breakstation Thematic Campaign
Sylhet,Sylhet,Sunamganj,Moula Baksh Karim Boksh,Sunamganj,32539,brsyljamal@ecrm-atmsl,106B,Zila Porishod,Dhananjoi Store,12660992,7/20/2025,"25.07057, 91.3987268",https://ecrm3-web-uploads.s3.ap-southeast-1.amazonaws.com/Production/ecrm/Audios/Survey/cmp-139/32539139_720101706458100.mp3,10:17:05,10:22:12,0:05:07,139,Breakstation Thematic Campaign
Chittagong,Cumilla,Chandpur,"M/S. Abdul Latif Chowdhury, Chandpur",Chandpur,19828,brctg19828@ecrm-imsl,21A,Munshibari Road,Mostofa Store,12661417,7/20/2025,"23.2340181, 90.6721514",https://ecrm3-web-uploads.s3.ap-southeast-1.amazonaws.com/Production/ecrm/Audios/Survey/cmp-139/19828139_720102115363100.mp3,10:21:15,10:26:05,0:04:50,139,Breakstation Thematic Campaign
Sylhet,Sylhet,Sunamganj,Moula Baksh Karim Boksh,Sunamganj,32539,brsyljamal@ecrm-atmsl,106B,Zila Porishod,Dhananjoi Store,12661547,7/20/2025,"25.07057, 91.3987268",https://ecrm3-web-uploads.s3.ap-southeast-1.amazonaws.com/Production/ecrm/Audios/Survey/cmp-139/32539139_720102218659100.mp3,10:22:18,10:27:21,0:05:03,139,Breakstation Thematic Campaign
Rajshahi,Rajshahi,Naogaon,Channa & Brothers,Raninagar,33119,brraj1614@ecrm-ims,35A,"Balghoria,Sahagola Road",Bipul Store,12662990,7/20/2025,"24.74148962, 88.9695707",https://ecrm3-web-uploads.s3.ap-southeast-1.amazonaws.com/Production/ecrm/Audios/Survey/cmp-139/33119139_720102701234100.mp3,10:29:02,10:39:49,0:10:47,139,Breakstation Thematic Campaign
Sylhet,Sylhet,Sunamganj,Moula Baksh Karim Boksh,Sunamganj,32539,brsyljamal@ecrm-atmsl,106B,Zila Porishod,Dhananjoi Store,12663098,7/20/2025,"25.07057, 91.3987268",https://ecrm3-web-uploads.s3.ap-southeast-1.amazonaws.com/Production/ecrm/Audios/Survey/cmp-139/32539139_720103531166100.mp3,10:35:30,10:40:39,0:05:09,139,Breakstation Thematic Campaign
Khulna,Kushtia,Chuadanga,Desh Trade Link,Sarajganj,33066,brkhu0216@ecrm-imsl,202A,Bodorgonj,Robiul Store,12663175,7/20/2025,"23.5749865, 88.7052769",https://ecrm3-web-uploads.s3.ap-southeast-1.amazonaws.com/Production/ecrm/Audios/Survey/cmp-139/33066139_720103019319100.mp3,10:30:17,10:41:16,0:10:59,139,Breakstation Thematic Campaign
Sylhet,Sylhet,Sunamganj,Moula Baksh Karim Boksh,Sunamganj,32539,brsyljamal@ecrm-atmsl,106B,Zila Porishod,Dhananjoi Store,12663674,7/20/2025,"25.07057, 91.3987268",https://ecrm3-web-uploads.s3.ap-southeast-1.amazonaws.com/Production/ecrm/Audios/Survey/cmp-139/32539139_720104100482100.mp3,10:41:00,10:45:19,0:04:19,139,Breakstation Thematic Campaign
Chittagong,Cumilla,Chandpur,"M/S. Abdul Latif Chowdhury, Chandpur",Chandpur,19828,brctg19828@ecrm-imsl,21A,Munshibari Road,Mostofa Store,12664756,7/20/2025,"23.2334464, 90.6715612",https://ecrm3-web-uploads.s3.ap-southeast-1.amazonaws.com/Production/ecrm/Audios/Survey/cmp-139/19828139_72010490844100.mp3,10:49:08,10:53:42,0:04:34,139,Breakstation Thematic Campaign
Sylhet,Sylhet,Sunamganj,Moula Baksh Karim Boksh,Sunamganj,32539,brsyljamal@ecrm-atmsl,106B,Zila Porishod,Dhananjoi Store,12667881,7/20/2025,"25.07057, 91.3987268",https://ecrm3-web-uploads.s3.ap-southeast-1.amazonaws.com/Production/ecrm/Audios/Survey/cmp-139/32539139_720110924295100.mp3,11:09:24,11:15:48,0:06:24,139,Breakstation Thematic Campaign
Sylhet,Mymensingh,Mymensingh 1,Noor Sons,Muktagacha,801,brsyl341@ecrm-atmsl,304A,Boro Moshjid road,Kashem Store,12666629,7/20/2025,"24.7648873, 90.2573873",https://ecrm3-web-uploads.s3.ap-southeast-1.amazonaws.com/Production/ecrm/Audios/Survey/cmp-139/801139_720110029818100.mp3,11:00:28,11:07:03,0:06:35,139,Breakstation Thematic Campaign
Sylhet,Sylhet,Sunamganj,Moula Baksh Karim Boksh,Sunamganj,32539,brsyljamal@ecrm-atmsl,106B,Zila Porishod,Dhananjoi Store,12666944,7/20/2025,"25.07057, 91.3987268",https://ecrm3-web-uploads.s3.ap-southeast-1.amazonaws.com/Production/ecrm/Audios/Survey/cmp-139/32539139_720110428582100.mp3,11:04:28,11:09:16,0:04:48,139,Breakstation Thematic Campaign
Khulna,Kushtia,Chuadanga,Desh Trade Link,Sarajganj,33066,brkhu0216@ecrm-imsl,202A,Bodorgonj,Robiul Store,12668071,7/20/2025,"23.5749814, 88.7052743",https://ecrm3-web-uploads.s3.ap-southeast-1.amazonaws.com/Production/ecrm/Audios/Survey/cmp-139/33066139_720111139272100.mp3,11:11:37,11:17:15,0:05:38,139,Breakstation Thematic Campaign
Chittagong,Cumilla,Chandpur,"M/S. Abdul Latif Chowdhury, Chandpur",Chandpur,19828,brctg19828@ecrm-imsl,21A,Munshibari Road,Mostofa Store,12669189,7/20/2025,"23.2334525, 90.6715038",https://ecrm3-web-uploads.s3.ap-southeast-1.amazonaws.com/Production/ecrm/Audios/Survey/cmp-139/19828139_720112045423100.mp3,11:20:45,11:24:53,0:04:08,139,Breakstation Thematic Campaign
Sylhet,Sylhet,Sunamganj,Moula Baksh Karim Boksh,Sunamganj,32539,brsyljamal@ecrm-atmsl,106B,Zila Porishod,Dhananjoi Store,12669507,7/20/2025,"25.07057, 91.3987268",https://ecrm3-web-uploads.s3.ap-southeast-1.amazonaws.com/Production/ecrm/Audios/Survey/cmp-139/32539139_720112104510100.mp3,11:21:03,11:27:01,0:05:58,139,Breakstation Thematic Campaign
Rajshahi,Rajshahi,Naogaon,Channa & Brothers,Raninagar,33119,brraj1614@ecrm-ims,35A,"Balghoria,Sahagola Road",Bipul Store,12671624,7/20/2025,"24.73938697, 88.96954762",https://ecrm3-web-uploads.s3.ap-southeast-1.amazonaws.com/Production/ecrm/Audios/Survey/cmp-139/33119139_720113150409100.mp3,11:33:52,11:41:11,0:07:19,139,Breakstation Thematic Campaign
Sylhet,Sylhet,Sunamganj,Moula Baksh Karim Boksh,Sunamganj,32539,brsyljamal@ecrm-atmsl,106B,Zila Porishod,Dhananjoi Store,12676171,7/20/2025,"25.07057, 91.3987268",https://ecrm3-web-uploads.s3.ap-southeast-1.amazonaws.com/Production/ecrm/Audios/Survey/cmp-139/32539139_720120635700100.mp3,12:06:35,12:11:22,0:04:47,139,Breakstation Thematic Campaign
Sylhet,Sylhet,Sunamganj,Moula Baksh Karim Boksh,Sunamganj,32539,brsyljamal@ecrm-atmsl,106B,Zila Porishod,Dhananjoi Store,12672792,7/20/2025,"25.07057, 91.3987268",https://ecrm3-web-uploads.s3.ap-southeast-1.amazonaws.com/Production/ecrm/Audios/Survey/cmp-139/32539139_720114443809100.mp3,11:44:44,11:49:02,0:04:18,139,Breakstation Thematic Campaign
Chittagong,Cumilla,Chandpur,"M/S. Abdul Latif Chowdhury, Chandpur",Chandpur,19828,brctg19828@ecrm-imsl,21A,Munshibari Road,Mostofa Store,12673226,7/20/2025,"23.2336535, 90.6715183",https://ecrm3-web-uploads.s3.ap-southeast-1.amazonaws.com/Production/ecrm/Audios/Survey/cmp-139/19828139_720114651159100.mp3,11:46:51,11:51:46,0:04:55,139,Breakstation Thematic Campaign
Sylhet,Sylhet,Sunamganj,Moula Baksh Karim Boksh,Sunamganj,32539,brsyljamal@ecrm-atmsl,106B,Zila Porishod,Dhananjoi Store,12673919,7/20/2025,"25.07057, 91.3987268",https://ecrm3-web-uploads.s3.ap-southeast-1.amazonaws.com/Production/ecrm/Audios/Survey/cmp-139/32539139_720115134367100.mp3,11:51:34,11:56:29,0:04:55,139,Breakstation Thematic Campaign
Sylhet,Sylhet,Sunamganj,Moula Baksh Karim Boksh,Sunamganj,32539,brsyljamal@ecrm-atmsl,106B,Zila Porishod,Dhananjoi Store,12674767,7/20/2025,"25.07057, 91.3987268",https://ecrm3-web-uploads.s3.ap-southeast-1.amazonaws.com/Production/ecrm/Audios/Survey/cmp-139/32539139_720115645206100.mp3,11:56:45,12:02:02,0:05:17,139,Breakstation Thematic Campaign
Chittagong,Cumilla,Chandpur,"M/S. Abdul Latif Chowdhury, Chandpur",Chandpur,19828,brctg19828@ecrm-imsl,21A,Munshibari Road,Mostofa Store,12674859,7/20/2025,"23.2335241, 90.6715546",https://ecrm3-web-uploads.s3.ap-southeast-1.amazonaws.com/Production/ecrm/Audios/Survey/cmp-139/19828139_720115723788100.mp3,11:57:22,12:02:38,0:05:16,139,Breakstation Thematic Campaign
Khulna,Khulna,Khulna Metro-1,Rafiq Enterprise,Khulna,2530,brkhu2530@ecrm-imsl,311B,Mohammad Nagar Bishaw Road More,Kholifa Store,12660382,7/20/2025,"22.7841146, 89.5365874",https://ecrm3-web-uploads.s3.ap-southeast-1.amazonaws.com/Production/ecrm/Audios/Survey/cmp-141/2530141_720100826266100.mp3,10:08:25,10:15:50,0:07:25,141,Breakstation Thematic Campaign (Derby Vulnerable)
Sylhet,Sylhet,Sylhet Metro 1,Moula Baksh Karim Boksh Ltd.,Kalighat,30885,brsyl0023@ecrm-atmsl,203B,Kazitula,Jonota Store,12664139,7/20/2025,"24.9202286, 91.8411199",https://ecrm3-web-uploads.s3.ap-southeast-1.amazonaws.com/Production/ecrm/Audios/Survey/cmp-141/30885141_720104345220100.mp3,10:43:44,10:48:44,0:05:00,141,Breakstation Thematic Campaign (Derby Vulnerable)
Khulna,Khulna,Jashore-1,M/S Azizur Rahman,Navaron,24464,brkhu24464@ecrm-imsl,205B,SATKHIRA MORE,Sakib Tea,12678045,7/20/2025,"23.0581673, 89.0003433",https://ecrm3-web-uploads.s3.ap-southeast-1.amazonaws.com/Production/ecrm/Audios/Survey/cmp-141/24464141_720121907207100.mp3,12:19:05,12:24:02,0:04:57,141,Breakstation Thematic Campaign (Derby Vulnerable)
Sylhet,Sylhet,Sylhet Metro 2,Moula Baksh Karim Boksh Ltd.,Akhalia,31402,brsyl00099@ecrm-atmsl,104A,Kola Para (65 Goli),Tamanna Tredras,12678302,7/20/2025,"24.8998936, 91.8531741",https://ecrm3-web-uploads.s3.ap-southeast-1.amazonaws.com/Production/ecrm/Audios/Survey/cmp-141/31402141_720122138452100.mp3,12:21:37,12:25:56,0:04:19,141,Breakstation Thematic Campaign (Derby Vulnerable)
Barishal,Faridpur,Madaripur-2,SPS Shariatpur,Shariatpur,29783,rabiulislam123@ecrm-imsl,501A,Fatema Clinic,Satter Store,12695731,7/20/2025,"23.2142186, 90.3475759",https://ecrm3-web-uploads.s3.ap-southeast-1.amazonaws.com/Production/ecrm/Audios/Survey/cmp-141/29783141_720150709361100.mp3,15:07:08,15:11:40,0:04:32,141,Breakstation Thematic Campaign (Derby Vulnerable)
Barishal,Faridpur,Madaripur-2,SPS Shariatpur,Shariatpur,29783,rabiulislam123@ecrm-imsl,501A,Fatema Clinic,Satter Store,12658822,7/20/2025,"23.2206631, 90.3364539",https://ecrm3-web-uploads.s3.ap-southeast-1.amazonaws.com/Production/ecrm/Audios/Survey/cmp-141/29783141_720094658455100.mp3,9:46:59,9:55:20,0:08:21,141,Breakstation Thematic Campaign (Derby Vulnerable)
Rajshahi,Dinajpur,Dinajpur,Moulovi Brothers,Biral,13632,brraj13632@ecrm-ims,61B,Narabari Bazar,Ohidur Store,12659664,7/20/2025,"25.6930918, 88.5114766",https://ecrm3-web-uploads.s3.ap-southeast-1.amazonaws.com/Production/ecrm/Audios/Survey/cmp-141/13632141_72010022590100.mp3,10:02:22,10:07:17,0:04:55,141,Breakstation Thematic Campaign (Derby Vulnerable)
Sylhet,Sylhet,Sylhet Metro 1,Moula Baksh Karim Boksh Ltd.,Kalighat,30885,brsyl0023@ecrm-atmsl,203B,Kazitula,Jonota Store,12661782,7/20/2025,"24.9202286, 91.8411199",https://ecrm3-web-uploads.s3.ap-southeast-1.amazonaws.com/Production/ecrm/Audios/Survey/cmp-141/30885141_720102531495100.mp3,10:25:29,10:29:36,0:04:07,141,Breakstation Thematic Campaign (Derby Vulnerable)
Barishal,Faridpur,Faridpur,AKHTER ENTERPRISE,Sadarpur,33076,mdjubayer229@ecrm-ims,501A,8 Roshi,Younus Store,12666558,7/20/2025,"23.6129608, 89.829521",https://ecrm3-web-uploads.s3.ap-southeast-1.amazonaws.com/Production/ecrm/Audios/Survey/cmp-141/33076141_720110030201100.mp3,11:00:23,11:06:33,0:06:10,141,Breakstation Thematic Campaign (Derby Vulnerable)
Khulna,Khulna,Jashore-1,M/S Azizur Rahman,Navaron,24464,brkhu24464@ecrm-imsl,205B,SATKHIRA MORE,Sakib Tea,12678930,7/20/2025,"23.0581367, 89.0003905",https://ecrm3-web-uploads.s3.ap-southeast-1.amazonaws.com/Production/ecrm/Audios/Survey/cmp-141/24464141_720122525107100.mp3,12:25:23,12:30:25,0:05:02,141,Breakstation Thematic Campaign (Derby Vulnerable)
Rajshahi,Rangpur,Kurigram,"Asiatic Distributions Limited, Kurigram",Ulipur,33064,ehasanul1999@ecrm-ims,20A,Amin More,Moslem Store,12689997,7/20/2025,"25.6556975, 89.6154807",https://ecrm3-web-uploads.s3.ap-southeast-1.amazonaws.com/Production/ecrm/Audios/Survey/cmp-141/33064141_720135016735100.mp3,13:50:15,14:01:14,0:10:59,141,Breakstation Thematic Campaign (Derby Vulnerable)
Barishal,Faridpur,Madaripur-2,SPS Shariatpur,Shariatpur,29783,rabiulislam123@ecrm-imsl,501A,Fatema Clinic,Satter Store,12695076,7/20/2025,"23.2142205, 90.3475799",https://ecrm3-web-uploads.s3.ap-southeast-1.amazonaws.com/Production/ecrm/Audios/Survey/cmp-141/29783141_72014575866100.mp3,14:57:57,15:02:13,0:04:16,141,Breakstation Thematic Campaign (Derby Vulnerable)
Barishal,Faridpur,Madaripur-2,SPS Shariatpur,Shariatpur,29783,rabiulislam123@ecrm-imsl,501A,Fatema Clinic,Satter Store,12695417,7/20/2025,"23.2142199, 90.3475843",https://ecrm3-web-uploads.s3.ap-southeast-1.amazonaws.com/Production/ecrm/Audios/Survey/cmp-141/29783141_720150221155100.mp3,15:02:20,15:07:00,0:04:40,141,Breakstation Thematic Campaign (Derby Vulnerable)
Chittagong,CTG South,Patiya,MAQ Distribution,Chambol,33096,mdsajjadhosen@ecrm-ims,110A,Time Bazar,Jalal Store,12695447,7/20/2025,"22.053324, 91.9410038",https://ecrm3-web-uploads.s3.ap-southeast-1.amazonaws.com/Production/ecrm/Audios/Survey/cmp-141/33096141_720150246609100.mp3,15:02:39,15:07:29,0:04:50,141,Breakstation Thematic Campaign (Derby Vulnerable)
Sylhet,Narsingdi,Narsingdi 1,"J R Corporation Limited, Narsingdi",Madhabdi,27236,mdlikhon59@ecrm-atmsl,308A,Khuj Para,Moti Store,12679396,7/20/2025,"23.8584147, 90.6751611",https://ecrm3-web-uploads.s3.ap-southeast-1.amazonaws.com/Production/ecrm/Audios/Survey/cmp-141/27236141_72012281745100.mp3,12:28:16,12:33:36,0:05:20,141,Breakstation Thematic Campaign (Derby Vulnerable)
Dhaka North,Dhaka North,Madhupur,"Agrani Trading Company Ltd, Tangail",Madhupur,27451,moneruzzaman2002@ecrm-imsl,607B,Bokarbaid,Anower Store,12657685,7/20/2025,"24.6193718, 90.0383628",https://ecrm3-web-uploads.s3.ap-southeast-1.amazonaws.com/Production/ecrm/Audios/Survey/cmp-141/27451141_720092300751100.mp3,9:22:58,9:28:12,0:05:14,141,Breakstation Thematic Campaign (Derby Vulnerable)
Dhaka North,Dhaka North,Madhupur,"Agrani Trading Company Ltd, Tangail",Madhupur,27451,moneruzzaman2002@ecrm-imsl,607B,Bokarbaid,Anower Store,12658164,7/20/2025,"24.6416717, 90.0756836",https://ecrm3-web-uploads.s3.ap-southeast-1.amazonaws.com/Production/ecrm/Audios/Survey/cmp-141/27451141_720093752326100.mp3,9:37:51,9:42:46,0:04:55,141,Breakstation Thematic Campaign (Derby Vulnerable)
Khulna,Kushtia,Chuadanga,Desh Trade Link,Darshana,1013,brkhu552@ecrm-imsl,402A,Andulbaria Bazar,Mamun Store,12688787,7/20/2025,"23.4790441, 88.8937463",https://ecrm3-web-uploads.s3.ap-southeast-1.amazonaws.com/Production/ecrm/Audios/Survey/cmp-141/1013141_720134451860100.mp3,13:42:36,13:49:12,0:06:36,141,Breakstation Thematic Campaign (Derby Vulnerable)
Khulna,Kushtia,Chuadanga,Desh Trade Link,Darshana,1013,brkhu552@ecrm-imsl,402A,Andulbaria Bazar,Mamun Store,12689394,7/20/2025,"23.4789682, 88.893787",https://ecrm3-web-uploads.s3.ap-southeast-1.amazonaws.com/Production/ecrm/Audios/Survey/cmp-141/1013141_720135050469100.mp3,13:50:53,13:55:20,0:04:27,141,Breakstation Thematic Campaign (Derby Vulnerable)
Dhaka North,Dhaka North,Madhupur,"Agrani Trading Company Ltd, Tangail",Madhupur,27451,moneruzzaman2002@ecrm-imsl,607B,Bokarbaid,Anower Store,12658890,7/20/2025,"24.6417174, 90.0757361",https://ecrm3-web-uploads.s3.ap-southeast-1.amazonaws.com/Production/ecrm/Audios/Survey/cmp-141/27451141_720094252219100.mp3,9:42:52,9:56:16,0:13:24,141,Breakstation Thematic Campaign (Derby Vulnerable)
Dhaka North,Dhaka North,Madhupur,"Agrani Trading Company Ltd, Tangail",Madhupur,27451,moneruzzaman2002@ecrm-imsl,607B,Bokarbaid,Anower Store,12660829,7/20/2025,"24.6418822, 90.0759501",https://ecrm3-web-uploads.s3.ap-southeast-1.amazonaws.com/Production/ecrm/Audios/Survey/cmp-141/27451141_720101454536100.mp3,10:14:52,10:20:25,0:05:33,141,Breakstation Thematic Campaign (Derby Vulnerable)
Khulna,Kushtia,Chuadanga,Desh Trade Link,Darshana,1013,brkhu552@ecrm-imsl,402A,Andulbaria Bazar,Mamun Store,12688084,7/20/2025,"23.4790804, 88.8941556",https://ecrm3-web-uploads.s3.ap-southeast-1.amazonaws.com/Production/ecrm/Audios/Survey/cmp-141/1013141_720133801593100.mp3,13:38:00,13:42:23,0:04:23,141,Breakstation Thematic Campaign (Derby Vulnerable)
Khulna,Khulna,Jashore-1,M/S Azizur Rahman,Khajura,31709,brkhu29046@ecrm-imsl,901A,Puler Hat,Aorpa Store,12698282,7/20/2025,"23.2216581, 89.2296266",https://ecrm3-web-uploads.s3.ap-southeast-1.amazonaws.com/Production/ecrm/Audios/Survey/cmp-141/31709141_720155038114100.mp3,15:50:35,15:57:46,0:07:11,141,Breakstation Thematic Campaign (Derby Vulnerable)
Khulna,Kushtia,Kushtia,Joarder Traders,Bheramara,1233,brkhu558@ecrm-imsl,302A,Platform,Sayed Store,12658523,7/20/2025,"24.0213126, 88.9893265",https://ecrm3-web-uploads.s3.ap-southeast-1.amazonaws.com/Production/ecrm/Audios/Survey/cmp-141/1233141_720094402718100.mp3,9:44:00,9:50:19,0:06:19,141,Breakstation Thematic Campaign (Derby Vulnerable)
Khulna,Kushtia,Kushtia,Joarder Traders,Bheramara,1233,brkhu558@ecrm-imsl,302A,Platform,Sayed Store,12659007,7/20/2025,"24.0212862, 88.9894596",https://ecrm3-web-uploads.s3.ap-southeast-1.amazonaws.com/Production/ecrm/Audios/Survey/cmp-141/1233141_720095117541100.mp3,9:51:14,9:58:04,0:06:50,141,Breakstation Thematic Campaign (Derby Vulnerable)
Dhaka South,Dhaka Central,Gulshan,"Agrani Trading Corporation, Gulshan",Gulshan,30270,yousuf@ecrm-imsl,19A,Dhali Bari Kola Arot,Monir Store,12675687,7/20/2025,"23.7797199, 90.421028",https://ecrm3-web-uploads.s3.ap-southeast-1.amazonaws.com/Production/ecrm/Audios/Survey/cmp-141/30270141_720120407149100.mp3,12:04:05,12:08:14,0:04:09,141,Breakstation Thematic Campaign (Derby Vulnerable)
Rajshahi,Dinajpur,Gaibandha,M/S. Spectrum Trading Corporation,Bonarpara,27876,brraj13604@ecrm-ims,141A,Helencha Main Road,Tota Store,12693010,7/20/2025,"25.1328501, 89.5527355",https://ecrm3-web-uploads.s3.ap-southeast-1.amazonaws.com/Production/ecrm/Audios/Survey/cmp-141/27876141_720142942828100.mp3,14:29:38,14:34:59,0:05:21,141,Breakstation Thematic Campaign (Derby Vulnerable)
Rajshahi,Dinajpur,Gaibandha,M/S. Spectrum Trading Corporation,Bonarpara,27876,brraj13604@ecrm-ims,141A,Helencha Main Road,Tota Store,12694545,7/20/2025,"25.132846, 89.5527156",https://ecrm3-web-uploads.s3.ap-southeast-1.amazonaws.com/Production/ecrm/Audios/Survey/cmp-141/27876141_720144232633100.mp3,14:42:28,14:54:43,0:12:15,141,Breakstation Thematic Campaign (Derby Vulnerable)
Khulna,Kushtia,Magura,Akram Enterprise,Arpara,33149,mehedi1989@ecrm-imsl,404B,Shimakhali,Halim Store,12699527,7/20/2025,"23.3260693, 89.3160031",https://ecrm3-web-uploads.s3.ap-southeast-1.amazonaws.com/Production/ecrm/Audios/Survey/cmp-141/33149141_720161423109100.mp3,16:14:25,16:20:19,0:05:54,141,Breakstation Thematic Campaign (Derby Vulnerable)
Khulna,Kushtia,Kushtia,Joarder Traders,Bheramara,1233,brkhu558@ecrm-imsl,302A,Platform,Sayed Store,12657865,7/20/2025,"24.0230862, 88.9886216",https://ecrm3-web-uploads.s3.ap-southeast-1.amazonaws.com/Production/ecrm/Audios/Survey/cmp-141/1233141_720092829803100.mp3,9:28:26,9:34:33,0:06:07,141,Breakstation Thematic Campaign (Derby Vulnerable)
Barishal,Faridpur,Faridpur,AKHTER ENTERPRISE,Faridpur (KHU),32350,sadiqulislam@ecrm-ims,104D,1 No Sarok,Kamala,12671295,7/20/2025,"23.6015822, 89.8456486",https://ecrm3-web-uploads.s3.ap-southeast-1.amazonaws.com/Production/ecrm/Audios/Survey/cmp-141/32350141_720113205153100.mp3,11:34:49,11:39:02,0:04:13,141,Breakstation Thematic Campaign (Derby Vulnerable)
Barishal,Faridpur,Faridpur,AKHTER ENTERPRISE,Faridpur (KHU),32350,sadiqulislam@ecrm-ims,104D,1 No Sarok,Kamala,12670611,7/20/2025,"23.6015806, 89.8456555",https://ecrm3-web-uploads.s3.ap-southeast-1.amazonaws.com/Production/ecrm/Audios/Survey/cmp-141/32350141_720112435527100.mp3,11:27:16,11:34:21,0:07:05,141,Breakstation Thematic Campaign (Derby Vulnerable)
Dhaka South,Dhaka Central,Gulshan,"Agrani Trading Corporation, Gulshan",Gulshan,30270,yousuf@ecrm-imsl,19A,Dhali Bari Kola Arot,Monir Store,12678762,7/20/2025,"23.7789462, 90.4186761",https://ecrm3-web-uploads.s3.ap-southeast-1.amazonaws.com/Production/ecrm/Audios/Survey/cmp-141/30270141_720121738379100.mp3,12:17:27,12:29:17,0:11:50,141,Breakstation Thematic Campaign (Derby Vulnerable)
Sylhet,Mymensingh,Jamalpur,Amin Distribution Company Ltd.,Jamalpur,24142,hasanrahman21228@ecrm-imsl,604B,Gatepar Jamalpur,Al Amin Store,12698134,7/20/2025,"24.915834, 89.9527954",https://ecrm3-web-uploads.s3.ap-southeast-1.amazonaws.com/Production/ecrm/Audios/Survey/cmp-141/24142141_720154854210100.mp3,15:48:54,15:55:05,0:06:11,141,Breakstation Thematic Campaign (Derby Vulnerable)
Khulna,Khulna,Jashore-2,M/S Azizur Rahman,Keshobpur,30735,brkhu29026@ecrm-imsl,603B,Sreefala Bazar,Apu Store,12660300,7/20/2025,"22.906521, 89.2193788",https://ecrm3-web-uploads.s3.ap-southeast-1.amazonaws.com/Production/ecrm/Audios/Survey/cmp-141/30735141_72010082545100.mp3,10:08:21,10:14:54,0:06:33,141,Breakstation Thematic Campaign (Derby Vulnerable)
Barishal,Faridpur,Faridpur,AKHTER ENTERPRISE,Faridpur (KHU),32350,sadiqulislam@ecrm-ims,104D,1 No Sarok,Kamala,12669546,7/20/2025,"23.6014329, 89.8456261",https://ecrm3-web-uploads.s3.ap-southeast-1.amazonaws.com/Production/ecrm/Audios/Survey/cmp-141/32350141_720111904419100.mp3,11:21:49,11:27:12,0:05:23,141,Breakstation Thematic Campaign (Derby Vulnerable)
Dhaka South,Dhaka Central,Gulshan,"Agrani Trading Corporation, Gulshan",Gulshan,30270,yousuf@ecrm-imsl,19A,Dhali Bari Kola Arot,Monir Store,12676375,7/20/2025,"23.7781981, 90.4211109",https://ecrm3-web-uploads.s3.ap-southeast-1.amazonaws.com/Production/ecrm/Audios/Survey/cmp-141/30270141_720120821756100.mp3,12:08:18,12:12:49,0:04:31,141,Breakstation Thematic Campaign (Derby Vulnerable)
Khulna,Kushtia,Magura,Akram Enterprise,Arpara,33149,mehedi1989@ecrm-imsl,404B,Shimakhali,Halim Store,12691707,7/20/2025,"23.3256415, 89.3176343",https://ecrm3-web-uploads.s3.ap-southeast-1.amazonaws.com/Production/ecrm/Audios/Survey/cmp-141/33149141_720141434139100.mp3,14:14:35,14:19:28,0:04:53,141,Breakstation Thematic Campaign (Derby Vulnerable)
Khulna,Kushtia,Magura,Akram Enterprise,Arpara,33149,mehedi1989@ecrm-imsl,404B,Shimakhali,Halim Store,12692479,7/20/2025,"23.3256311, 89.3176035",https://ecrm3-web-uploads.s3.ap-southeast-1.amazonaws.com/Production/ecrm/Audios/Survey/cmp-141/33149141_720142401600100.mp3,14:24:03,14:28:36,0:04:33,141,Breakstation Thematic Campaign (Derby Vulnerable)
Rajshahi,Dinajpur,Gaibandha,M/S. Spectrum Trading Corporation,Bonarpara,27876,brraj13604@ecrm-ims,141A,Helencha Main Road,Tota Store,12693581,7/20/2025,"25.1328469, 89.552726",https://ecrm3-web-uploads.s3.ap-southeast-1.amazonaws.com/Production/ecrm/Audios/Survey/cmp-141/27876141_720143524639100.mp3,14:35:22,14:42:13,0:06:51,141,Breakstation Thematic Campaign (Derby Vulnerable)
Khulna,Kushtia,Magura,Akram Enterprise,Arpara,33149,mehedi1989@ecrm-imsl,404B,Shimakhali,Halim Store,12701344,7/20/2025,"23.3260676, 89.316035",https://ecrm3-web-uploads.s3.ap-southeast-1.amazonaws.com/Production/ecrm/Audios/Survey/cmp-141/33149141_720164033560100.mp3,16:40:35,16:56:12,0:15:37,141,Breakstation Thematic Campaign (Derby Vulnerable)
Chittagong,Feni,Feni-1,Rokeya & Sons,Chhagalnaiya,28968,brctg3377@ecrm-imsl,43B,Shuvopur Notun Bazar,Bai Bai Store,12657638,7/20/2025,"23.0334304, 91.5148276",https://ecrm3-web-uploads.s3.ap-southeast-1.amazonaws.com/Production/ecrm/Audios/Survey/cmp-141/28968141_720091107167100.mp3,9:11:06,9:25:53,0:14:47,141,Breakstation Thematic Campaign (Derby Vulnerable)
Dhaka South,Dhaka South,Dhanmondi,The Jamal & Co - Dhanmondi,Dhanmondi,21281,brdhk21281@ecrm-imsl,128D,Solimullah Road,Badol Store,12660063,7/20/2025,"23.7600095, 90.3653702",https://ecrm3-web-uploads.s3.ap-southeast-1.amazonaws.com/Production/ecrm/Audios/Survey/cmp-141/21281141_720100650787100.mp3,10:06:50,10:12:15,0:05:25,141,Breakstation Thematic Campaign (Derby Vulnerable)
Rajshahi,Bogura,Sirajganj,Mr Brothers,Sirajganj,928,brraj403@ecrm-ims,162D,Natun Post office,Alomgir Store,12660340,7/20/2025,"24.4526732, 89.7094098",https://ecrm3-web-uploads.s3.ap-southeast-1.amazonaws.com/Production/ecrm/Audios/Survey/cmp-141/928141_720094244868100.mp3,9:42:40,9:49:13,0:06:33,141,Breakstation Thematic Campaign (Derby Vulnerable)
Barishal,Faridpur,Faridpur,AKHTER ENTERPRISE,Nagarkanda,32366,asifmia@ecrm-ims,702B,Mehaer Dia,Juel Store,12676443,7/20/2025,"23.5922766, 89.814909",https://ecrm3-web-uploads.s3.ap-southeast-1.amazonaws.com/Production/ecrm/Audios/Survey/cmp-141/32366141_720120619696100.mp3,12:08:56,12:13:19,0:04:23,141,Breakstation Thematic Campaign (Derby Vulnerable)
Barishal,Faridpur,Faridpur,AKHTER ENTERPRISE,Nagarkanda,32366,asifmia@ecrm-ims,702B,Mehaer Dia,Juel Store,12685154,7/20/2025,"23.5959772, 89.8620853",https://ecrm3-web-uploads.s3.ap-southeast-1.amazonaws.com/Production/ecrm/Audios/Survey/cmp-141/32366141_720130542128100.mp3,13:08:07,13:15:54,0:07:47,141,Breakstation Thematic Campaign (Derby Vulnerable)
Chittagong,Feni,Feni-1,Rokeya & Sons,Chhagalnaiya,28968,brctg3377@ecrm-imsl,43B,Shuvopur Notun Bazar,Bai Bai Store,12667153,7/20/2025,"23.040442, 91.5151225",https://ecrm3-web-uploads.s3.ap-southeast-1.amazonaws.com/Production/ecrm/Audios/Survey/cmp-141/28968141_720110417705100.mp3,11:04:18,11:10:41,0:06:23,141,Breakstation Thematic Campaign (Derby Vulnerable)
Rajshahi,Dinajpur,Thakurgaon,Moulovi Brothers,Pirganj (D-2),32900,sumon1024@ecrm-ims,95A,Bus Stand,Somser Store,12669591,7/20/2025,"26.0379929, 88.4506861",https://ecrm3-web-uploads.s3.ap-southeast-1.amazonaws.com/Production/ecrm/Audios/Survey/cmp-141/32900141_720112105423100.mp3,11:21:05,11:27:32,0:06:27,141,Breakstation Thematic Campaign (Derby Vulnerable)
Rajshahi,Dinajpur,Thakurgaon,Moulovi Brothers,Pirganj (D-2),32900,sumon1024@ecrm-ims,95A,Bus Stand,Somser Store,12670753,7/20/2025,"26.0379937, 88.4507277",https://ecrm3-web-uploads.s3.ap-southeast-1.amazonaws.com/Production/ecrm/Audios/Survey/cmp-141/32900141_720112857180100.mp3,11:28:57,11:35:06,0:06:09,141,Breakstation Thematic Campaign (Derby Vulnerable)
Rajshahi,Dinajpur,Thakurgaon,Moulovi Brothers,Pirganj (D-2),32900,sumon1024@ecrm-ims,95A,Bus Stand,Somser Store,12672605,7/20/2025,"26.038005, 88.4507183",https://ecrm3-web-uploads.s3.ap-southeast-1.amazonaws.com/Production/ecrm/Audios/Survey/cmp-141/32900141_720113743478100.mp3,11:37:43,11:47:43,0:10:00,141,Breakstation Thematic Campaign (Derby Vulnerable)
Sylhet,B. Baria,Habiganj,ADL Habiganj,Bahubal,33138,brsyl6073@ecrm-atmsl,505A,Duliyakhal Road Mirpur,Janata Laundry,12702926,7/20/2025,"24.3853619, 91.4169657",https://ecrm3-web-uploads.s3.ap-southeast-1.amazonaws.com/Production/ecrm/Audios/Survey/cmp-141/33138141_720173522514100.mp3,17:35:22,17:40:35,0:05:13,141,Breakstation Thematic Campaign (Derby Vulnerable)
Rajshahi,Bogura,Sirajganj,Mr Brothers,Sirajganj,928,brraj403@ecrm-ims,162D,Natun Post office,Alomgir Store,12661178,7/20/2025,"24.4531441, 89.7095663",https://ecrm3-web-uploads.s3.ap-southeast-1.amazonaws.com/Production/ecrm/Audios/Survey/cmp-141/928141_720101639624100.mp3,10:16:38,10:24:05,0:07:27,141,Breakstation Thematic Campaign (Derby Vulnerable)
Rajshahi,Bogura,Sirajganj,Mr Brothers,Sirajganj,928,brraj403@ecrm-ims,162D,Natun Post office,Alomgir Store,12663932,7/20/2025,"24.4530696, 89.7095352",https://ecrm3-web-uploads.s3.ap-southeast-1.amazonaws.com/Production/ecrm/Audios/Survey/cmp-141/928141_720104106388100.mp3,10:41:07,10:47:19,0:06:12,141,Breakstation Thematic Campaign (Derby Vulnerable)
Dhaka South,Dhaka South,Dhanmondi,The Jamal & Co - Dhanmondi,Dhanmondi,21281,brdhk21281@ecrm-imsl,128D,Solimullah Road,Badol Store,12667527,7/20/2025,"23.7705743, 90.3682985",https://ecrm3-web-uploads.s3.ap-southeast-1.amazonaws.com/Production/ecrm/Audios/Survey/cmp-141/21281141_720110913646100.mp3,11:09:15,11:13:19,0:04:04,141,Breakstation Thematic Campaign (Derby Vulnerable)
Dhaka South,Dhaka South,Dhanmondi,The Jamal & Co - Dhanmondi,Dhanmondi,21281,brdhk21281@ecrm-imsl,128D,Solimullah Road,Badol Store,12668100,7/20/2025,"23.7705743, 90.3682985",https://ecrm3-web-uploads.s3.ap-southeast-1.amazonaws.com/Production/ecrm/Audios/Survey/cmp-141/21281141_720111323632100.mp3,11:13:24,11:17:28,0:04:04,141,Breakstation Thematic Campaign (Derby Vulnerable)
Barishal,Faridpur,Faridpur,AKHTER ENTERPRISE,Nagarkanda,32366,asifmia@ecrm-ims,702B,Mehaer Dia,Juel Store,12684133,7/20/2025,"23.5959234, 89.8618553",https://ecrm3-web-uploads.s3.ap-southeast-1.amazonaws.com/Production/ecrm/Audios/Survey/cmp-141/32366141_720130105148100.mp3,13:03:42,13:08:01,0:04:19,141,Breakstation Thematic Campaign (Derby Vulnerable)
Dhaka North,Dhaka West,Mawna,M/S. A.M.I & Company,Kapasia,7655,sakibkhan6577@ecrm-imsl,607A,Kapaleswar Bazar,Roholamin Store,12658369,7/20/2025,"24.1140207, 90.5608953",https://ecrm3-web-uploads.s3.ap-southeast-1.amazonaws.com/Production/ecrm/Audios/Survey/cmp-141/7655141_720094242571100.mp3,9:42:40,9:47:15,0:04:35,141,Breakstation Thematic Campaign (Derby Vulnerable)
Rajshahi,Bogura,Pabna,Sales Connect Limited,Bera,32212,brraj58026@ecrm-ims,62B,Thana Moor,Kibriya Store,12658507,7/20/2025,"24.07648502, 89.60997466",https://ecrm3-web-uploads.s3.ap-southeast-1.amazonaws.com/Production/ecrm/Audios/Survey/cmp-141/32212141_72009451826100.mp3,9:45:16,9:50:06,0:04:50,141,Breakstation Thematic Campaign (Derby Vulnerable)
Rajshahi,Rangpur,Rangpur,"Shaireen Enterprise, Rangpur",Kaunia,33087,brraj1935@ecrm-ims,76B,Aonnadanagor C More,Khalil Store,12662848,7/20/2025,"25.7594425, 89.3538025",https://ecrm3-web-uploads.s3.ap-southeast-1.amazonaws.com/Production/ecrm/Audios/Survey/cmp-141/33087141_720103119722100.mp3,10:31:17,10:38:37,0:07:20,141,Breakstation Thematic Campaign (Derby Vulnerable)
Rajshahi,Dinajpur,Thakurgaon,Moulovi Brothers,Thakurgaon,17817,brraj17817@ecrm-ims,120A,bisic more,Harun Store,12662919,7/20/2025,"26.0474297, 88.4408353",https://ecrm3-web-uploads.s3.ap-southeast-1.amazonaws.com/Production/ecrm/Audios/Survey/cmp-141/17817141_720103236475100.mp3,10:32:34,10:39:12,0:06:38,141,Breakstation Thematic Campaign (Derby Vulnerable)
Rajshahi,Rangpur,Rangpur,"Shaireen Enterprise, Rangpur",Kaunia,33087,brraj1935@ecrm-ims,71D,Teler Pump,Keramot Store,12664261,7/20/2025,"25.7602729, 89.3541207",https://ecrm3-web-uploads.s3.ap-southeast-1.amazonaws.com/Production/ecrm/Audios/Survey/cmp-141/33087141_720103847122100.mp3,10:38:45,10:49:40,0:10:55,141,Breakstation Thematic Campaign (Derby Vulnerable)
Rajshahi,Bogura,Sirajganj,Mr Brothers,Belkuchi,33111,brraj25291@ecrm-ims,145A,Jalsa Sinema Hall,Malek Store,12666349,7/20/2025,"24.4642048, 89.7091638",https://ecrm3-web-uploads.s3.ap-southeast-1.amazonaws.com/Production/ecrm/Audios/Survey/cmp-141/33111141_720105700856100.mp3,10:56:59,11:05:06,0:08:07,141,Breakstation Thematic Campaign (Derby Vulnerable)
Khulna,Kushtia,Magura,Akram Enterprise,Magura,33147,shabok2003@ecrm-imsl,112B,Choto bridge,Arafat Store,12691890,7/20/2025,"23.4843898, 89.3925384",https://ecrm3-web-uploads.s3.ap-southeast-1.amazonaws.com/Production/ecrm/Audios/Survey/cmp-141/33147141_720141639386100.mp3,14:16:39,14:21:37,0:04:58,141,Breakstation Thematic Campaign (Derby Vulnerable)
Rajshahi,Bogura,Pabna,Sales Connect Limited,Bera,32212,brraj58026@ecrm-ims,62B,Thana Moor,Kibriya Store,12658268,7/20/2025,"24.07825135, 89.61350665",https://ecrm3-web-uploads.s3.ap-southeast-1.amazonaws.com/Production/ecrm/Audios/Survey/cmp-141/32212141_720091221413100.mp3,9:12:14,9:44:54,0:32:40,141,Breakstation Thematic Campaign (Derby Vulnerable)
Rajshahi,Bogura,Pabna,Sales Connect Limited,Bera,32212,brraj58026@ecrm-ims,62B,Thana Moor,Kibriya Store,12658985,7/20/2025,"24.07662378, 89.61001327",https://ecrm3-web-uploads.s3.ap-southeast-1.amazonaws.com/Production/ecrm/Audios/Survey/cmp-141/32212141_720095220672100.mp3,9:52:20,9:57:45,0:05:25,141,Breakstation Thematic Campaign (Derby Vulnerable)
Rajshahi,Dinajpur,Thakurgaon,Moulovi Brothers,Thakurgaon,17817,brraj17817@ecrm-ims,120A,bisic more,Harun Store,12665316,7/20/2025,"26.0474297, 88.4408353",https://ecrm3-web-uploads.s3.ap-southeast-1.amazonaws.com/Production/ecrm/Audios/Survey/cmp-141/17817141_720105035363100.mp3,10:50:34,10:57:49,0:07:15,141,Breakstation Thematic Campaign (Derby Vulnerable)
Rajshahi,Dinajpur,Thakurgaon,Moulovi Brothers,Thakurgaon,17817,brraj17817@ecrm-ims,120A,bisic more,Harun Store,12666534,7/20/2025,"26.0474297, 88.4408353",https://ecrm3-web-uploads.s3.ap-southeast-1.amazonaws.com/Production/ecrm/Audios/Survey/cmp-141/17817141_720105909763100.mp3,10:59:07,11:06:21,0:07:14,141,Breakstation Thematic Campaign (Derby Vulnerable)
Khulna,Khulna,Jashore-2,M/S Azizur Rahman,Keshobpur,30735,brkhu29026@ecrm-imsl,603B,Sreefala Bazar,Daoud Store,12671932,7/20/2025,"22.9064842, 89.2193973",https://ecrm3-web-uploads.s3.ap-southeast-1.amazonaws.com/Production/ecrm/Audios/Survey/cmp-141/30735141_720113644373100.mp3,11:36:34,11:43:10,0:06:36,141,Breakstation Thematic Campaign (Derby Vulnerable)
Rajshahi,Dinajpur,Thakurgaon,Moulovi Brothers,Panchagarh 2,33077,shahin1007@ecrm-ims,160A,Mirzapur,Sultan Store,12694510,7/20/2025,"26.3362967, 88.5515469",https://ecrm3-web-uploads.s3.ap-southeast-1.amazonaws.com/Production/ecrm/Audios/Survey/cmp-141/33077141_72014474064100.mp3,14:47:40,14:54:15,0:06:35,141,Breakstation Thematic Campaign (Derby Vulnerable)
Khulna,Khulna,Satkhira,M/S Sheikh Brothers,Paikgacha,32936,brkhu60034@ecrm-imsl,603B,Bakkar Gazir Moor,Junayed Store,12694927,7/20/2025,"22.5853656, 89.322133",https://ecrm3-web-uploads.s3.ap-southeast-1.amazonaws.com/Production/ecrm/Audios/Survey/cmp-141/32936141_720144939571100.mp3,14:52:29,15:00:09,0:07:40,141,Breakstation Thematic Campaign (Derby Vulnerable)
Dhaka North,Dhaka North,Tangail,"Agrani Trading Company Ltd, Tangail",Tangail,10999,brdhk10999@ecrm-imsl,113B,Bashakhanpur Bazar,Joy Store,12663447,7/20/2025,"24.2560676, 89.8940823",https://ecrm3-web-uploads.s3.ap-southeast-1.amazonaws.com/Production/ecrm/Audios/Survey/cmp-141/10999141_720103830316100.mp3,10:38:25,10:43:34,0:05:09,141,Breakstation Thematic Campaign (Derby Vulnerable)
Rajshahi,Dinajpur,Thakurgaon,Moulovi Brothers,Thakurgaon,17817,brraj17817@ecrm-ims,120A,bisic more,Harun Store,12663890,7/20/2025,"26.0474297, 88.4408353",https://ecrm3-web-uploads.s3.ap-southeast-1.amazonaws.com/Production/ecrm/Audios/Survey/cmp-141/17817141_720104017223100.mp3,10:40:16,10:47:02,0:06:46,141,Breakstation Thematic Campaign (Derby Vulnerable)
Dhaka North,Dhaka North,Tangail,"Agrani Trading Company Ltd, Tangail",Tangail,10999,brdhk10999@ecrm-imsl,113B,Bashakhanpur Bazar,Joy Store,12666505,7/20/2025,"24.2559163, 89.894506",https://ecrm3-web-uploads.s3.ap-southeast-1.amazonaws.com/Production/ecrm/Audios/Survey/cmp-141/10999141_720110132713100.mp3,11:01:08,11:06:12,0:05:04,141,Breakstation Thematic Campaign (Derby Vulnerable)
Khulna,Khulna,Jashore-2,M/S Azizur Rahman,Keshobpur,30735,brkhu29026@ecrm-imsl,603B,Sreefala Bazar,Daoud Store,12672936,7/20/2025,"22.9064634, 89.2193156",https://ecrm3-web-uploads.s3.ap-southeast-1.amazonaws.com/Production/ecrm/Audios/Survey/cmp-141/30735141_720114328645100.mp3,11:43:21,11:49:54,0:06:33,141,Breakstation Thematic Campaign (Derby Vulnerable)
Khulna,Khulna,Jashore-1,M/S Azizur Rahman,Jashore Sadar,24450,brkhu24291@ecrm-imsl,130A,Station Road,Ador Tea,12686590,7/20/2025,"23.1560152, 89.2211245",https://ecrm3-web-uploads.s3.ap-southeast-1.amazonaws.com/Production/ecrm/Audios/Survey/cmp-141/24450141_720131943442100.mp3,13:19:30,13:28:15,0:08:45,141,Breakstation Thematic Campaign (Derby Vulnerable)
Rajshahi,Dinajpur,Thakurgaon,Moulovi Brothers,Panchagarh 2,33077,shahin1007@ecrm-ims,160A,Mirzapur,Sultan Store,12692779,7/20/2025,"26.3281717, 88.5506407",https://ecrm3-web-uploads.s3.ap-southeast-1.amazonaws.com/Production/ecrm/Audios/Survey/cmp-141/33077141_720142431563100.mp3,14:24:24,14:31:57,0:07:33,141,Breakstation Thematic Campaign (Derby Vulnerable)
Chittagong,Feni,Laksam,M/S. Momin Store,Laksham,8864,omarfaruk7760@ecrm-imsl,1A,Dhan Bazar Laksam,Bhi Bhi Sweet,12704444,7/20/2025,"23.2549957, 91.1225607",https://ecrm3-web-uploads.s3.ap-southeast-1.amazonaws.com/Production/ecrm/Audios/Survey/cmp-141/8864141_720185320466100.mp3,18:53:26,19:03:35,0:10:09,141,Breakstation Thematic Campaign (Derby Vulnerable)
Chittagong,Feni,Laksam,M/S. Momin Store,Laksham,8864,omarfaruk7760@ecrm-imsl,1A,Dhan Bazar Laksam,Bhi Bhi Sweet,12704488,7/20/2025,"23.2549957, 91.1225607",https://ecrm3-web-uploads.s3.ap-southeast-1.amazonaws.com/Production/ecrm/Audios/Survey/cmp-141/8864141_720190340238100.mp3,19:03:39,19:10:14,0:06:35,141,Breakstation Thematic Campaign (Derby Vulnerable)
Dhaka North,Dhaka North,Manikganj,"Agrani Trading Company Ltd, Savar",Mohadevpur (DW),18232,brdhk18232@ecrm-imsl,221A,Bonogram,Zuall Store,12657978,7/20/2025,"23.836091, 89.7809807",https://ecrm3-web-uploads.s3.ap-southeast-1.amazonaws.com/Production/ecrm/Audios/Survey/cmp-141/18232141_720093335643100.mp3,9:33:36,9:38:20,0:04:44,141,Breakstation Thematic Campaign (Derby Vulnerable)
Dhaka North,Dhaka North,Manikganj,"Agrani Trading Company Ltd, Savar",Mohadevpur (DW),18232,brdhk18232@ecrm-imsl,221A,Bonogram,Zuall Store,12661456,7/20/2025,"23.8360426, 89.780924",https://ecrm3-web-uploads.s3.ap-southeast-1.amazonaws.com/Production/ecrm/Audios/Survey/cmp-141/18232141_720102147243100.mp3,10:21:47,10:26:27,0:04:40,141,Breakstation Thematic Campaign (Derby Vulnerable)
Rajshahi,Dinajpur,Joypurhat,M/S. Spectrum Trading Corporation,Gobindaganj,33185,brraj98067@ecrm-ims,65A,Bokchore,Fulmiya Store,12662545,7/20/2025,"25.09047254, 89.38064419",https://ecrm3-web-uploads.s3.ap-southeast-1.amazonaws.com/Production/ecrm/Audios/Survey/cmp-141/33185141_720103010672100.mp3,10:30:10,10:36:16,0:06:06,141,Breakstation Thematic Campaign (Derby Vulnerable)
Khulna,Khulna,Khulna Metro-2,Rafiq Enterprise,Bagerhat,32989,brkhu150519977@ecrm-imsl,402B,SHALTOLA MORE,Dip Store,12665127,7/20/2025,"22.6583331, 89.7967787",https://ecrm3-web-uploads.s3.ap-southeast-1.amazonaws.com/Production/ecrm/Audios/Survey/cmp-141/32989141_720104908498100.mp3,10:49:05,10:56:19,0:07:14,141,Breakstation Thematic Campaign (Derby Vulnerable)
Khulna,Khulna,Khulna Metro-2,Rafiq Enterprise,Bagerhat,32989,brkhu150519977@ecrm-imsl,402B,SHALTOLA MORE,Dip Store,12666082,7/20/2025,"22.6583671, 89.7967998",https://ecrm3-web-uploads.s3.ap-southeast-1.amazonaws.com/Production/ecrm/Audios/Survey/cmp-141/32989141_7201056259100.mp3,10:56:22,11:03:13,0:06:51,141,Breakstation Thematic Campaign (Derby Vulnerable)
Khulna,Khulna,Khulna Metro-2,Rafiq Enterprise,Bagerhat,32989,brkhu150519977@ecrm-imsl,402B,SHALTOLA MORE,Dip Store,12667140,7/20/2025,"22.6585123, 89.7963289",https://ecrm3-web-uploads.s3.ap-southeast-1.amazonaws.com/Production/ecrm/Audios/Survey/cmp-141/32989141_720110351255100.mp3,11:03:44,11:10:34,0:06:50,141,Breakstation Thematic Campaign (Derby Vulnerable)
Chittagong,Feni,Laxmipur,M/S Sanjib Mazumder,Laxmipur,4757,mdnaimhosen3966@ecrm-imsl,104B,Adunik H,Alauddin Store,12688431,7/20/2025,"22.9660906, 90.8369984",https://ecrm3-web-uploads.s3.ap-southeast-1.amazonaws.com/Production/ecrm/Audios/Survey/cmp-141/4757141_720133844118100.mp3,13:38:44,13:45:59,0:07:15,141,Breakstation Thematic Campaign (Derby Vulnerable)
Chittagong,Feni,Laxmipur,M/S Sanjib Mazumder,Laxmipur,4757,mdnaimhosen3966@ecrm-imsl,104B,Adunik H,Alauddin Store,12689035,7/20/2025,"22.9660906, 90.8369984",https://ecrm3-web-uploads.s3.ap-southeast-1.amazonaws.com/Production/ecrm/Audios/Survey/cmp-141/4757141_720134602321100.mp3,13:46:03,13:51:46,0:05:43,141,Breakstation Thematic Campaign (Derby Vulnerable)
Khulna,Khulna,Jashore-1,M/S Azizur Rahman,Jashore Sadar,24450,brkhu24291@ecrm-imsl,129A,Dhaka Road Churamonkathi,Jahid Store,12702496,7/20/2025,"23.1843916, 89.2101384",https://ecrm3-web-uploads.s3.ap-southeast-1.amazonaws.com/Production/ecrm/Audios/Survey/cmp-141/24450141_720171440542100.mp3,17:14:37,17:25:56,0:11:19,141,Breakstation Thematic Campaign (Derby Vulnerable)
Rajshahi,Dinajpur,Joypurhat,M/S. Spectrum Trading Corporation,Gobindaganj,33185,brraj98067@ecrm-ims,65A,Bokchore,Fulmiya Store,12659019,7/20/2025,"25.09008842, 89.38199957",https://ecrm3-web-uploads.s3.ap-southeast-1.amazonaws.com/Production/ecrm/Audios/Survey/cmp-141/33185141_720095152777100.mp3,9:51:50,9:58:15,0:06:25,141,Breakstation Thematic Campaign (Derby Vulnerable)
Khulna,Kushtia,Jhenaidah,Sanaullah Traders,Maheshpur,33132,brkhu046768@ecrm-imsl,701D,Mohespur,Rosul Tea Store,12665867,7/20/2025,"23.3565356, 88.9150754",https://ecrm3-web-uploads.s3.ap-southeast-1.amazonaws.com/Production/ecrm/Audios/Survey/cmp-141/33132141_720105610778100.mp3,10:56:10,11:01:45,0:05:35,141,Breakstation Thematic Campaign (Derby Vulnerable)
Sylhet,B. Baria,Moulvibazar,MBKB Ltd (Moulvibazar),Sreemangal,32536,brsyl29578@ecrm-atmsl,203B,H Road Sree,B.G.B Abokash Store,12703949,7/20/2025,"24.3030587, 91.7275347",https://ecrm3-web-uploads.s3.ap-southeast-1.amazonaws.com/Production/ecrm/Audios/Survey/cmp-141/32536141_720181348268100.mp3,18:13:46,18:25:56,0:12:10,141,Breakstation Thematic Campaign (Derby Vulnerable)
Rajshahi,Dinajpur,Joypurhat,M/S. Spectrum Trading Corporation,Gobindaganj,33185,brraj98067@ecrm-ims,65A,Bokchore,Fulmiya Store,12661279,7/20/2025,"25.09045503, 89.38068681",https://ecrm3-web-uploads.s3.ap-southeast-1.amazonaws.com/Production/ecrm/Audios/Survey/cmp-141/33185141_720101545747100.mp3,10:15:43,10:24:59,0:09:16,141,Breakstation Thematic Campaign (Derby Vulnerable)
Rajshahi,Dinajpur,Joypurhat,M/S. Spectrum Trading Corporation,Gobindaganj,33185,brraj98067@ecrm-ims,65A,Bokchore,Fulmiya Store,12670714,7/20/2025,"25.09035347, 89.38067638",https://ecrm3-web-uploads.s3.ap-southeast-1.amazonaws.com/Production/ecrm/Audios/Survey/cmp-141/33185141_720112829646100.mp3,11:28:28,11:34:55,0:06:27,141,Breakstation Thematic Campaign (Derby Vulnerable)
Dhaka North,Dhaka West,Tongi,Azahar Trading Ltd.,Tongi,17120,shofiqulislamsany15846@ecrm-imsl,17A,Dattapara Hasan Lane,Hatiya Store,12694222,7/20/2025,"23.9051236, 90.3882222",https://ecrm3-web-uploads.s3.ap-southeast-1.amazonaws.com/Production/ecrm/Audios/Survey/cmp-141/17120141_720144254403100.mp3,14:42:52,14:50:29,0:07:37,141,Breakstation Thematic Campaign (Derby Vulnerable)
Dhaka North,Dhaka West,Tongi,Azahar Trading Ltd.,Tongi,17120,shofiqulislamsany15846@ecrm-imsl,17A,Dattapara Hasan Lane,Hatiya Store,12698694,7/20/2025,"23.9055064, 90.3880154",https://ecrm3-web-uploads.s3.ap-southeast-1.amazonaws.com/Production/ecrm/Audios/Survey/cmp-141/17120141_720155618493100.mp3,15:56:15,16:05:37,0:09:22,141,Breakstation Thematic Campaign (Derby Vulnerable)
Sylhet,B. Baria,Moulvibazar,MBKB Ltd (Moulvibazar),Sreemangal,32536,brsyl29578@ecrm-atmsl,203B,H Road Sree,B.G.B Abokash Store,12704169,7/20/2025,"24.3030587, 91.7275347",https://ecrm3-web-uploads.s3.ap-southeast-1.amazonaws.com/Production/ecrm/Audios/Survey/cmp-141/32536141_720183310475100.mp3,18:33:06,18:40:36,0:07:30,141,Breakstation Thematic Campaign (Derby Vulnerable)
Sylhet,B. Baria,Moulvibazar,MBKB Ltd (Moulvibazar),Sreemangal,32536,brsyl29578@ecrm-atmsl,203B,H Road Sree,B.G.B Abokash Store,12704404,7/20/2025,"24.3030587, 91.7275347",https://ecrm3-web-uploads.s3.ap-southeast-1.amazonaws.com/Production/ecrm/Audios/Survey/cmp-141/32536141_720184043233100.mp3,18:40:40,19:01:17,0:20:37,141,Breakstation Thematic Campaign (Derby Vulnerable)
Khulna,Kushtia,Chuadanga,Desh Trade Link,Sarajganj,33066,brkhu0216@ecrm-imsl,202A,Bodorgonj,Robiul Store,12661320,7/20/2025,"23.5749773, 88.7052843",https://ecrm3-web-uploads.s3.ap-southeast-1.amazonaws.com/Production/ecrm/Audios/Survey/cmp-141/33066141_720102024691100.mp3,10:20:15,10:25:18,0:05:03,141,Breakstation Thematic Campaign (Derby Vulnerable)
Sylhet,Sylhet,Sunamganj,Moula Baksh Karim Boksh,Sunamganj,32539,brsyljamal@ecrm-atmsl,106B,Zila Porishod,Dhananjoi Store,12664260,7/20/2025,"25.07057, 91.3987268",https://ecrm3-web-uploads.s3.ap-southeast-1.amazonaws.com/Production/ecrm/Audios/Survey/cmp-141/32539141_720104528855100.mp3,10:45:27,10:49:40,0:04:13,141,Breakstation Thematic Campaign (Derby Vulnerable)
Chittagong,Cumilla,Chandpur,"M/S. Abdul Latif Chowdhury, Chandpur",Chandpur,19828,brctg19828@ecrm-imsl,21A,Munshibari Road,Mostofa Store,12666416,7/20/2025,"23.2335575, 90.671495",https://ecrm3-web-uploads.s3.ap-southeast-1.amazonaws.com/Production/ecrm/Audios/Survey/cmp-141/19828141_720110128574100.mp3,11:01:23,11:05:35,0:04:12,141,Breakstation Thematic Campaign (Derby Vulnerable)
Sylhet,Sylhet,Sylhet Metro 1,Moula Baksh Karim Boksh Ltd.,Chandipul,27802,brsyl2002@ecrm-atmsl,403B,Alompur Bisik,Adnan Store,12675510,7/20/2025,"24.88640461, 91.90171513",https://ecrm3-web-uploads.s3.ap-southeast-1.amazonaws.com/Production/ecrm/Audios/Survey/cmp-141/27802141_720120220514100.mp3,12:01:57,12:07:07,0:05:10,141,Breakstation Thematic Campaign (Derby Vulnerable)
Dhaka South,Dhaka Central,Mirpur,"Agrani Trading Corporation, Mirpur",Mirpur-1,29622,kawsarahamedsuvo1995@ecrm-imsl,44B,Zirani Camp,Allah Vorosha,12689829,7/20/2025,"23.8057336, 90.368075",https://ecrm3-web-uploads.s3.ap-southeast-1.amazonaws.com/Production/ecrm/Audios/Survey/cmp-152/29622152_720135512299100.mp3,13:55:12,13:59:24,0:04:12,152,PJ Euphoria Derby 1-2-1
Dhaka South,Dhaka South,Dhanmondi,The Jamal & Co - Dhanmondi,Dhanmondi,29645,evneasabidrasel2025@ecrm-imsl,128D,Solimullah Road,Badol Store,12693572,7/20/2025,"23.75953729, 90.36593583",https://ecrm3-web-uploads.s3.ap-southeast-1.amazonaws.com/Production/ecrm/Audios/Survey/cmp-152/29645152_720143634601100.mp3,14:36:35,14:42:05,0:05:30,152,PJ Euphoria Derby 1-2-1
Dhaka South,Dhaka South,Dhanmondi,The Jamal & Co - Dhanmondi,Dhanmondi,29645,evneasabidrasel2025@ecrm-imsl,128D,Solimullah Road,Badol Store,12694733,7/20/2025,"23.75952737, 90.36582335",https://ecrm3-web-uploads.s3.ap-southeast-1.amazonaws.com/Production/ecrm/Audios/Survey/cmp-152/29645152_72014483062100.mp3,14:48:30,14:57:29,0:08:59,152,PJ Euphoria Derby 1-2-1
Dhaka South,Dhaka South,Dhanmondi,The Jamal & Co - Dhanmondi,Dhanmondi,29645,evneasabidrasel2025@ecrm-imsl,128D,Solimullah Road,Badol Store,12695356,7/20/2025,"23.76024914, 90.36365972",https://ecrm3-web-uploads.s3.ap-southeast-1.amazonaws.com/Production/ecrm/Audios/Survey/cmp-152/29645152_720145743459100.mp3,14:57:42,15:06:15,0:08:33,152,PJ Euphoria Derby 1-2-1
Dhaka South,Dhaka South,Dhanmondi,The Jamal & Co - Dhanmondi,Dhanmondi,29645,evneasabidrasel2025@ecrm-imsl,128D,Solimullah Road,Badol Store,12697004,7/20/2025,"23.76192828, 90.3612397",https://ecrm3-web-uploads.s3.ap-southeast-1.amazonaws.com/Production/ecrm/Audios/Survey/cmp-152/29645152_720152909276100.mp3,15:29:02,15:34:01,0:04:59,152,PJ Euphoria Derby 1-2-1
Chittagong,CTG North,CTG Port,Zawad Enterprise,EPZ,24020,brctg23818@ecrm-imsl,29B,K B Dobash Lane,Emon Store 2,12700860,7/20/2025,"22.3301445, 91.8236974",https://ecrm3-web-uploads.s3.ap-southeast-1.amazonaws.com/Production/ecrm/Audios/Survey/cmp-152/24020152_720164005743100.mp3,16:40:04,16:45:44,0:05:40,152,PJ Euphoria Derby 1-2-1
Dhaka South,Dhaka South,Dhanmondi,The Jamal & Co - Dhanmondi,Dhanmondi,29645,evneasabidrasel2025@ecrm-imsl,128D,Solimullah Road,Badol Store,12702117,7/20/2025,"23.76200962, 90.36127226",https://ecrm3-web-uploads.s3.ap-southeast-1.amazonaws.com/Production/ecrm/Audios/Survey/cmp-152/29645152_720171008436100.mp3,17:10:07,17:14:45,0:04:38,152,PJ Euphoria Derby 1-2-1
Dhaka South,Dhaka South,Dhanmondi,The Jamal & Co - Dhanmondi,Dhanmondi,29645,evneasabidrasel2025@ecrm-imsl,128D,Solimullah Road,Badol Store,12702336,7/20/2025,"23.76119268, 90.36201188",https://ecrm3-web-uploads.s3.ap-southeast-1.amazonaws.com/Production/ecrm/Audios/Survey/cmp-152/29645152_720171453702100.mp3,17:14:49,17:21:08,0:06:19,152,PJ Euphoria Derby 1-2-1
Dhaka South,Dhaka Central,Mirpur,"Agrani Trading Corporation, Mirpur",Mirpur-1,29622,kawsarahamedsuvo1995@ecrm-imsl,44B,Zirani Camp,Allah Vorosha,12664483,7/20/2025,"23.800072, 90.3694646",https://ecrm3-web-uploads.s3.ap-southeast-1.amazonaws.com/Production/ecrm/Audios/Survey/cmp-152/29622152_72010434797100.mp3,10:43:48,10:51:34,0:07:46,152,PJ Euphoria Derby 1-2-1
Dhaka South,Dhaka Central,Mirpur,"Agrani Trading Corporation, Mirpur",Mirpur-1,29622,kawsarahamedsuvo1995@ecrm-imsl,44B,Zirani Camp,Allah Vorosha,12663463,7/20/2025,"23.8000902, 90.3693462",https://ecrm3-web-uploads.s3.ap-southeast-1.amazonaws.com/Production/ecrm/Audios/Survey/cmp-152/29622152_720103445658100.mp3,10:34:43,10:43:40,0:08:57,152,PJ Euphoria Derby 1-2-1
Dhaka South,Dhaka Central,Mirpur,"Agrani Trading Corporation, Mirpur",Mirpur-1,29622,kawsarahamedsuvo1995@ecrm-imsl,44B,Zirani Camp,Allah Vorosha,12668959,7/20/2025,"23.7995724, 90.3667347",https://ecrm3-web-uploads.s3.ap-southeast-1.amazonaws.com/Production/ecrm/Audios/Survey/cmp-152/29622152_72011111813100.mp3,11:11:16,11:23:14,0:11:58,152,PJ Euphoria Derby 1-2-1
Dhaka South,Dhaka Central,Mirpur,"Agrani Trading Corporation, Mirpur",Mirpur-1,29622,kawsarahamedsuvo1995@ecrm-imsl,44B,Zirani Camp,Allah Vorosha,12669689,7/20/2025,"23.7995944, 90.3667275",https://ecrm3-web-uploads.s3.ap-southeast-1.amazonaws.com/Production/ecrm/Audios/Survey/cmp-152/29622152_720112322885100.mp3,11:23:23,11:28:13,0:04:50,152,PJ Euphoria Derby 1-2-1
Dhaka South,Dhaka Central,Mirpur,"Agrani Trading Corporation, Mirpur",Mirpur-1,29622,kawsarahamedsuvo1995@ecrm-imsl,44B,Zirani Camp,Allah Vorosha,12670463,7/20/2025,"23.7979903, 90.3667442",https://ecrm3-web-uploads.s3.ap-southeast-1.amazonaws.com/Production/ecrm/Audios/Survey/cmp-152/29622152_720112816838100.mp3,11:28:16,11:33:15,0:04:59,152,PJ Euphoria Derby 1-2-1
Dhaka South,Dhaka Central,Mirpur,"Agrani Trading Corporation, Mirpur",Mirpur-1,29622,kawsarahamedsuvo1995@ecrm-imsl,44B,Zirani Camp,Allah Vorosha,12676858,7/20/2025,"23.7973406, 90.3695629",https://ecrm3-web-uploads.s3.ap-southeast-1.amazonaws.com/Production/ecrm/Audios/Survey/cmp-152/29622152_72012084943100.mp3,12:08:49,12:16:13,0:07:24,152,PJ Euphoria Derby 1-2-1
Dhaka South,Dhaka Central,Mirpur,"Agrani Trading Corporation, Mirpur",Mirpur-1,29622,kawsarahamedsuvo1995@ecrm-imsl,44B,Zirani Camp,Allah Vorosha,12681110,7/20/2025,"23.7971531, 90.371878",https://ecrm3-web-uploads.s3.ap-southeast-1.amazonaws.com/Production/ecrm/Audios/Survey/cmp-152/29622152_72012310836100.mp3,12:31:09,12:45:43,0:14:34,152,PJ Euphoria Derby 1-2-1
Dhaka South,Dhaka Central,Mirpur,"Agrani Trading Corporation, Mirpur",Mirpur-1,29622,kawsarahamedsuvo1995@ecrm-imsl,44B,Zirani Camp,Allah Vorosha,12683775,7/20/2025,"23.7972458, 90.3725205",https://ecrm3-web-uploads.s3.ap-southeast-1.amazonaws.com/Production/ecrm/Audios/Survey/cmp-152/29622152_720124551496100.mp3,12:45:49,13:05:13,0:19:24,152,PJ Euphoria Derby 1-2-1
Dhaka South,Dhaka South,Dhanmondi,The Jamal & Co - Dhanmondi,Dhanmondi,29645,evneasabidrasel2025@ecrm-imsl,128D,Solimullah Road,Badol Store,12684505,7/20/2025,"23.75969957, 90.36413535",https://ecrm3-web-uploads.s3.ap-southeast-1.amazonaws.com/Production/ecrm/Audios/Survey/cmp-152/29645152_720130403476100.mp3,13:04:03,13:10:42,0:06:39,152,PJ Euphoria Derby 1-2-1
Chittagong,CTG North,CTG Port,Zawad Enterprise,Halishahar,31447,shuvo2003@ecrm-imsl,43B,Askarabad,Maa Moni Store,12685373,7/20/2025,"22.31801595, 91.80314039",https://ecrm3-web-uploads.s3.ap-southeast-1.amazonaws.com/Production/ecrm/Audios/Survey/cmp-152/31447152_720130948157100.mp3,13:09:44,13:17:40,0:07:56,152,PJ Euphoria Derby 1-2-1
Dhaka South,Dhaka Central,Mirpur,"Agrani Trading Corporation, Mirpur",Mirpur-1,29622,kawsarahamedsuvo1995@ecrm-imsl,44B,Zirani Camp,Allah Vorosha,12685805,7/20/2025,"23.8058557, 90.3698635",https://ecrm3-web-uploads.s3.ap-southeast-1.amazonaws.com/Production/ecrm/Audios/Survey/cmp-152/29622152_720131013165100.mp3,13:10:11,13:21:36,0:11:25,152,PJ Euphoria Derby 1-2-1
Dhaka South,Dhaka South,Dhanmondi,The Jamal & Co - Dhanmondi,Dhanmondi,29645,evneasabidrasel2025@ecrm-imsl,128D,Solimullah Road,Badol Store,12692029,7/20/2025,"23.76024804, 90.36725764",https://ecrm3-web-uploads.s3.ap-southeast-1.amazonaws.com/Production/ecrm/Audios/Survey/cmp-152/29645152_720141337787100.mp3,14:13:38,14:23:06,0:09:28,152,PJ Euphoria Derby 1-2-1
Dhaka South,Dhaka South,Dhanmondi,The Jamal & Co - Dhanmondi,Dhanmondi,29645,evneasabidrasel2025@ecrm-imsl,128D,Solimullah Road,Badol Store,12692567,7/20/2025,"23.75961572, 90.36598751",https://ecrm3-web-uploads.s3.ap-southeast-1.amazonaws.com/Production/ecrm/Audios/Survey/cmp-152/29645152_720142323159100.mp3,14:23:21,14:29:36,0:06:15,152,PJ Euphoria Derby 1-2-1
Dhaka South,Dhaka South,Dhanmondi,The Jamal & Co - Dhanmondi,Dhanmondi,29645,evneasabidrasel2025@ecrm-imsl,128D,Solimullah Road,Badol Store,12697594,7/20/2025,"23.76192954, 90.3612448",https://ecrm3-web-uploads.s3.ap-southeast-1.amazonaws.com/Production/ecrm/Audios/Survey/cmp-152/29645152_72015400468100.mp3,15:40:05,15:44:58,0:04:53,152,PJ Euphoria Derby 1-2-1
Dhaka South,Dhaka South,Dhanmondi,The Jamal & Co - Dhanmondi,Dhanmondi,29645,evneasabidrasel2025@ecrm-imsl,128D,Solimullah Road,Badol Store,12694063,7/20/2025,"23.75953674, 90.36582387",https://ecrm3-web-uploads.s3.ap-southeast-1.amazonaws.com/Production/ecrm/Audios/Survey/cmp-152/29645152_720144208717100.mp3,14:42:07,14:48:27,0:06:20,152,PJ Euphoria Derby 1-2-1
Dhaka South,Dhaka South,Dhanmondi,The Jamal & Co - Dhanmondi,Dhanmondi,29645,evneasabidrasel2025@ecrm-imsl,128D,Solimullah Road,Badol Store,12697875,7/20/2025,"23.76192589, 90.36123952",https://ecrm3-web-uploads.s3.ap-southeast-1.amazonaws.com/Production/ecrm/Audios/Survey/cmp-152/29645152_720154500103100.mp3,15:45:01,15:49:41,0:04:40,152,PJ Euphoria Derby 1-2-1
Chittagong,CTG North,CTG Port,Zawad Enterprise,Halishahar,31447,shuvo2003@ecrm-imsl,43B,Askarabad,Maa Moni Store,12697989,7/20/2025,"22.3178677, 91.802649",https://ecrm3-web-uploads.s3.ap-southeast-1.amazonaws.com/Production/ecrm/Audios/Survey/cmp-152/31447152_720154608828100.mp3,15:46:06,15:52:08,0:06:02,152,PJ Euphoria Derby 1-2-1
Dhaka South,Dhaka South,Dhanmondi,The Jamal & Co - Dhanmondi,Dhanmondi,29645,evneasabidrasel2025@ecrm-imsl,128D,Solimullah Road,Badol Store,12696077,7/20/2025,"23.7602391, 90.3625113",https://ecrm3-web-uploads.s3.ap-southeast-1.amazonaws.com/Production/ecrm/Audios/Survey/cmp-152/29645152_720150704421100.mp3,15:07:03,15:17:28,0:10:25,152,PJ Euphoria Derby 1-2-1
Dhaka South,Dhaka South,Dhanmondi,The Jamal & Co - Dhanmondi,Dhanmondi,29645,evneasabidrasel2025@ecrm-imsl,128D,Solimullah Road,Badol Store,12698431,7/20/2025,"23.76192393, 90.36122779",https://ecrm3-web-uploads.s3.ap-southeast-1.amazonaws.com/Production/ecrm/Audios/Survey/cmp-152/29645152_72015551797100.mp3,15:55:17,16:00:42,0:05:25,152,PJ Euphoria Derby 1-2-1
Dhaka South,Dhaka South,Dhanmondi,The Jamal & Co - Dhanmondi,Dhanmondi,29645,evneasabidrasel2025@ecrm-imsl,128D,Solimullah Road,Badol Store,12699452,7/20/2025,"23.7619433, 90.3612477",https://ecrm3-web-uploads.s3.ap-southeast-1.amazonaws.com/Production/ecrm/Audios/Survey/cmp-152/29645152_720161406701100.mp3,16:14:05,16:18:50,0:04:45,152,PJ Euphoria Derby 1-2-1
Dhaka South,Dhaka South,Dhanmondi,The Jamal & Co - Dhanmondi,Dhanmondi,29645,evneasabidrasel2025@ecrm-imsl,128D,Solimullah Road,Badol Store,12701098,7/20/2025,"23.76194302, 90.36124586",https://ecrm3-web-uploads.s3.ap-southeast-1.amazonaws.com/Production/ecrm/Audios/Survey/cmp-152/29645152_720164205497100.mp3,16:42:03,16:50:42,0:08:39,152,PJ Euphoria Derby 1-2-1
Dhaka South,Dhaka South,Dhanmondi,The Jamal & Co - Dhanmondi,Dhanmondi,29645,evneasabidrasel2025@ecrm-imsl,128D,Solimullah Road,Badol Store,12703152,7/20/2025,"23.7611494, 90.3622204",https://ecrm3-web-uploads.s3.ap-southeast-1.amazonaws.com/Production/ecrm/Audios/Survey/cmp-152/29645152_720174005106100.mp3,17:40:05,17:49:00,0:08:55,152,PJ Euphoria Derby 1-2-1
Dhaka South,Dhaka Central,Gulshan,"Agrani Trading Corporation, Gulshan",Badda,30268,ismaelhopssinsazal@ecrm-imsl,25A,Mohammed Alir Garege,Shahab Uddin Store,12659636,7/20/2025,"23.7947677, 90.4247831",https://ecrm3-web-uploads.s3.ap-southeast-1.amazonaws.com/Production/ecrm/Audios/Survey/cmp-152/30268152_720100047419100.mp3,10:00:46,10:06:56,0:06:10,152,PJ Euphoria Derby 1-2-1
Dhaka North,Dhaka West,Uttara,Azahar Trading Ltd.,Khilkhet,3285,md.akhzarnihalkingshuk2545@ecrm-imsl,131B,"Shwapno Front Side, Lake City Khilkhet",Arifa Store,12666567,7/20/2025,"23.8737458, 90.4059419",https://ecrm3-web-uploads.s3.ap-southeast-1.amazonaws.com/Production/ecrm/Audios/Survey/cmp-152/3285152_720110226746100.mp3,11:02:26,11:06:37,0:04:11,152,PJ Euphoria Derby 1-2-1
Dhaka North,Dhaka West,Uttara,Azahar Trading Ltd.,Khilkhet,3285,md.akhzarnihalkingshuk2545@ecrm-imsl,131B,"Shwapno Front Side, Lake City Khilkhet",Arifa Store,12668783,7/20/2025,"23.8744298, 90.4060654",https://ecrm3-web-uploads.s3.ap-southeast-1.amazonaws.com/Production/ecrm/Audios/Survey/cmp-152/3285152_720111526765100.mp3,11:15:26,11:22:06,0:06:40,152,PJ Euphoria Derby 1-2-1
Dhaka South,Dhaka Central,Mirpur,"Agrani Trading Corporation, Mirpur",Mirpur-2,31827,golamrabbani2003@ecrm-imsl,73A,Goidar Tek Bazar,Naim Store,12668788,7/20/2025,"23.7991959, 90.3850297",https://ecrm3-web-uploads.s3.ap-southeast-1.amazonaws.com/Production/ecrm/Audios/Survey/cmp-152/31827152_720111739596100.mp3,11:17:35,11:22:06,0:04:31,152,PJ Euphoria Derby 1-2-1
Dhaka North,Dhaka West,Uttara,Azahar Trading Ltd.,Khilkhet,3285,md.akhzarnihalkingshuk2545@ecrm-imsl,131B,"Shwapno Front Side, Lake City Khilkhet",Arifa Store,12672226,7/20/2025,"23.8751242, 90.4060099",https://ecrm3-web-uploads.s3.ap-southeast-1.amazonaws.com/Production/ecrm/Audios/Survey/cmp-152/3285152_720114036620100.mp3,11:40:36,11:45:07,0:04:31,152,PJ Euphoria Derby 1-2-1
Dhaka South,Dhaka Central,Gulshan,"Agrani Trading Corporation, Gulshan",Badda,30392,rifat500@ecrm-imsl,25A,Mohammed Alir Garege,Shahab Uddin Store,12675374,7/20/2025,"23.7835981, 90.4260426",https://ecrm3-web-uploads.s3.ap-southeast-1.amazonaws.com/Production/ecrm/Audios/Survey/cmp-152/30392152_72012002557100.mp3,12:00:26,12:06:13,0:05:47,152,PJ Euphoria Derby 1-2-1
Dhaka South,Dhaka Central,Gulshan,"Agrani Trading Corporation, Gulshan",Badda,30392,rifat500@ecrm-imsl,25A,Mohammed Alir Garege,Shahab Uddin Store,12676251,7/20/2025,"23.783582, 90.4260228",https://ecrm3-web-uploads.s3.ap-southeast-1.amazonaws.com/Production/ecrm/Audios/Survey/cmp-152/30392152_720120614822100.mp3,12:06:15,12:11:55,0:05:40,152,PJ Euphoria Derby 1-2-1
Dhaka North,Dhaka West,Uttara,Azahar Trading Ltd.,Khilkhet,3285,md.akhzarnihalkingshuk2545@ecrm-imsl,131B,"Shwapno Front Side, Lake City Khilkhet",Arifa Store,12682845,7/20/2025,"23.8736925, 90.4059478",https://ecrm3-web-uploads.s3.ap-southeast-1.amazonaws.com/Production/ecrm/Audios/Survey/cmp-152/3285152_720125328860100.mp3,12:53:27,12:58:06,0:04:39,152,PJ Euphoria Derby 1-2-1
Chittagong,CTG South,Kotwali (CTG),MAQ Distribution,Rahattar Pul,31594,brctg2003@ecrm-imsl,36B,Access Road Bolaka R/A,J.L Store,12692077,7/20/2025,"22.3497612, 91.8440724",https://ecrm3-web-uploads.s3.ap-southeast-1.amazonaws.com/Production/ecrm/Audios/Survey/cmp-152/31594152_720140358537100.mp3,14:03:58,14:23:34,0:19:36,152,PJ Euphoria Derby 1-2-1
Dhaka North,Dhaka West,Uttara,Azahar Trading Ltd.,Khilkhet,3285,md.akhzarnihalkingshuk2545@ecrm-imsl,131B,"Shwapno Front Side, Lake City Khilkhet",Arifa Store,12659821,7/20/2025,"23.8656804, 90.4080249",https://ecrm3-web-uploads.s3.ap-southeast-1.amazonaws.com/Production/ecrm/Audios/Survey/cmp-152/3285152_720100437638100.mp3,10:04:36,10:09:17,0:04:41,152,PJ Euphoria Derby 1-2-1
Dhaka North,Dhaka West,Uttara,Azahar Trading Ltd.,Khilkhet,3285,md.akhzarnihalkingshuk2545@ecrm-imsl,131B,"Shwapno Front Side, Lake City Khilkhet",Arifa Store,12660503,7/20/2025,"23.8665293, 90.4059491",https://ecrm3-web-uploads.s3.ap-southeast-1.amazonaws.com/Production/ecrm/Audios/Survey/cmp-152/3285152_720101000396100.mp3,10:09:19,10:17:16,0:07:57,152,PJ Euphoria Derby 1-2-1
Dhaka North,Dhaka West,Uttara,Azahar Trading Ltd.,Khilkhet,3285,md.akhzarnihalkingshuk2545@ecrm-imsl,131B,"Shwapno Front Side, Lake City Khilkhet",Arifa Store,12661601,7/20/2025,"23.8693432, 90.4055029",https://ecrm3-web-uploads.s3.ap-southeast-1.amazonaws.com/Production/ecrm/Audios/Survey/cmp-152/3285152_720102253288100.mp3,10:22:52,10:27:52,0:05:00,152,PJ Euphoria Derby 1-2-1
Dhaka South,Dhaka Central,Gulshan,"Agrani Trading Corporation, Gulshan",Badda,30268,ismaelhopssinsazal@ecrm-imsl,25A,Mohammed Alir Garege,Shahab Uddin Store,12661715,7/20/2025,"23.7940021, 90.4218952",https://ecrm3-web-uploads.s3.ap-southeast-1.amazonaws.com/Production/ecrm/Audios/Survey/cmp-152/30268152_720102402166100.mp3,10:24:00,10:28:59,0:04:59,152,PJ Euphoria Derby 1-2-1
Dhaka North,Dhaka West,Uttara,Azahar Trading Ltd.,Khilkhet,3285,md.akhzarnihalkingshuk2545@ecrm-imsl,131B,"Shwapno Front Side, Lake City Khilkhet",Arifa Store,12663100,7/20/2025,"23.8703232, 90.4055809",https://ecrm3-web-uploads.s3.ap-southeast-1.amazonaws.com/Production/ecrm/Audios/Survey/cmp-152/3285152_720103433464100.mp3,10:33:16,10:40:42,0:07:26,152,PJ Euphoria Derby 1-2-1
Dhaka North,Dhaka West,Uttara,Azahar Trading Ltd.,Khilkhet,3285,md.akhzarnihalkingshuk2545@ecrm-imsl,131B,"Shwapno Front Side, Lake City Khilkhet",Arifa Store,12667826,7/20/2025,"23.8743523, 90.4061268",https://ecrm3-web-uploads.s3.ap-southeast-1.amazonaws.com/Production/ecrm/Audios/Survey/cmp-152/3285152_72011064073100.mp3,11:06:39,11:15:23,0:08:44,152,PJ Euphoria Derby 1-2-1
Dhaka North,Dhaka West,Uttara,Azahar Trading Ltd.,Khilkhet,3285,md.akhzarnihalkingshuk2545@ecrm-imsl,131B,"Shwapno Front Side, Lake City Khilkhet",Arifa Store,12669926,7/20/2025,"23.8746028, 90.4059079",https://ecrm3-web-uploads.s3.ap-southeast-1.amazonaws.com/Production/ecrm/Audios/Survey/cmp-152/3285152_720112214835100.mp3,11:22:14,11:30:01,0:07:47,152,PJ Euphoria Derby 1-2-1
Dhaka North,Dhaka West,Uttara,Azahar Trading Ltd.,Khilkhet,3285,md.akhzarnihalkingshuk2545@ecrm-imsl,131B,"Shwapno Front Side, Lake City Khilkhet",Arifa Store,12671513,7/20/2025,"23.8749141, 90.4060526",https://ecrm3-web-uploads.s3.ap-southeast-1.amazonaws.com/Production/ecrm/Audios/Survey/cmp-152/3285152_720113004735100.mp3,11:30:03,11:40:33,0:10:30,152,PJ Euphoria Derby 1-2-1
Sylhet,Sylhet,Sylhet Metro 2,Moula Baksh Karim Boksh Ltd.,Akhalia,25048,ayondatta24862@ecrm-atmsl,101A,Akhalia Surma,Robin Store,12670770,7/20/2025,"24.8998329, 91.8529515",https://ecrm3-web-uploads.s3.ap-southeast-1.amazonaws.com/Production/ecrm/Audios/Survey/cmp-152/25048152_720111955109100.mp3,11:19:54,11:35:14,0:15:20,152,PJ Euphoria Derby 1-2-1
Dhaka North,Dhaka West,Uttara,Azahar Trading Ltd.,Khilkhet,3285,md.akhzarnihalkingshuk2545@ecrm-imsl,131B,"Shwapno Front Side, Lake City Khilkhet",Arifa Store,12675301,7/20/2025,"23.8750573, 90.4060973",https://ecrm3-web-uploads.s3.ap-southeast-1.amazonaws.com/Production/ecrm/Audios/Survey/cmp-152/3285152_720120109816100.mp3,12:01:09,12:05:43,0:04:34,152,PJ Euphoria Derby 1-2-1
Dhaka South,Dhaka Central,Mirpur,"Agrani Trading Corporation, Mirpur",Mirpur-2,31827,golamrabbani2003@ecrm-imsl,73A,Goidar Tek Bazar,Naim Store,12675363,7/20/2025,"23.7986968, 90.3869546",https://ecrm3-web-uploads.s3.ap-southeast-1.amazonaws.com/Production/ecrm/Audios/Survey/cmp-152/31827152_72012001991100.mp3,12:00:18,12:06:10,0:05:52,152,PJ Euphoria Derby 1-2-1
Dhaka North,Dhaka West,Uttara,Azahar Trading Ltd.,Khilkhet,3285,md.akhzarnihalkingshuk2545@ecrm-imsl,131B,"Shwapno Front Side, Lake City Khilkhet",Arifa Store,12677894,7/20/2025,"23.8743413, 90.4060497",https://ecrm3-web-uploads.s3.ap-southeast-1.amazonaws.com/Production/ecrm/Audios/Survey/cmp-152/3285152_720121742105100.mp3,12:17:42,12:23:01,0:05:19,152,PJ Euphoria Derby 1-2-1
Dhaka South,Dhaka Central,Gulshan,"Agrani Trading Corporation, Gulshan",Badda,30392,rifat500@ecrm-imsl,25A,Mohammed Alir Garege,Shahab Uddin Store,12678165,7/20/2025,"23.7835835, 90.4259843",https://ecrm3-web-uploads.s3.ap-southeast-1.amazonaws.com/Production/ecrm/Audios/Survey/cmp-152/30392152_7201218227100.mp3,12:18:23,12:24:50,0:06:27,152,PJ Euphoria Derby 1-2-1
Dhaka North,Dhaka West,Uttara,Azahar Trading Ltd.,Khilkhet,3285,md.akhzarnihalkingshuk2545@ecrm-imsl,131B,"Shwapno Front Side, Lake City Khilkhet",Arifa Store,12679663,7/20/2025,"23.8740412, 90.4058865",https://ecrm3-web-uploads.s3.ap-southeast-1.amazonaws.com/Production/ecrm/Audios/Survey/cmp-152/3285152_720122929839100.mp3,12:29:28,12:35:36,0:06:08,152,PJ Euphoria Derby 1-2-1
Dhaka North,Dhaka West,Uttara,Azahar Trading Ltd.,Khilkhet,3285,md.akhzarnihalkingshuk2545@ecrm-imsl,131B,"Shwapno Front Side, Lake City Khilkhet",Arifa Store,12681864,7/20/2025,"23.8744225, 90.4058627",https://ecrm3-web-uploads.s3.ap-southeast-1.amazonaws.com/Production/ecrm/Audios/Survey/cmp-152/3285152_720124646871100.mp3,12:46:46,12:51:07,0:04:21,152,PJ Euphoria Derby 1-2-1
Dhaka South,Dhaka Central,Gulshan,"Agrani Trading Corporation, Gulshan",Badda,30392,rifat500@ecrm-imsl,25A,Mohammed Alir Garege,Shahab Uddin Store,12688372,7/20/2025,"23.7836433, 90.4259788",https://ecrm3-web-uploads.s3.ap-southeast-1.amazonaws.com/Production/ecrm/Audios/Survey/cmp-152/30392152_720133852505100.mp3,13:38:53,13:45:19,0:06:26,152,PJ Euphoria Derby 1-2-1
Dhaka North,Dhaka West,Uttara,Azahar Trading Ltd.,Khilkhet,3285,md.akhzarnihalkingshuk2545@ecrm-imsl,131B,"Shwapno Front Side, Lake City Khilkhet",Arifa Store,12683706,7/20/2025,"23.8736649, 90.4059282",https://ecrm3-web-uploads.s3.ap-southeast-1.amazonaws.com/Production/ecrm/Audios/Survey/cmp-152/3285152_720125810770100.mp3,12:58:09,13:04:44,0:06:35,152,PJ Euphoria Derby 1-2-1
Dhaka North,Dhaka West,Uttara,Azahar Trading Ltd.,Khilkhet,3285,md.akhzarnihalkingshuk2545@ecrm-imsl,131B,"Shwapno Front Side, Lake City Khilkhet",Arifa Store,12686215,7/20/2025,"23.8736813, 90.4055726",https://ecrm3-web-uploads.s3.ap-southeast-1.amazonaws.com/Production/ecrm/Audios/Survey/cmp-152/3285152_720132011712100.mp3,13:20:11,13:24:57,0:04:46,152,PJ Euphoria Derby 1-2-1
Dhaka North,Dhaka West,Uttara,Azahar Trading Ltd.,Khilkhet,3285,md.akhzarnihalkingshuk2545@ecrm-imsl,131B,"Shwapno Front Side, Lake City Khilkhet",Arifa Store,12687198,7/20/2025,"23.873535, 90.4059213",https://ecrm3-web-uploads.s3.ap-southeast-1.amazonaws.com/Production/ecrm/Audios/Survey/cmp-152/3285152_720132505116100.mp3,13:25:05,13:33:55,0:08:50,152,PJ Euphoria Derby 1-2-1
Chittagong,CTG South,Kotwali (CTG),MAQ Distribution,Rahattar Pul,31594,brctg2003@ecrm-imsl,36B,Access Road,Mofiz Store,12689068,7/20/2025,"22.3497167, 91.8441386",https://ecrm3-web-uploads.s3.ap-southeast-1.amazonaws.com/Production/ecrm/Audios/Survey/cmp-152/31594152_720134651797100.mp3,13:46:39,13:52:10,0:05:31,152,PJ Euphoria Derby 1-2-1
Chittagong,CTG South,Kotwali (CTG),MAQ Distribution,Rahattar Pul,31594,brctg2003@ecrm-imsl,36B,Access Road,Mofiz Store,12688033,7/20/2025,"22.3496209, 91.8419916",https://ecrm3-web-uploads.s3.ap-southeast-1.amazonaws.com/Production/ecrm/Audios/Survey/cmp-152/31594152_720133133878100.mp3,13:31:33,13:41:52,0:10:19,152,PJ Euphoria Derby 1-2-1
Sylhet,Sylhet,Sylhet Metro 2,Moula Baksh Karim Boksh Ltd.,Akhalia,25048,ayondatta24862@ecrm-atmsl,101A,Akhalia Surma,Robin Store,12688348,7/20/2025,"24.8998019, 91.8532261",https://ecrm3-web-uploads.s3.ap-southeast-1.amazonaws.com/Production/ecrm/Audios/Survey/cmp-152/25048152_720132222224100.mp3,13:22:21,13:45:05,0:22:44,152,PJ Euphoria Derby 1-2-1
Dhaka North,Dhaka West,Uttara,Azahar Trading Ltd.,Khilkhet,3285,md.akhzarnihalkingshuk2545@ecrm-imsl,131B,"Shwapno Front Side, Lake City Khilkhet",Arifa Store,12702178,7/20/2025,"23.8646392, 90.4092478",https://ecrm3-web-uploads.s3.ap-southeast-1.amazonaws.com/Production/ecrm/Audios/Survey/cmp-152/3285152_720165927699100.mp3,16:59:26,17:16:36,0:17:10,152,PJ Euphoria Derby 1-2-1
Dhaka North,Dhaka West,Uttara,Azahar Trading Ltd.,Khilkhet,3285,md.akhzarnihalkingshuk2545@ecrm-imsl,131B,"Shwapno Front Side, Lake City Khilkhet",Arifa Store,12662212,7/20/2025,"23.8702357, 90.4055707",https://ecrm3-web-uploads.s3.ap-southeast-1.amazonaws.com/Production/ecrm/Audios/Survey/cmp-152/3285152_720102800450100.mp3,10:27:56,10:33:14,0:05:18,152,PJ Euphoria Derby 1-2-1
Dhaka North,Dhaka West,Uttara,Azahar Trading Ltd.,Khilkhet,3285,md.akhzarnihalkingshuk2545@ecrm-imsl,131B,"Shwapno Front Side, Lake City Khilkhet",Arifa Store,12664002,7/20/2025,"23.8708919, 90.4062126",https://ecrm3-web-uploads.s3.ap-southeast-1.amazonaws.com/Production/ecrm/Audios/Survey/cmp-152/3285152_72010410655100.mp3,10:41:06,10:47:49,0:06:43,152,PJ Euphoria Derby 1-2-1
Dhaka North,Dhaka West,Uttara,Azahar Trading Ltd.,Khilkhet,3285,md.akhzarnihalkingshuk2545@ecrm-imsl,131B,"Shwapno Front Side, Lake City Khilkhet",Arifa Store,12664826,7/20/2025,"23.8722276, 90.4060516",https://ecrm3-web-uploads.s3.ap-southeast-1.amazonaws.com/Production/ecrm/Audios/Survey/cmp-152/3285152_72010475117100.mp3,10:47:51,10:54:17,0:06:26,152,PJ Euphoria Derby 1-2-1
Dhaka North,Dhaka West,Uttara,Azahar Trading Ltd.,Khilkhet,3285,md.akhzarnihalkingshuk2545@ecrm-imsl,131B,"Shwapno Front Side, Lake City Khilkhet",Arifa Store,12665897,7/20/2025,"23.8730297, 90.4060132",https://ecrm3-web-uploads.s3.ap-southeast-1.amazonaws.com/Production/ecrm/Audios/Survey/cmp-152/3285152_720105422432100.mp3,10:54:21,11:01:54,0:07:33,152,PJ Euphoria Derby 1-2-1
Dhaka North,Dhaka West,Uttara,Azahar Trading Ltd.,Khilkhet,3285,md.akhzarnihalkingshuk2545@ecrm-imsl,131B,"Shwapno Front Side, Lake City Khilkhet",Arifa Store,12676389,7/20/2025,"23.8749793, 90.4061372",https://ecrm3-web-uploads.s3.ap-southeast-1.amazonaws.com/Production/ecrm/Audios/Survey/cmp-152/3285152_720120627389100.mp3,12:06:27,12:12:55,0:06:28,152,PJ Euphoria Derby 1-2-1
Dhaka South,Dhaka Central,Mirpur,"Agrani Trading Corporation, Mirpur",Mirpur-2,31827,golamrabbani2003@ecrm-imsl,73A,Goidar Tek Bazar,Naim Store,12673681,7/20/2025,"23.7988296, 90.3861309",https://ecrm3-web-uploads.s3.ap-southeast-1.amazonaws.com/Production/ecrm/Audios/Survey/cmp-152/31827152_720115034621100.mp3,11:50:32,11:54:53,0:04:21,152,PJ Euphoria Derby 1-2-1
Dhaka South,Dhaka Central,Mirpur,"Agrani Trading Corporation, Mirpur",Mirpur-2,31827,golamrabbani2003@ecrm-imsl,73A,Goidar Tek Bazar,Naim Store,12674466,7/20/2025,"23.7987332, 90.386497",https://ecrm3-web-uploads.s3.ap-southeast-1.amazonaws.com/Production/ecrm/Audios/Survey/cmp-152/31827152_720115459105100.mp3,11:54:58,12:00:06,0:05:08,152,PJ Euphoria Derby 1-2-1
Dhaka North,Dhaka West,Uttara,Azahar Trading Ltd.,Khilkhet,3285,md.akhzarnihalkingshuk2545@ecrm-imsl,131B,"Shwapno Front Side, Lake City Khilkhet",Arifa Store,12677082,7/20/2025,"23.8743033, 90.4060423",https://ecrm3-web-uploads.s3.ap-southeast-1.amazonaws.com/Production/ecrm/Audios/Survey/cmp-152/3285152_720121301515100.mp3,12:12:57,12:17:40,0:04:43,152,PJ Euphoria Derby 1-2-1
Dhaka North,Dhaka West,Uttara,Azahar Trading Ltd.,Khilkhet,3285,md.akhzarnihalkingshuk2545@ecrm-imsl,131B,"Shwapno Front Side, Lake City Khilkhet",Arifa Store,12678784,7/20/2025,"23.8744494, 90.4059744",https://ecrm3-web-uploads.s3.ap-southeast-1.amazonaws.com/Production/ecrm/Audios/Survey/cmp-152/3285152_720122411408100.mp3,12:24:11,12:29:26,0:05:15,152,PJ Euphoria Derby 1-2-1
Chittagong,CTG South,Kotwali (CTG),MAQ Distribution,Rahattar Pul,31594,brctg2003@ecrm-imsl,36B,Access Road,Mofiz Store,12679397,7/20/2025,"22.3497641, 91.8424669",https://ecrm3-web-uploads.s3.ap-southeast-1.amazonaws.com/Production/ecrm/Audios/Survey/cmp-152/31594152_72012275195100.mp3,12:27:51,12:33:40,0:05:49,152,PJ Euphoria Derby 1-2-1
Dhaka North,Dhaka West,Uttara,Azahar Trading Ltd.,Khilkhet,3285,md.akhzarnihalkingshuk2545@ecrm-imsl,131B,"Shwapno Front Side, Lake City Khilkhet",Arifa Store,12680364,7/20/2025,"23.8745136, 90.4060238",https://ecrm3-web-uploads.s3.ap-southeast-1.amazonaws.com/Production/ecrm/Audios/Survey/cmp-152/3285152_720123548614100.mp3,12:35:47,12:40:22,0:04:35,152,PJ Euphoria Derby 1-2-1
Dhaka North,Dhaka West,Uttara,Azahar Trading Ltd.,Khilkhet,3285,md.akhzarnihalkingshuk2545@ecrm-imsl,131B,"Shwapno Front Side, Lake City Khilkhet",Arifa Store,12681260,7/20/2025,"23.8744289, 90.405872",https://ecrm3-web-uploads.s3.ap-southeast-1.amazonaws.com/Production/ecrm/Audios/Survey/cmp-152/3285152_720124150509100.mp3,12:40:26,12:46:44,0:06:18,152,PJ Euphoria Derby 1-2-1
Dhaka North,Dhaka West,Uttara,Azahar Trading Ltd.,Khilkhet,3285,md.akhzarnihalkingshuk2545@ecrm-imsl,131B,"Shwapno Front Side, Lake City Khilkhet",Arifa Store,12685080,7/20/2025,"23.8736771, 90.4056768",https://ecrm3-web-uploads.s3.ap-southeast-1.amazonaws.com/Production/ecrm/Audios/Survey/cmp-152/3285152_720130446830100.mp3,13:04:46,13:15:16,0:10:30,152,PJ Euphoria Derby 1-2-1
Dhaka North,Dhaka West,Uttara,Azahar Trading Ltd.,Khilkhet,3285,md.akhzarnihalkingshuk2545@ecrm-imsl,131B,"Shwapno Front Side, Lake City Khilkhet",Arifa Store,12685639,7/20/2025,"23.8736726, 90.4057633",https://ecrm3-web-uploads.s3.ap-southeast-1.amazonaws.com/Production/ecrm/Audios/Survey/cmp-152/3285152_720131531670100.mp3,13:15:31,13:20:09,0:04:38,152,PJ Euphoria Derby 1-2-1
Chittagong,CTG South,Kotwali (CTG),MAQ Distribution,Rahattar Pul,31594,brctg2003@ecrm-imsl,36B,Access Road,Mofiz Store,12686954,7/20/2025,"22.3495925, 91.8417235",https://ecrm3-web-uploads.s3.ap-southeast-1.amazonaws.com/Production/ecrm/Audios/Survey/cmp-152/31594152_720131751450100.mp3,13:17:50,13:31:30,0:13:40,152,PJ Euphoria Derby 1-2-1
Sylhet,Sylhet,Sylhet Metro 2,Moula Baksh Karim Boksh Ltd.,Akhalia,25048,ayondatta24862@ecrm-atmsl,101A,Akhalia Surma,Robin Store,12690138,7/20/2025,"24.8997386, 91.8529691",https://ecrm3-web-uploads.s3.ap-southeast-1.amazonaws.com/Production/ecrm/Audios/Survey/cmp-152/25048152_720135544509100.mp3,13:55:44,14:02:55,0:07:11,152,PJ Euphoria Derby 1-2-1
Chittagong,CTG North,CTG Port,Zawad Enterprise,EPZ,9246,brctg9246@ecrm-imsl,4A,Beri Baad,Mokka Modina Store,12684853,7/20/2025,"22.2994104, 91.7789742",https://ecrm3-web-uploads.s3.ap-southeast-1.amazonaws.com/Production/ecrm/Audios/Survey/cmp-152/9246152_720130401153100.mp3,13:03:55,13:13:31,0:09:36,152,PJ Euphoria Derby 1-2-1
Chittagong,CTG North,CTG Port,Zawad Enterprise,EPZ,31945,partha2007@ecrm-imsl,28B,MOKBUL S ROAD,Mahmuda Store,12690649,7/20/2025,"22.2959599, 91.7833537",https://ecrm3-web-uploads.s3.ap-southeast-1.amazonaws.com/Production/ecrm/Audios/Survey/cmp-152/31945152_720135817609100.mp3,13:58:18,14:08:01,0:09:43,152,PJ Euphoria Derby 1-2-1
Dhaka North,Dhaka West,Uttara,Azahar Trading Ltd.,Mazar Chowrasta,31433,sharifulislam01@ecrm-imsl,125B,"Modhu Bag, Hazi Market, Dakshinkhan",Anower Store,12693383,7/20/2025,"23.8703619, 90.3796515",https://ecrm3-web-uploads.s3.ap-southeast-1.amazonaws.com/Production/ecrm/Audios/Survey/cmp-152/31433152_720143439163100.mp3,14:34:38,14:39:56,0:05:18,152,PJ Euphoria Derby 1-2-1
Chittagong,CTG South,Kotwali (CTG),MAQ Distribution,Rahattar Pul,31594,brctg2003@ecrm-imsl,36B,Access Road,Hakim Store,12664507,7/20/2025,"22.3499979, 91.8383285",https://ecrm3-web-uploads.s3.ap-southeast-1.amazonaws.com/Production/ecrm/Audios/Survey/cmp-152/31594152_720104405102100.mp3,10:42:41,10:51:51,0:09:10,152,PJ Euphoria Derby 1-2-1
Chittagong,CTG North,CTG Port,Zawad Enterprise,EPZ,9246,brctg9246@ecrm-imsl,4A,Beri Baad,Mokka Modina Store,12680120,7/20/2025,"22.3008939, 91.7770209",https://ecrm3-web-uploads.s3.ap-southeast-1.amazonaws.com/Production/ecrm/Audios/Survey/cmp-152/9246152_720123314863100.mp3,12:33:12,12:38:21,0:05:09,152,PJ Euphoria Derby 1-2-1
Chittagong,CTG North,CTG Port,Zawad Enterprise,EPZ,9246,brctg9246@ecrm-imsl,4A,Beri Baad,Mokka Modina Store,12681893,7/20/2025,"22.3008854, 91.7769948",https://ecrm3-web-uploads.s3.ap-southeast-1.amazonaws.com/Production/ecrm/Audios/Survey/cmp-152/9246152_7201244497100.mp3,12:44:44,12:51:15,0:06:31,152,PJ Euphoria Derby 1-2-1
Chittagong,CTG North,CTG Port,Zawad Enterprise,EPZ,9246,brctg9246@ecrm-imsl,4A,Beri Baad,Mokka Modina Store,12680966,7/20/2025,"22.3008918, 91.7769956",https://ecrm3-web-uploads.s3.ap-southeast-1.amazonaws.com/Production/ecrm/Audios/Survey/cmp-152/9246152_720123834493100.mp3,12:38:32,12:44:23,0:05:51,152,PJ Euphoria Derby 1-2-1
Chittagong,CTG North,CTG Port,Zawad Enterprise,EPZ,31945,partha2007@ecrm-imsl,28B,MOKBUL S ROAD,Mahmuda Store,12684451,7/20/2025,"22.2959599, 91.7833537",https://ecrm3-web-uploads.s3.ap-southeast-1.amazonaws.com/Production/ecrm/Audios/Survey/cmp-152/31945152_720130532249100.mp3,13:05:32,13:10:21,0:04:49,152,PJ Euphoria Derby 1-2-1
Dhaka North,Dhaka West,Uttara,Azahar Trading Ltd.,Mazar Chowrasta,31433,sharifulislam01@ecrm-imsl,125B,"Modhu Bag, Hazi Market, Dakshinkhan",Anower Store,12692053,7/20/2025,"23.8702733, 90.3795554",https://ecrm3-web-uploads.s3.ap-southeast-1.amazonaws.com/Production/ecrm/Audios/Survey/cmp-152/31433152_720141544173100.mp3,14:15:43,14:23:19,0:07:36,152,PJ Euphoria Derby 1-2-1
Dhaka North,Dhaka West,Uttara,Azahar Trading Ltd.,Mazar Chowrasta,31433,sharifulislam01@ecrm-imsl,125B,"Modhu Bag, Hazi Market, Dakshinkhan",Anower Store,12692577,7/20/2025,"23.8703976, 90.3797187",https://ecrm3-web-uploads.s3.ap-southeast-1.amazonaws.com/Production/ecrm/Audios/Survey/cmp-152/31433152_720142526863100.mp3,14:25:24,14:29:44,0:04:20,152,PJ Euphoria Derby 1-2-1
Dhaka North,Dhaka West,Uttara,Azahar Trading Ltd.,Mazar Chowrasta,31433,sharifulislam01@ecrm-imsl,125B,"Modhu Bag, Hazi Market, Dakshinkhan",Anower Store,12692969,7/20/2025,"23.8703303, 90.3797003",https://ecrm3-web-uploads.s3.ap-southeast-1.amazonaws.com/Production/ecrm/Audios/Survey/cmp-152/31433152_720142948228100.mp3,14:29:46,14:34:36,0:04:50,152,PJ Euphoria Derby 1-2-1
Chittagong,CTG North,CTG Port,Zawad Enterprise,EPZ,31945,partha2007@ecrm-imsl,28B,MOKBUL S ROAD,Mahmuda Store,12665955,7/20/2025,"22.2959599, 91.7833537",https://ecrm3-web-uploads.s3.ap-southeast-1.amazonaws.com/Production/ecrm/Audios/Survey/cmp-152/31945152_720105830188100.mp3,10:58:30,11:02:19,0:03:49,152,PJ Euphoria Derby 1-2-1
Chittagong,CTG North,CTG Port,Zawad Enterprise,EPZ,31945,partha2007@ecrm-imsl,28B,MOKBUL S ROAD,Mahmuda Store,12674884,7/20/2025,"22.2959599, 91.7833537",https://ecrm3-web-uploads.s3.ap-southeast-1.amazonaws.com/Production/ecrm/Audios/Survey/cmp-152/31945152_720115227875100.mp3,11:52:28,12:02:49,0:10:21,152,PJ Euphoria Derby 1-2-1
Chittagong,CTG North,CTG Port,Zawad Enterprise,EPZ,31945,partha2007@ecrm-imsl,28B,MOKBUL S ROAD,Mahmuda Store,12678261,7/20/2025,"22.2959599, 91.7833537",https://ecrm3-web-uploads.s3.ap-southeast-1.amazonaws.com/Production/ecrm/Audios/Survey/cmp-152/31945152_720121944122100.mp3,12:19:45,12:25:38,0:05:53,152,PJ Euphoria Derby 1-2-1
Dhaka North,Dhaka West,Uttara,Azahar Trading Ltd.,Mazar Chowrasta,31433,sharifulislam01@ecrm-imsl,125B,"Modhu Bag, Hazi Market, Dakshinkhan",Anower Store,12681827,7/20/2025,"23.8718341, 90.4072202",https://ecrm3-web-uploads.s3.ap-southeast-1.amazonaws.com/Production/ecrm/Audios/Survey/cmp-152/31433152_720124538368100.mp3,12:45:36,12:50:50,0:05:14,152,PJ Euphoria Derby 1-2-1
Chittagong,CTG North,CTG Port,Zawad Enterprise,EPZ,9246,brctg9246@ecrm-imsl,4A,Beri Baad,Mokka Modina Store,12683206,7/20/2025,"22.3009538, 91.77719",https://ecrm3-web-uploads.s3.ap-southeast-1.amazonaws.com/Production/ecrm/Audios/Survey/cmp-152/9246152_720125130894100.mp3,12:51:29,13:00:37,0:09:08,152,PJ Euphoria Derby 1-2-1
Chittagong,CTG North,CTG Port,Zawad Enterprise,EPZ,31945,partha2007@ecrm-imsl,28B,MOKBUL S ROAD,Mahmuda Store,12691815,7/20/2025,"22.2959599, 91.7833537",https://ecrm3-web-uploads.s3.ap-southeast-1.amazonaws.com/Production/ecrm/Audios/Survey/cmp-152/31945152_720141035381100.mp3,14:08:06,14:20:41,0:12:35,152,PJ Euphoria Derby 1-2-1
Dhaka South,Dhaka Central,Motijheel,"Agrani Trading Corporation, Mogbazar",Motijheel,1684,cycbrdhk2199@ecrm-imsl,3D,Shilpo Montronalay,Sahajalal Store,12661061,7/20/2025,"23.7246446, 90.433776",https://ecrm3-web-uploads.s3.ap-southeast-1.amazonaws.com/Production/ecrm/Audios/Survey/cmp-152/1684152_720101436272100.mp3,10:14:35,10:22:47,0:08:12,152,PJ Euphoria Derby 1-2-1
Dhaka South,Dhaka Central,Motijheel,"Agrani Trading Corporation, Mogbazar",Motijheel,1684,cycbrdhk2199@ecrm-imsl,3D,Shilpo Montronalay,Sahajalal Store,12661929,7/20/2025,"23.7246446, 90.433776",https://ecrm3-web-uploads.s3.ap-southeast-1.amazonaws.com/Production/ecrm/Audios/Survey/cmp-152/1684152_72010230980100.mp3,10:23:10,10:30:56,0:07:46,152,PJ Euphoria Derby 1-2-1
Dhaka South,Dhaka Central,Motijheel,"Agrani Trading Corporation, Mogbazar",Motijheel,1684,cycbrdhk2199@ecrm-imsl,3D,Shilpo Montronalay,Sahajalal Store,12668503,7/20/2025,"23.7246446, 90.433776",https://ecrm3-web-uploads.s3.ap-southeast-1.amazonaws.com/Production/ecrm/Audios/Survey/cmp-152/1684152_720111235363100.mp3,11:12:35,11:20:14,0:07:39,152,PJ Euphoria Derby 1-2-1
Dhaka South,Dhaka Central,Motijheel,"Agrani Trading Corporation, Mogbazar",Motijheel,1684,cycbrdhk2199@ecrm-imsl,3D,Shilpo Montronalay,Sahajalal Store,12671695,7/20/2025,"23.7246446, 90.433776",https://ecrm3-web-uploads.s3.ap-southeast-1.amazonaws.com/Production/ecrm/Audios/Survey/cmp-152/1684152_720113440554100.mp3,11:34:41,11:41:33,0:06:52,152,PJ Euphoria Derby 1-2-1
Dhaka South,Dhaka Central,Motijheel,"Agrani Trading Corporation, Mogbazar",Motijheel,1684,cycbrdhk2199@ecrm-imsl,3D,Shilpo Montronalay,Sahajalal Store,12673861,7/20/2025,"23.7246446, 90.433776",https://ecrm3-web-uploads.s3.ap-southeast-1.amazonaws.com/Production/ecrm/Audios/Survey/cmp-152/1684152_720114815382100.mp3,11:48:15,11:56:08,0:07:53,152,PJ Euphoria Derby 1-2-1
Khulna,Kushtia,Jhenaidah,Sanaullah Traders,Jhenaidah,25387,brkhu25127@ecrm-imsl,101D,Dhopaghata,Nur Islam Store,12684191,7/20/2025,"23.5303074, 89.1717614",https://ecrm3-web-uploads.s3.ap-southeast-1.amazonaws.com/Production/ecrm/Audios/Survey/cmp-157/25387157_720130101336100.mp3,13:00:58,13:08:14,0:07:16,157,PJ Euphoria Derby 1-2-1 (Phase-2)
Rajshahi,Dinajpur,Dinajpur,Moulovi Brothers,Dinajpur,32013,dindin2003@ecrm-ims,10B,Rail Bazar,Ajoy Tea Stole,12684369,7/20/2025,"25.63574516, 88.64358353",https://ecrm3-web-uploads.s3.ap-southeast-1.amazonaws.com/Production/ecrm/Audios/Survey/cmp-157/32013157_720130040855100.mp3,13:00:38,13:09:48,0:09:10,157,PJ Euphoria Derby 1-2-1 (Phase-2)
Barishal,Faridpur,Madaripur-2,SPS Shariatpur,Shibchar,33025,mirajulislamnaim@ecrm-imsl,401A,Balur Ghat,Moron Shaha,12684477,7/20/2025,"23.3486263, 90.1628666",https://ecrm3-web-uploads.s3.ap-southeast-1.amazonaws.com/Production/ecrm/Audios/Survey/cmp-157/33025157_720130315794100.mp3,13:03:16,13:10:32,0:07:16,157,PJ Euphoria Derby 1-2-1 (Phase-2)
Rajshahi,Rajshahi,Chapai,M/S Haque & Co.,Nachol,32392,brraj707@ecrm-ims,57B,Asian More,Deluwar Store,12688249,7/20/2025,"24.7300231, 88.4223765",https://ecrm3-web-uploads.s3.ap-southeast-1.amazonaws.com/Production/ecrm/Audios/Survey/cmp-157/32392157_720133935325100.mp3,13:39:33,13:44:03,0:04:30,157,PJ Euphoria Derby 1-2-1 (Phase-2)
Rajshahi,Bogura,Pabna,Sales Connect Limited,Santhia,17872,brraj17872@ecrm-ims,42A,Gopinathpur,Vai Vai Store,12693059,7/20/2025,"24.0554816, 89.5484296",https://ecrm3-web-uploads.s3.ap-southeast-1.amazonaws.com/Production/ecrm/Audios/Survey/cmp-157/17872157_720142527791100.mp3,14:25:27,14:35:24,0:09:57,157,PJ Euphoria Derby 1-2-1 (Phase-2)
Dhaka North,Dhaka North,Savar,"Agrani Trading Company Ltd, Savar",Zirabo,27604,mdaiubpathan@ecrm-imsl,64B,Yeasin Baag,Tripti Store,12688686,7/20/2025,"23.8601185, 90.3520373",https://ecrm3-web-uploads.s3.ap-southeast-1.amazonaws.com/Production/ecrm/Audios/Survey/cmp-157/27604157_720134303821100.mp3,13:43:02,13:48:12,0:05:10,157,PJ Euphoria Derby 1-2-1 (Phase-2)
Sylhet,Sylhet,Sylhet Metro 1,Moula Baksh Karim Boksh Ltd.,Kalighat,28015,brsyl30005@ecrm-atmsl,203B,Nayasarak Manik Pir Road,Mahi Kofin House,12685522,7/20/2025,"24.8999967, 91.8527892",https://ecrm3-web-uploads.s3.ap-southeast-1.amazonaws.com/Production/ecrm/Audios/Survey/cmp-157/28015157_720131044480100.mp3,13:10:41,13:19:05,0:08:24,157,PJ Euphoria Derby 1-2-1 (Phase-2)
Chittagong,Feni,Maijdee,M/S Sanjib Mazumder,Maijdee,3886,nizamuddin3132@ecrm-imsl,414B,Dino Moni Bazer,Hasem Store,12685969,7/20/2025,"22.8695401, 91.097317",https://ecrm3-web-uploads.s3.ap-southeast-1.amazonaws.com/Production/ecrm/Audios/Survey/cmp-157/3886157_720131514564100.mp3,13:15:12,13:22:54,0:07:42,157,PJ Euphoria Derby 1-2-1 (Phase-2)
Dhaka North,Dhaka North,Savar,"Agrani Trading Company Ltd, Savar",Zirabo,27604,mdaiubpathan@ecrm-imsl,64B,Yeasin Baag,Tripti Store,12686818,7/20/2025,"23.8508452, 90.3423337",https://ecrm3-web-uploads.s3.ap-southeast-1.amazonaws.com/Production/ecrm/Audios/Survey/cmp-157/27604157_720132330522100.mp3,13:23:29,13:30:10,0:06:41,157,PJ Euphoria Derby 1-2-1 (Phase-2)
Rajshahi,Rajshahi,Chapai,M/S Haque & Co.,Nachol,32392,brraj707@ecrm-ims,57B,Asian More,Deluwar Store,12689080,7/20/2025,"24.7300231, 88.4223765",https://ecrm3-web-uploads.s3.ap-southeast-1.amazonaws.com/Production/ecrm/Audios/Survey/cmp-157/32392157_720134557130100.mp3,13:45:55,13:52:19,0:06:24,157,PJ Euphoria Derby 1-2-1 (Phase-2)
Rajshahi,Rangpur,Lalmonirhat,Asiatic Distributions Limited – Lalmonirhat,Hatibandha,23777,brraj23539@ecrm-ims,37B,Hatibandha Muktijoddha Bazar,Anisur Store,12687906,7/20/2025,"26.12080373, 89.1346503",https://ecrm3-web-uploads.s3.ap-southeast-1.amazonaws.com/Production/ecrm/Audios/Survey/cmp-157/23777157_7201332297100.mp3,13:32:26,13:40:37,0:08:11,157,PJ Euphoria Derby 1-2-1 (Phase-2)
Chittagong,Feni,Maijdee,M/S Sanjib Mazumder,Maijdee,3886,nizamuddin3132@ecrm-imsl,414B,Dino Moni Bazer,Hasem Store,12687973,7/20/2025,"22.8696369, 91.0973423",https://ecrm3-web-uploads.s3.ap-southeast-1.amazonaws.com/Production/ecrm/Audios/Survey/cmp-157/3886157_720133332476100.mp3,13:33:13,13:41:14,0:08:01,157,PJ Euphoria Derby 1-2-1 (Phase-2)
Rajshahi,Bogura,Pabna,Sales Connect Limited,Santhia,17872,brraj17872@ecrm-ims,42A,Gopinathpur,Vai Vai Store,12689380,7/20/2025,"24.0554816, 89.5484296",https://ecrm3-web-uploads.s3.ap-southeast-1.amazonaws.com/Production/ecrm/Audios/Survey/cmp-157/17872157_720134716209100.mp3,13:47:13,13:55:11,0:07:58,157,PJ Euphoria Derby 1-2-1 (Phase-2)
Rajshahi,Rajshahi,Chapai,M/S Haque & Co.,Nachol,32392,brraj707@ecrm-ims,57B,Asian More,Deluwar Store,12689773,7/20/2025,"24.7300231, 88.4223765",https://ecrm3-web-uploads.s3.ap-southeast-1.amazonaws.com/Production/ecrm/Audios/Survey/cmp-157/32392157_720135321458100.mp3,13:53:19,13:59:02,0:05:43,157,PJ Euphoria Derby 1-2-1 (Phase-2)
Rajshahi,Dinajpur,Gaibandha,M/S. Spectrum Trading Corporation,Gaibandha,32805,brraj400060@ecrm-ims,124A,Loha Chora Brize,Mojid Tea Store,12690284,7/20/2025,"25.3329975, 89.5422692",https://ecrm3-web-uploads.s3.ap-southeast-1.amazonaws.com/Production/ecrm/Audios/Survey/cmp-157/32805157_720135653283100.mp3,13:56:48,14:04:25,0:07:37,157,PJ Euphoria Derby 1-2-1 (Phase-2)
Dhaka North,Dhaka North,Savar,"Agrani Trading Company Ltd, Savar",Savar,30895,badol000@ecrm-imsl,16A,Bank Town East,Khan Store,12691121,7/20/2025,"23.8467771, 90.2455136",https://ecrm3-web-uploads.s3.ap-southeast-1.amazonaws.com/Production/ecrm/Audios/Survey/cmp-157/30895157_72014083916100.mp3,14:08:39,14:13:04,0:04:25,157,PJ Euphoria Derby 1-2-1 (Phase-2)
Chittagong,Feni,Laksam,M/S. Momin Store,Chatkhil,20419,brctg20419@ecrm-imsl,43B,KOROT KHIL BAZAR,Khayer Store,12690384,7/20/2025,"23.0631048, 90.9707461",https://ecrm3-web-uploads.s3.ap-southeast-1.amazonaws.com/Production/ecrm/Audios/Survey/cmp-157/20419157_720135827389100.mp3,13:58:25,14:05:26,0:07:01,157,PJ Euphoria Derby 1-2-1 (Phase-2)
Rajshahi,Bogura,Pabna,Sales Connect Limited,Santhia,17872,brraj17872@ecrm-ims,42A,Gopinathpur,Vai Vai Store,12690671,7/20/2025,"24.0554816, 89.5484296",https://ecrm3-web-uploads.s3.ap-southeast-1.amazonaws.com/Production/ecrm/Audios/Survey/cmp-157/17872157_720135938428100.mp3,13:59:38,14:08:10,0:08:32,157,PJ Euphoria Derby 1-2-1 (Phase-2)
Chittagong,Feni,Laksam,M/S. Momin Store,Chatkhil,20419,brctg20419@ecrm-imsl,43B,KOROT KHIL BAZAR,Khayer Store,12690806,7/20/2025,"23.0631048, 90.9707461",https://ecrm3-web-uploads.s3.ap-southeast-1.amazonaws.com/Production/ecrm/Audios/Survey/cmp-157/20419157_720140537179100.mp3,14:05:34,14:09:27,0:03:53,157,PJ Euphoria Derby 1-2-1 (Phase-2)
Chittagong,CTG South,Patiya,MAQ Distribution,Anwara,32574,sworov2003@ecrm-imsl,74B,Kafco gate,Asraf Store,12701903,7/20/2025,"22.2250485, 91.8406373",https://ecrm3-web-uploads.s3.ap-southeast-1.amazonaws.com/Production/ecrm/Audios/Survey/cmp-157/32574157_720170400493100.mp3,17:03:57,17:09:10,0:05:13,157,PJ Euphoria Derby 1-2-1 (Phase-2)
Khulna,Khulna,Khulna Metro-2,Rafiq Enterprise,Bagerhat,26967,brkhu26529@ecrm-imsl,421A,Badsa Market,Jakir Store,12692212,7/20/2025,"22.7050091, 89.6948546",https://ecrm3-web-uploads.s3.ap-southeast-1.amazonaws.com/Production/ecrm/Audios/Survey/cmp-157/26967157_720141721834100.mp3,14:17:12,14:25:17,0:08:05,157,PJ Euphoria Derby 1-2-1 (Phase-2)
Rajshahi,Dinajpur,Gaibandha,M/S. Spectrum Trading Corporation,Gaibandha,32805,brraj400060@ecrm-ims,124A,Loha Chora Brize,Mojid Tea Store,12692623,7/20/2025,"25.3329877, 89.5422632",https://ecrm3-web-uploads.s3.ap-southeast-1.amazonaws.com/Production/ecrm/Audios/Survey/cmp-157/32805157_720142253558100.mp3,14:22:50,14:30:11,0:07:21,157,PJ Euphoria Derby 1-2-1 (Phase-2)
Khulna,Khulna,Khulna Metro-2,Rafiq Enterprise,Bagerhat,26967,brkhu26529@ecrm-imsl,421A,Badsa Market,Jakir Store,12692927,7/20/2025,"22.7050011, 89.694872",https://ecrm3-web-uploads.s3.ap-southeast-1.amazonaws.com/Production/ecrm/Audios/Survey/cmp-157/26967157_720142539886100.mp3,14:25:38,14:34:05,0:08:27,157,PJ Euphoria Derby 1-2-1 (Phase-2)
Dhaka North,Dhaka West,Tongi,Azahar Trading Ltd.,Mirer Bazar,26243,brdhk25821@ecrm-imsl,44B,Podo Harbaid Kalu Market,Mollah Store,12693233,7/20/2025,"23.9029505, 90.4118963",https://ecrm3-web-uploads.s3.ap-southeast-1.amazonaws.com/Production/ecrm/Audios/Survey/cmp-157/26243157_72014270849100.mp3,14:27:07,14:38:03,0:10:56,157,PJ Euphoria Derby 1-2-1 (Phase-2)
Rajshahi,Rajshahi,Chapai,M/S Haque & Co.,Nachol,32392,brraj707@ecrm-ims,57B,Asian More,Deluwar Store,12693398,7/20/2025,"24.7300231, 88.4223765",https://ecrm3-web-uploads.s3.ap-southeast-1.amazonaws.com/Production/ecrm/Audios/Survey/cmp-157/32392157_720143325576100.mp3,14:33:23,14:40:06,0:06:43,157,PJ Euphoria Derby 1-2-1 (Phase-2)
Chittagong,CTG South,Cox's Bazar-1,M/S Al-Amin Store,Moheshkhali,13800,raseluddinbrctg13800@ecrm-ims,208A,Ghatibanga Bazar,Nurul Store,12693755,7/20/2025,"21.5189271, 91.9592069",https://ecrm3-web-uploads.s3.ap-southeast-1.amazonaws.com/Production/ecrm/Audios/Survey/cmp-157/13800157_720143900495100.mp3,14:38:58,14:44:17,0:05:19,157,PJ Euphoria Derby 1-2-1 (Phase-2)
Rajshahi,Rajshahi,Chapai,M/S Haque & Co.,Nachol,32392,brraj707@ecrm-ims,57B,Asian More,Deluwar Store,12694132,7/20/2025,"24.7300231, 88.4223765",https://ecrm3-web-uploads.s3.ap-southeast-1.amazonaws.com/Production/ecrm/Audios/Survey/cmp-157/32392157_720144115875100.mp3,14:41:14,14:49:27,0:08:13,157,PJ Euphoria Derby 1-2-1 (Phase-2)
Chittagong,CTG South,Cox's Bazar-1,M/S Al-Amin Store,Moheshkhali,13800,raseluddinbrctg13800@ecrm-ims,208A,Ghatibanga Bazar,Nurul Store,12694125,7/20/2025,"21.518921, 91.9592024",https://ecrm3-web-uploads.s3.ap-southeast-1.amazonaws.com/Production/ecrm/Audios/Survey/cmp-157/13800157_720144426589100.mp3,14:44:24,14:49:18,0:04:54,157,PJ Euphoria Derby 1-2-1 (Phase-2)
Khulna,Kushtia,Kushtia,Joarder Traders,Kushtia,7123,brkhu7123@ecrm-imsl,110B,Coart Station,Mamon Store,12697784,7/20/2025,"23.918479, 89.1109334",https://ecrm3-web-uploads.s3.ap-southeast-1.amazonaws.com/Production/ecrm/Audios/Survey/cmp-157/7123157_720153751479100.mp3,15:41:03,15:48:22,0:07:19,157,PJ Euphoria Derby 1-2-1 (Phase-2)
Rajshahi,Rajshahi,Chapai,M/S Haque & Co.,Nachol,32392,brraj707@ecrm-ims,57B,Asian More,Deluwar Store,12695226,7/20/2025,"24.7300231, 88.4223765",https://ecrm3-web-uploads.s3.ap-southeast-1.amazonaws.com/Production/ecrm/Audios/Survey/cmp-157/32392157_720145744420100.mp3,14:57:41,15:04:10,0:06:29,157,PJ Euphoria Derby 1-2-1 (Phase-2)
Rajshahi,Bogura,Pabna,Sales Connect Limited,Santhia,17872,brraj17872@ecrm-ims,42A,Gopinathpur,Vai Vai Store,12695277,7/20/2025,"24.0554816, 89.5484296",https://ecrm3-web-uploads.s3.ap-southeast-1.amazonaws.com/Production/ecrm/Audios/Survey/cmp-157/17872157_720145535350100.mp3,14:55:34,15:05:10,0:09:36,157,PJ Euphoria Derby 1-2-1 (Phase-2)
Chittagong,Feni,Maijdee,M/S Sanjib Mazumder,Suborno Char,31443,arafat01806@ecrm-ims,607B,Solaiman Bazar,Monir Store,12695601,7/20/2025,"22.6364759, 91.1206278",https://ecrm3-web-uploads.s3.ap-southeast-1.amazonaws.com/Production/ecrm/Audios/Survey/cmp-157/31443157_720150610253100.mp3,15:06:08,15:09:46,0:03:38,157,PJ Euphoria Derby 1-2-1 (Phase-2)
Rajshahi,Rajshahi,Chapai,M/S Haque & Co.,Nachol,32392,brraj707@ecrm-ims,57B,Asian More,Deluwar Store,12695749,7/20/2025,"24.7300231, 88.4223765",https://ecrm3-web-uploads.s3.ap-southeast-1.amazonaws.com/Production/ecrm/Audios/Survey/cmp-157/32392157_720150550753100.mp3,15:05:47,15:11:57,0:06:10,157,PJ Euphoria Derby 1-2-1 (Phase-2)
Rajshahi,Rangpur,Lalmonirhat,Asiatic Distributions Limited – Lalmonirhat,Hatibandha,23777,brraj23539@ecrm-ims,37B,Hatibandha Muktijoddha Bazar,Anisur Store,12698079,7/20/2025,"26.12633099, 89.13904449",https://ecrm3-web-uploads.s3.ap-southeast-1.amazonaws.com/Production/ecrm/Audios/Survey/cmp-157/23777157_720154514116100.mp3,15:45:12,15:54:11,0:08:59,157,PJ Euphoria Derby 1-2-1 (Phase-2)
Chittagong,CTG South,Cox's Bazar-1,M/S Al-Amin Store,Moheshkhali,13800,raseluddinbrctg13800@ecrm-ims,208A,Ghatibanga Bazar,Nurul Store,12696383,7/20/2025,"21.5189074, 91.9591961",https://ecrm3-web-uploads.s3.ap-southeast-1.amazonaws.com/Production/ecrm/Audios/Survey/cmp-157/13800157_720151620686100.mp3,15:16:15,15:22:33,0:06:18,157,PJ Euphoria Derby 1-2-1 (Phase-2)
Chittagong,CTG South,Cox's Bazar-1,M/S Al-Amin Store,Moheshkhali,13800,raseluddinbrctg13800@ecrm-ims,208A,Ghatibanga Bazar,Nurul Store,12696875,7/20/2025,"21.5195371, 91.9617338",https://ecrm3-web-uploads.s3.ap-southeast-1.amazonaws.com/Production/ecrm/Audios/Survey/cmp-157/13800157_720152402172100.mp3,15:22:58,15:31:28,0:08:30,157,PJ Euphoria Derby 1-2-1 (Phase-2)
Rajshahi,Rangpur,Lalmonirhat,Asiatic Distributions Limited – Lalmonirhat,Hatibandha,23777,brraj23539@ecrm-ims,37B,Hatibandha Muktijoddha Bazar,Anisur Store,12697049,7/20/2025,"26.125758, 89.13918",https://ecrm3-web-uploads.s3.ap-southeast-1.amazonaws.com/Production/ecrm/Audios/Survey/cmp-157/23777157_720152716549100.mp3,15:27:14,15:34:55,0:07:41,157,PJ Euphoria Derby 1-2-1 (Phase-2)
Rajshahi,Rangpur,Lalmonirhat,Asiatic Distributions Limited – Lalmonirhat,Hatibandha,23777,brraj23539@ecrm-ims,37B,Hatibandha Muktijoddha Bazar,Anisur Store,12699456,7/20/2025,"26.12640647, 89.13898689",https://ecrm3-web-uploads.s3.ap-southeast-1.amazonaws.com/Production/ecrm/Audios/Survey/cmp-157/23777157_720161208644100.mp3,16:12:04,16:19:00,0:06:56,157,PJ Euphoria Derby 1-2-1 (Phase-2)
Chittagong,CTG North,Khagrachhari,Zawad Enterprise,Nazirhat,33214,ejaj2006@ecrm-imsl,150B,JANATA BAZAR,Saimon Store,12699883,7/20/2025,"22.4988833, 91.8064903",https://ecrm3-web-uploads.s3.ap-southeast-1.amazonaws.com/Production/ecrm/Audios/Survey/cmp-157/33214157_720162115740100.mp3,16:21:14,16:27:12,0:05:58,157,PJ Euphoria Derby 1-2-1 (Phase-2)
Rajshahi,Rangpur,Lalmonirhat,Asiatic Distributions Limited – Lalmonirhat,Hatibandha,23777,brraj23539@ecrm-ims,37B,Hatibandha Muktijoddha Bazar,Anisur Store,12700145,7/20/2025,"26.12632793, 89.13871441",https://ecrm3-web-uploads.s3.ap-southeast-1.amazonaws.com/Production/ecrm/Audios/Survey/cmp-157/23777157_720162406745100.mp3,16:24:05,16:31:23,0:07:18,157,PJ Euphoria Derby 1-2-1 (Phase-2)
Khulna,Khulna,Khulna Metro-2,Rafiq Enterprise,Bagerhat,26967,brkhu26529@ecrm-imsl,421A,Badsa Market,Jakir Store,12700225,7/20/2025,"22.7061649, 89.6917567",https://ecrm3-web-uploads.s3.ap-southeast-1.amazonaws.com/Production/ecrm/Audios/Survey/cmp-157/26967157_720162454353100.mp3,16:24:53,16:32:30,0:07:37,157,PJ Euphoria Derby 1-2-1 (Phase-2)
Chittagong,CTG South,Patiya,MAQ Distribution,Khanhat (MAQ),33222,tanvir290@ecrm-imsl,375A,College Gate,Belal Store2,12701213,7/20/2025,"22.2917719, 91.9811373",https://ecrm3-web-uploads.s3.ap-southeast-1.amazonaws.com/Production/ecrm/Audios/Survey/cmp-157/33222157_720164609517100.mp3,16:45:21,16:53:21,0:08:00,157,PJ Euphoria Derby 1-2-1 (Phase-2)
Khulna,Khulna,Jashore-1,M/S Azizur Rahman,Khajura,2470,brkhu2470@ecrm-imsl,902B,Ainal More,Aslam Store,12701528,7/20/2025,"23.2282347, 89.2139714",https://ecrm3-web-uploads.s3.ap-southeast-1.amazonaws.com/Production/ecrm/Audios/Survey/cmp-157/2470157_720165442208100.mp3,16:54:41,17:00:39,0:05:58,157,PJ Euphoria Derby 1-2-1 (Phase-2)
Chittagong,Feni,Laksam,M/S. Momin Store,Chatkhil,20419,brctg20419@ecrm-imsl,43B,KOROT KHIL BAZAR,Khayer Store,12702388,7/20/2025,"23.0630472, 90.9707586",https://ecrm3-web-uploads.s3.ap-southeast-1.amazonaws.com/Production/ecrm/Audios/Survey/cmp-157/20419157_720171621823100.mp3,17:16:05,17:22:53,0:06:48,157,PJ Euphoria Derby 1-2-1 (Phase-2)
Khulna,Khulna,Jashore-1,M/S Azizur Rahman,Khajura,2470,brkhu2470@ecrm-imsl,902B,Ainal More,Aslam Store,12703147,7/20/2025,"23.2313133, 89.2125393",https://ecrm3-web-uploads.s3.ap-southeast-1.amazonaws.com/Production/ecrm/Audios/Survey/cmp-157/2470157_720174330843100.mp3,17:43:29,17:48:55,0:05:26,157,PJ Euphoria Derby 1-2-1 (Phase-2)
Barishal,Faridpur,Madaripur-2,SPS Shariatpur,Shibchar,33025,mirajulislamnaim@ecrm-imsl,401A,Balur Ghat,Moron Shaha,12703229,7/20/2025,"23.3039041, 90.1376047",https://ecrm3-web-uploads.s3.ap-southeast-1.amazonaws.com/Production/ecrm/Audios/Survey/cmp-157/33025157_720174315551100.mp3,17:43:12,17:51:40,0:08:28,157,PJ Euphoria Derby 1-2-1 (Phase-2)
Khulna,Khulna,Jashore-1,M/S Azizur Rahman,Khajura,2470,brkhu2470@ecrm-imsl,902B,Ainal More,Aslam Store,12703283,7/20/2025,"23.2282353, 89.213971",https://ecrm3-web-uploads.s3.ap-southeast-1.amazonaws.com/Production/ecrm/Audios/Survey/cmp-157/2470157_720174909443100.mp3,17:49:06,17:53:50,0:04:44,157,PJ Euphoria Derby 1-2-1 (Phase-2)
Barishal,Faridpur,Madaripur-2,SPS Shariatpur,Shibchar,33025,mirajulislamnaim@ecrm-imsl,401A,Balur Ghat,Moron Shaha,12703534,7/20/2025,"23.3029018, 90.1387792",https://ecrm3-web-uploads.s3.ap-southeast-1.amazonaws.com/Production/ecrm/Audios/Survey/cmp-157/33025157_720175848177100.mp3,17:58:47,18:03:46,0:04:59,157,PJ Euphoria Derby 1-2-1 (Phase-2)
Barishal,Faridpur,Madaripur-2,SPS Shariatpur,Shibchar,33025,mirajulislamnaim@ecrm-imsl,401A,Balur Ghat,Moron Shaha,12703809,7/20/2025,"23.3028599, 90.1386271",https://ecrm3-web-uploads.s3.ap-southeast-1.amazonaws.com/Production/ecrm/Audios/Survey/cmp-157/33025157_720181205859100.mp3,18:12:05,18:18:21,0:06:16,157,PJ Euphoria Derby 1-2-1 (Phase-2)
Barishal,Faridpur,Madaripur-1,M/S Tarik Ahmed Dipu (Madaripur),Tekerhat,4331,niloykarmokarbrkhu4331@ecrm-ims,306B,Maiesmari,Sayeed Store,12703966,7/20/2025,"23.1644531, 90.1902865",https://ecrm3-web-uploads.s3.ap-southeast-1.amazonaws.com/Production/ecrm/Audios/Survey/cmp-157/4331157_720181934146100.mp3,18:19:33,18:27:20,0:07:47,157,PJ Euphoria Derby 1-2-1 (Phase-2)
Barishal,Faridpur,Madaripur-1,M/S Tarik Ahmed Dipu (Madaripur),Tekerhat,4331,niloykarmokarbrkhu4331@ecrm-ims,306B,Maiesmari,Sayeed Store,12704099,7/20/2025,"23.1756281, 90.2083023",https://ecrm3-web-uploads.s3.ap-southeast-1.amazonaws.com/Production/ecrm/Audios/Survey/cmp-157/4331157_720182737105100.mp3,18:27:35,18:35:59,0:08:24,157,PJ Euphoria Derby 1-2-1 (Phase-2)
Barishal,Faridpur,Madaripur-2,SPS Shariatpur,Shibchar,33025,mirajulislamnaim@ecrm-imsl,401A,Balur Ghat,Moron Shaha,12704134,7/20/2025,"23.302977, 90.1385685",https://ecrm3-web-uploads.s3.ap-southeast-1.amazonaws.com/Production/ecrm/Audios/Survey/cmp-157/33025157_720182752273100.mp3,18:27:52,18:38:09,0:10:17,157,PJ Euphoria Derby 1-2-1 (Phase-2)
Barishal,Faridpur,Madaripur-1,M/S Tarik Ahmed Dipu (Madaripur),Tekerhat,4331,niloykarmokarbrkhu4331@ecrm-ims,306B,Maiesmari,Sayeed Store,12704232,7/20/2025,"23.1756303, 90.2083046",https://ecrm3-web-uploads.s3.ap-southeast-1.amazonaws.com/Production/ecrm/Audios/Survey/cmp-157/4331157_720183605124100.mp3,18:36:04,18:45:23,0:09:19,157,PJ Euphoria Derby 1-2-1 (Phase-2)
Barishal,Faridpur,Madaripur-2,SPS Shariatpur,Shibchar,33025,mirajulislamnaim@ecrm-imsl,401A,Balur Ghat,Moron Shaha,12704244,7/20/2025,"23.302848, 90.1387994",https://ecrm3-web-uploads.s3.ap-southeast-1.amazonaws.com/Production/ecrm/Audios/Survey/cmp-157/33025157_7201839443100.mp3,18:38:13,18:46:10,0:07:57,157,PJ Euphoria Derby 1-2-1 (Phase-2)
Rajshahi,Rangpur,Kurigram,"Asiatic Distributions Limited, Kurigram",Bhurungamari,33053,koushik2002@ecrm-ims,44B,Thana More,Vai-Bon Store,12704457,7/20/2025,"26.112421, 89.6637457",https://ecrm3-web-uploads.s3.ap-southeast-1.amazonaws.com/Production/ecrm/Audios/Survey/cmp-157/33053157_720185828226100.mp3,18:58:28,19:05:08,0:06:40,157,PJ Euphoria Derby 1-2-1 (Phase-2)
Chittagong,Cumilla,Cumilla-2,M/S Rupali Traders,Cumilla-2,30086,cumilla04@ecrm-imsl,56B,Dishabond,Saymon Store,12657839,7/20/2025,"23.4622244, 91.1918345",https://ecrm3-web-uploads.s3.ap-southeast-1.amazonaws.com/Production/ecrm/Audios/Survey/cmp-157/30086157_72009274078100.mp3,9:27:39,9:33:44,0:06:05,157,PJ Euphoria Derby 1-2-1 (Phase-2)
Dhaka North,Dhaka North,Savar,"Agrani Trading Company Ltd, Savar",Zirabo,31233,rabbi1211@ecrm-imsl,62A,Gouripur,Gofur Store,12659230,7/20/2025,"23.9069199, 90.3215118",https://ecrm3-web-uploads.s3.ap-southeast-1.amazonaws.com/Production/ecrm/Audios/Survey/cmp-157/31233157_720095609507100.mp3,9:56:08,10:01:30,0:05:22,157,PJ Euphoria Derby 1-2-1 (Phase-2)
Chittagong,Cumilla,Cumilla-2,M/S Rupali Traders,Cumilla-2,30086,cumilla04@ecrm-imsl,56B,Dishabond,Saymon Store,12658090,7/20/2025,"23.4627574, 91.192111",https://ecrm3-web-uploads.s3.ap-southeast-1.amazonaws.com/Production/ecrm/Audios/Survey/cmp-157/30086157_720093457593100.mp3,9:34:57,9:41:07,0:06:10,157,PJ Euphoria Derby 1-2-1 (Phase-2)
Dhaka North,Dhaka North,DEPZ,"Agrani Trading Company Ltd, Savar",DEPZ,32906,shohanur2001@ecrm-imsl,94B,Chapra Mosjid East,Bhai Bhai Tea Store,12660124,7/20/2025,"23.9227756, 90.2625214",https://ecrm3-web-uploads.s3.ap-southeast-1.amazonaws.com/Production/ecrm/Audios/Survey/cmp-157/32906157_720100744590100.mp3,10:07:43,10:12:52,0:05:09,157,PJ Euphoria Derby 1-2-1 (Phase-2)
Dhaka North,Dhaka North,DEPZ,"Agrani Trading Company Ltd, Savar",DEPZ,32906,shohanur2001@ecrm-imsl,94B,Chapra Mosjid East,Bhai Bhai Tea Store,12660611,7/20/2025,"23.922861, 90.2623899",https://ecrm3-web-uploads.s3.ap-southeast-1.amazonaws.com/Production/ecrm/Audios/Survey/cmp-157/32906157_720101315486100.mp3,10:13:15,10:18:17,0:05:02,157,PJ Euphoria Derby 1-2-1 (Phase-2)
Rajshahi,Rajshahi,Rajshahi 1,M/S Abul Hossain,Rajshahi-1,32053,brraj5262@ecrm-ims,28A,Bayahat,Raj Store5,12659046,7/20/2025,"24.3612108, 88.6259183",https://ecrm3-web-uploads.s3.ap-southeast-1.amazonaws.com/Production/ecrm/Audios/Survey/cmp-157/32053157_720094824454100.mp3,9:48:23,9:58:40,0:10:17,157,PJ Euphoria Derby 1-2-1 (Phase-2)
Rajshahi,Rajshahi,Rajshahi 1,M/S Abul Hossain,Rajshahi-1,32053,brraj5262@ecrm-ims,28A,Bayahat,Raj Store5,12659689,7/20/2025,"24.3612108, 88.6259183",https://ecrm3-web-uploads.s3.ap-southeast-1.amazonaws.com/Production/ecrm/Audios/Survey/cmp-157/32053157_720100118585100.mp3,10:01:15,10:07:38,0:06:23,157,PJ Euphoria Derby 1-2-1 (Phase-2)
Rajshahi,Bogura,Ishwardi,Daffodils,Ishwardi,32290,brraj70128@ecrm-ims,1D,Boro mosjid,Sumon Store,12660095,7/20/2025,"24.1338823, 89.0585073",https://ecrm3-web-uploads.s3.ap-southeast-1.amazonaws.com/Production/ecrm/Audios/Survey/cmp-157/32290157_720100613211100.mp3,10:06:12,10:12:34,0:06:22,157,PJ Euphoria Derby 1-2-1 (Phase-2)
Chittagong,CTG North,Sitakunda,Arafa Store,Fouzderhat,13153,mdshamsulalamrubelbrctg13153@ecrm-ims,10B,Nacia Gona,Dider Store,12660438,7/20/2025,"22.4091549, 91.7569599",https://ecrm3-web-uploads.s3.ap-southeast-1.amazonaws.com/Production/ecrm/Audios/Survey/cmp-157/13153157_720101104695100.mp3,10:11:04,10:16:30,0:05:26,157,PJ Euphoria Derby 1-2-1 (Phase-2)
Rajshahi,Dinajpur,Gaibandha,M/S. Spectrum Trading Corporation,Gaibandha,24705,brraj24705@ecrm-ims,126A,Kaun Celer Bazar West,Shadia Store,12662099,7/20/2025,"25.333107, 89.5422233",https://ecrm3-web-uploads.s3.ap-southeast-1.amazonaws.com/Production/ecrm/Audios/Survey/cmp-157/24705157_720102248557100.mp3,10:22:46,10:32:22,0:09:36,157,PJ Euphoria Derby 1-2-1 (Phase-2)
Rajshahi,Rajshahi,Rajshahi 1,M/S Abul Hossain,Rajshahi-1,32053,brraj5262@ecrm-ims,28A,Bayahat,Raj Store5,12660989,7/20/2025,"24.3612108, 88.6259183",https://ecrm3-web-uploads.s3.ap-southeast-1.amazonaws.com/Production/ecrm/Audios/Survey/cmp-157/32053157_720101231377100.mp3,10:12:29,10:22:11,0:09:42,157,PJ Euphoria Derby 1-2-1 (Phase-2)
Rajshahi,Bogura,Bogura-1,Mr Brothers,Bogura,31713,brraj86392@ecrm-ims,8A,Hawkers Market,Ave Store,12661796,7/20/2025,"24.8490238, 89.3677212",https://ecrm3-web-uploads.s3.ap-southeast-1.amazonaws.com/Production/ecrm/Audios/Survey/cmp-157/31713157_720102241150100.mp3,10:22:38,10:29:43,0:07:05,157,PJ Euphoria Derby 1-2-1 (Phase-2)
Rajshahi,Dinajpur,Gaibandha,M/S. Spectrum Trading Corporation,Gaibandha,24705,brraj24705@ecrm-ims,126A,Kaun Celer Bazar West,Shadia Store,12664490,7/20/2025,"25.3331376, 89.5422344",https://ecrm3-web-uploads.s3.ap-southeast-1.amazonaws.com/Production/ecrm/Audios/Survey/cmp-157/24705157_720104154212100.mp3,10:41:53,10:51:39,0:09:46,157,PJ Euphoria Derby 1-2-1 (Phase-2)
Rajshahi,Bogura,Bogura-2,Mr Brothers,Ullahpara,33204,brraj25298@ecrm-ims,107A,Joydev Sarok Overbridge,Ratna Confectionaty,12662887,7/20/2025,"24.4513875, 89.7024738",https://ecrm3-web-uploads.s3.ap-southeast-1.amazonaws.com/Production/ecrm/Audios/Survey/cmp-157/33204157_720103114894100.mp3,10:31:12,10:38:56,0:07:44,157,PJ Euphoria Derby 1-2-1 (Phase-2)
Rajshahi,Bogura,Ishwardi,Daffodils,Ishwardi,32290,brraj70128@ecrm-ims,1D,Boro mosjid,Sumon Store,12663314,7/20/2025,"24.128325000000004, 89.06317833333333",https://ecrm3-web-uploads.s3.ap-southeast-1.amazonaws.com/Production/ecrm/Audios/Survey/cmp-157/32290157_720103820873100.mp3,10:38:20,10:42:25,0:04:05,157,PJ Euphoria Derby 1-2-1 (Phase-2)
Khulna,Kushtia,Meherpur,Joarder Traders,Dolotpur,2122,brkhu2122@ecrm-imsl,509B,Allardarga Moddho Bazar,Naro Store,12664675,7/20/2025,"23.891391, 88.873771",https://ecrm3-web-uploads.s3.ap-southeast-1.amazonaws.com/Production/ecrm/Audios/Survey/cmp-157/2122157_720104321726100.mp3,10:43:20,10:53:05,0:09:45,157,PJ Euphoria Derby 1-2-1 (Phase-2)
Chittagong,CTG South,Patiya,MAQ Distribution,Keranihat (MAQ),32285,brctg28443@ecrm-imsl,347B,Dormopur Chader Para,Forid Store,12664680,7/20/2025,"22.1018514, 92.0739439",https://ecrm3-web-uploads.s3.ap-southeast-1.amazonaws.com/Production/ecrm/Audios/Survey/cmp-157/32285157_72010483984100.mp3,10:48:38,10:53:09,0:04:31,157,PJ Euphoria Derby 1-2-1 (Phase-2)
Rajshahi,Rajshahi,Rajshahi 1,M/S Abul Hossain,Rajshahi-1,32053,brraj5262@ecrm-ims,28A,Bayahat,Raj Store5,12664330,7/20/2025,"24.3612108, 88.6259183",https://ecrm3-web-uploads.s3.ap-southeast-1.amazonaws.com/Production/ecrm/Audios/Survey/cmp-157/32053157_72010430533100.mp3,10:43:04,10:50:12,0:07:08,157,PJ Euphoria Derby 1-2-1 (Phase-2)
Khulna,Kushtia,Meherpur,Joarder Traders,Dolotpur,2122,brkhu2122@ecrm-imsl,509B,Allardarga Moddho Bazar,Naro Store,12667455,7/20/2025,"23.8914438, 88.8734502",https://ecrm3-web-uploads.s3.ap-southeast-1.amazonaws.com/Production/ecrm/Audios/Survey/cmp-157/2122157_720110219545100.mp3,11:02:18,11:12:54,0:10:36,157,PJ Euphoria Derby 1-2-1 (Phase-2)
Khulna,Kushtia,Magura,Akram Enterprise,Narail,32867,brkhu2973@ecrm-imsl,510A,Auwria,Vi Vi Store 2,12665191,7/20/2025,"23.174641, 89.5110528",https://ecrm3-web-uploads.s3.ap-southeast-1.amazonaws.com/Production/ecrm/Audios/Survey/cmp-157/32867157_720102813184100.mp3,10:28:12,10:56:55,0:28:43,157,PJ Euphoria Derby 1-2-1 (Phase-2)
Sylhet,Sylhet,Sylhet Metro 1,Moula Baksh Karim Boksh Ltd.,Jaintapur,1184,brsyl289@ecrm-atmsl,815A,Jaintapur Ferighat,Maa Store,12665434,7/20/2025,"25.1717042, 92.0198073",https://ecrm3-web-uploads.s3.ap-southeast-1.amazonaws.com/Production/ecrm/Audios/Survey/cmp-157/1184157_720104258622100.mp3,10:42:58,10:58:36,0:15:38,157,PJ Euphoria Derby 1-2-1 (Phase-2)
Chittagong,CTG South,Patiya,MAQ Distribution,Keranihat (MAQ),32285,brctg28443@ecrm-imsl,347B,Dormopur Chader Para,Forid Store,12665658,7/20/2025,"22.1017958, 92.0739216",https://ecrm3-web-uploads.s3.ap-southeast-1.amazonaws.com/Production/ecrm/Audios/Survey/cmp-157/32285157_72010555342100.mp3,10:55:52,11:00:16,0:04:24,157,PJ Euphoria Derby 1-2-1 (Phase-2)
Dhaka North,Dhaka North,DEPZ,"Agrani Trading Company Ltd, Savar",DEPZ,32906,shohanur2001@ecrm-imsl,94B,Chapra Mosjid East,Bhai Bhai Tea Store,12667935,7/20/2025,"23.9429776, 90.2686434",https://ecrm3-web-uploads.s3.ap-southeast-1.amazonaws.com/Production/ecrm/Audios/Survey/cmp-157/32906157_720111103810100.mp3,11:09:39,11:16:12,0:06:33,157,PJ Euphoria Derby 1-2-1 (Phase-2)
Chittagong,Feni,Maijdee,M/S Sanjib Mazumder,Suborno Char,31443,arafat01806@ecrm-ims,601B,Somitir Bazar,Sahabuddin Store,12666031,7/20/2025,"22.6359067, 91.1208095",https://ecrm3-web-uploads.s3.ap-southeast-1.amazonaws.com/Production/ecrm/Audios/Survey/cmp-157/31443157_720105849878100.mp3,10:58:49,11:02:48,0:03:59,157,PJ Euphoria Derby 1-2-1 (Phase-2)
Rajshahi,Rajshahi,Rajshahi 1,M/S Abul Hossain,Rajshahi-1,32053,brraj5262@ecrm-ims,28A,Bayahat,Raj Store5,12666478,7/20/2025,"24.3612108, 88.6259183",https://ecrm3-web-uploads.s3.ap-southeast-1.amazonaws.com/Production/ecrm/Audios/Survey/cmp-157/32053157_720105944491100.mp3,10:59:43,11:05:59,0:06:16,157,PJ Euphoria Derby 1-2-1 (Phase-2)
Rajshahi,Dinajpur,Gaibandha,M/S. Spectrum Trading Corporation,Gaibandha,24705,brraj24705@ecrm-ims,126A,Kaun Celer Bazar West,Shadia Store,12667069,7/20/2025,"25.3331087, 89.5422305",https://ecrm3-web-uploads.s3.ap-southeast-1.amazonaws.com/Production/ecrm/Audios/Survey/cmp-157/24705157_720110321778100.mp3,11:03:16,11:10:10,0:06:54,157,PJ Euphoria Derby 1-2-1 (Phase-2)
Dhaka North,Dhaka North,DEPZ,"Agrani Trading Company Ltd, Savar",DEPZ,32906,shohanur2001@ecrm-imsl,94B,Chapra Mosjid East,Bhai Bhai Tea Store,12666768,7/20/2025,"23.9430816, 90.2711454",https://ecrm3-web-uploads.s3.ap-southeast-1.amazonaws.com/Production/ecrm/Audios/Survey/cmp-157/32906157_720110127739100.mp3,11:01:22,11:08:07,0:06:45,157,PJ Euphoria Derby 1-2-1 (Phase-2)
Rajshahi,Bogura,Bogura-2,Mr Brothers,Ullahpara,33204,brraj25298@ecrm-ims,107A,Joydev Sarok Overbridge,Ratna Confectionaty,12667041,7/20/2025,"24.4518799, 89.7026682",https://ecrm3-web-uploads.s3.ap-southeast-1.amazonaws.com/Production/ecrm/Audios/Survey/cmp-157/33204157_720110348183100.mp3,11:03:44,11:09:59,0:06:15,157,PJ Euphoria Derby 1-2-1 (Phase-2)
Khulna,Kushtia,Magura,Akram Enterprise,Narail,32867,brkhu2973@ecrm-imsl,510A,Auwria,Vi Vi Store 2,12672437,7/20/2025,"23.1814024, 89.5648947",https://ecrm3-web-uploads.s3.ap-southeast-1.amazonaws.com/Production/ecrm/Audios/Survey/cmp-157/32867157_720114046460100.mp3,11:40:44,11:46:36,0:05:52,157,PJ Euphoria Derby 1-2-1 (Phase-2)
Rajshahi,Rajshahi,Rajshahi 1,M/S Abul Hossain,Rajshahi-1,32053,brraj5262@ecrm-ims,28A,Bayahat,Raj Store5,12668303,7/20/2025,"24.3612108, 88.6259183",https://ecrm3-web-uploads.s3.ap-southeast-1.amazonaws.com/Production/ecrm/Audios/Survey/cmp-157/32053157_720110708407100.mp3,11:07:08,11:18:59,0:11:51,157,PJ Euphoria Derby 1-2-1 (Phase-2)
Chittagong,CTG South,Patiya,MAQ Distribution,Keranihat (MAQ),32285,brctg28443@ecrm-imsl,347B,Dormopur Chader Para,Forid Store,12669136,7/20/2025,"22.1001208, 92.0743139",https://ecrm3-web-uploads.s3.ap-southeast-1.amazonaws.com/Production/ecrm/Audios/Survey/cmp-157/32285157_720111703742100.mp3,11:17:02,11:24:37,0:07:35,157,PJ Euphoria Derby 1-2-1 (Phase-2)
Sylhet,Sylhet,Sylhet Metro 1,Moula Baksh Karim Boksh Ltd.,Jaintapur,1184,brsyl289@ecrm-atmsl,815A,Jaintapur Ferighat,Maa Store,12669260,7/20/2025,"25.1722704, 92.0204272",https://ecrm3-web-uploads.s3.ap-southeast-1.amazonaws.com/Production/ecrm/Audios/Survey/cmp-157/1184157_720105846383100.mp3,10:58:40,11:25:21,0:26:41,157,PJ Euphoria Derby 1-2-1 (Phase-2)
Rajshahi,Bogura,Bogura-2,Mr Brothers,Nandigram,17472,brraj17472@ecrm-ims,75A,Hatkuri Bus Stand,Yeadul,12670919,7/20/2025,"24.8880997, 89.3862761",https://ecrm3-web-uploads.s3.ap-southeast-1.amazonaws.com/Production/ecrm/Audios/Survey/cmp-157/17472157_720112730301100.mp3,11:27:30,11:36:21,0:08:51,157,PJ Euphoria Derby 1-2-1 (Phase-2)
Chittagong,Feni,Laksam,M/S. Momin Store,Chatkhil,27067,brctg27298@ecrm-ims,58B,Sarang Market,Sawon Store,12671740,7/20/2025,"23.0594535, 90.9723138",https://ecrm3-web-uploads.s3.ap-southeast-1.amazonaws.com/Production/ecrm/Audios/Survey/cmp-157/27067157_720112957164100.mp3,11:29:55,11:41:53,0:11:58,157,PJ Euphoria Derby 1-2-1 (Phase-2)
Khulna,Kushtia,Magura,Akram Enterprise,Narail,32867,brkhu2973@ecrm-imsl,510A,Auwria,Vi Vi Store 2,12673397,7/20/2025,"23.1814024, 89.5648947",https://ecrm3-web-uploads.s3.ap-southeast-1.amazonaws.com/Production/ecrm/Audios/Survey/cmp-157/32867157_720114708660100.mp3,11:47:05,11:52:49,0:05:44,157,PJ Euphoria Derby 1-2-1 (Phase-2)
Rajshahi,Dinajpur,Gaibandha,M/S. Spectrum Trading Corporation,Gaibandha,32410,brraj400042@ecrm-ims,126A,Kaun Celer Bazar West,Shadia Store,12671910,7/20/2025,"25.3331043, 89.5422331",https://ecrm3-web-uploads.s3.ap-southeast-1.amazonaws.com/Production/ecrm/Audios/Survey/cmp-157/32410157_720113237258100.mp3,11:32:35,11:43:03,0:10:28,157,PJ Euphoria Derby 1-2-1 (Phase-2)
Khulna,Khulna,Jashore-2,M/S Azizur Rahman,Keshobpur,32782,brkhu29062@ecrm-imsl,606B,Madhu Sarak,Kollani Store,12672691,7/20/2025,"22.9064851, 89.2193452",https://ecrm3-web-uploads.s3.ap-southeast-1.amazonaws.com/Production/ecrm/Audios/Survey/cmp-157/32782157_720114111270100.mp3,11:41:08,11:48:17,0:07:09,157,PJ Euphoria Derby 1-2-1 (Phase-2)
Chittagong,CTG North,Rangamati,Zawad Enterprise,Rangamati,29283,nazmul2004@ecrm-imsl,123B,"Kacha Bazar , Reserve Bazar",Sujon Store,12673912,7/20/2025,"22.6501538, 92.1957474",https://ecrm3-web-uploads.s3.ap-southeast-1.amazonaws.com/Production/ecrm/Audios/Survey/cmp-157/29283157_7201151488100.mp3,11:51:47,11:56:27,0:04:40,157,PJ Euphoria Derby 1-2-1 (Phase-2)
Khulna,Kushtia,Magura,Akram Enterprise,Narail,32867,brkhu2973@ecrm-imsl,510A,Auwria,Vi Vi Store 2,12674126,7/20/2025,"23.1814024, 89.5648947",https://ecrm3-web-uploads.s3.ap-southeast-1.amazonaws.com/Production/ecrm/Audios/Survey/cmp-157/32867157_72011530353100.mp3,11:53:02,11:57:56,0:04:54,157,PJ Euphoria Derby 1-2-1 (Phase-2)
Rajshahi,Rajshahi,Rajshahi 1,M/S Abul Hossain,Rajshahi-1,32053,brraj5262@ecrm-ims,28A,Bayahat,Raj Store5,12674344,7/20/2025,"24.3612108, 88.6259183",https://ecrm3-web-uploads.s3.ap-southeast-1.amazonaws.com/Production/ecrm/Audios/Survey/cmp-157/32053157_720115302757100.mp3,11:53:01,11:59:23,0:06:22,157,PJ Euphoria Derby 1-2-1 (Phase-2)
Rajshahi,Bogura,Bogura-2,Mr Brothers,Ullahpara,33204,brraj25298@ecrm-ims,107A,Joydev Sarok Overbridge,Ratna Confectionaty,12674389,7/20/2025,"24.4512829, 89.7024039",https://ecrm3-web-uploads.s3.ap-southeast-1.amazonaws.com/Production/ecrm/Audios/Survey/cmp-157/33204157_720115358677100.mp3,11:53:26,11:59:36,0:06:10,157,PJ Euphoria Derby 1-2-1 (Phase-2)
Rajshahi,Dinajpur,Gaibandha,M/S. Spectrum Trading Corporation,Gaibandha,32410,brraj400042@ecrm-ims,126A,Kaun Celer Bazar West,Shadia Store,12674784,7/20/2025,"25.333085, 89.5420315",https://ecrm3-web-uploads.s3.ap-southeast-1.amazonaws.com/Production/ecrm/Audios/Survey/cmp-157/32410157_720115450593100.mp3,11:54:49,12:02:09,0:07:20,157,PJ Euphoria Derby 1-2-1 (Phase-2)
Rajshahi,Bogura,Ishwardi,Daffodils,Ishwardi,32290,brraj70128@ecrm-ims,1D,Boro mosjid,Sumon Store,12674968,7/20/2025,"24.1303981, 89.0627984",https://ecrm3-web-uploads.s3.ap-southeast-1.amazonaws.com/Production/ecrm/Audios/Survey/cmp-157/32290157_720115858187100.mp3,11:58:57,12:03:21,0:04:24,157,PJ Euphoria Derby 1-2-1 (Phase-2)
Chittagong,Feni,Laksam,M/S. Momin Store,Chatkhil,27067,brctg27298@ecrm-ims,58B,Sarang Market,Sawon Store,12675230,7/20/2025,"23.0625816, 90.9721502",https://ecrm3-web-uploads.s3.ap-southeast-1.amazonaws.com/Production/ecrm/Audios/Survey/cmp-157/27067157_720115750335100.mp3,11:57:49,12:05:18,0:07:29,157,PJ Euphoria Derby 1-2-1 (Phase-2)
Khulna,Kushtia,Magura,Akram Enterprise,Narail,32867,brkhu2973@ecrm-imsl,510A,Auwria,Vi Vi Store 2,12676447,7/20/2025,"23.1814024, 89.5648947",https://ecrm3-web-uploads.s3.ap-southeast-1.amazonaws.com/Production/ecrm/Audios/Survey/cmp-157/32867157_720120335497100.mp3,12:03:34,12:13:21,0:09:47,157,PJ Euphoria Derby 1-2-1 (Phase-2)
Dhaka South,Dhaka Central,Gulshan,"Agrani Trading Corporation, Gulshan",Badda,30244,mdrayhan@ecrm-imsl,25A,Gm Bari Bagan Bari,Fahim Store,12661897,7/20/2025,"23.7946714, 90.4241858",https://ecrm3-web-uploads.s3.ap-southeast-1.amazonaws.com/Production/ecrm/Audios/Survey/cmp-140/30244140_720102335432100.mp3,10:23:34,10:30:42,0:07:08,140,Pj Garnet- B&H Equity
Dhaka South,Dhaka South,Kotwali (DHK),Alam Corporation Ltd.,Kamrangirchar,32121,babul12345@ecrm-imsl,204B,HUZUR PARA,Nazmul Store,12662229,7/20/2025,"23.7154523, 90.3724267",https://ecrm3-web-uploads.s3.ap-southeast-1.amazonaws.com/Production/ecrm/Audios/Survey/cmp-140/32121140_720102421562100.mp3,10:24:18,10:33:19,0:09:01,140,Pj Garnet- B&H Equity
Dhaka South,Dhaka Central,Mirpur,"Agrani Trading Corporation, Mirpur",Mirpur-1,30896,amitroy49@ecrm-imsl,30D,10 No Dg Lab East Side,Alifa Store,12663710,7/20/2025,"23.8010058, 90.3554131",https://ecrm3-web-uploads.s3.ap-southeast-1.amazonaws.com/Production/ecrm/Audios/Survey/cmp-140/30896140_719164532584100.mp3,16:45:31,16:58:40,0:13:09,140,Pj Garnet- B&H Equity
Dhaka South,Dhaka Central,Gulshan,"Agrani Trading Corporation, Gulshan",Badda,30244,mdrayhan@ecrm-imsl,25A,Gm Bari Bagan Bari,Fahim Store,12664836,7/20/2025,"23.7947193, 90.4244707",https://ecrm3-web-uploads.s3.ap-southeast-1.amazonaws.com/Production/ecrm/Audios/Survey/cmp-140/30244140_720104709260100.mp3,10:47:07,10:54:21,0:07:14,140,Pj Garnet- B&H Equity
Dhaka South,Dhaka Central,Gulshan,"Agrani Trading Corporation, Gulshan",Badda,30244,mdrayhan@ecrm-imsl,25A,Gm Bari Bagan Bari,Fahim Store,12666473,7/20/2025,"23.7948026, 90.4245021",https://ecrm3-web-uploads.s3.ap-southeast-1.amazonaws.com/Production/ecrm/Audios/Survey/cmp-140/30244140_720110141610100.mp3,11:01:22,11:05:55,0:04:33,140,Pj Garnet- B&H Equity
Dhaka North,Dhaka West,Tongi,Azahar Trading Ltd.,Board Bazar,24012,brdhk23810@ecrm-imsl,11A,Targas Susol Cng South Side,Somun Store,12667366,7/20/2025,"23.945212, 90.3830525",https://ecrm3-web-uploads.s3.ap-southeast-1.amazonaws.com/Production/ecrm/Audios/Survey/cmp-140/24012140_720110506159100.mp3,11:05:04,11:12:11,0:07:07,140,Pj Garnet- B&H Equity
Dhaka South,Dhaka South,Kotwali (DHK),Alam Corporation Ltd.,Kamrangirchar,32121,babul12345@ecrm-imsl,204B,HUZUR PARA,Nazmul Store,12668171,7/20/2025,"23.7154865, 90.3724506",https://ecrm3-web-uploads.s3.ap-southeast-1.amazonaws.com/Production/ecrm/Audios/Survey/cmp-140/32121140_720111329664100.mp3,11:13:28,11:18:02,0:04:34,140,Pj Garnet- B&H Equity
Dhaka South,Dhaka Central,Gulshan,"Agrani Trading Corporation, Gulshan",Badda,30244,mdrayhan@ecrm-imsl,25A,Gm Bari Bagan Bari,Fahim Store,12670304,7/20/2025,"23.7949505, 90.4241688",https://ecrm3-web-uploads.s3.ap-southeast-1.amazonaws.com/Production/ecrm/Audios/Survey/cmp-140/30244140_720112751288100.mp3,11:27:49,11:32:23,0:04:34,140,Pj Garnet- B&H Equity
Dhaka South,Dhaka East,Jurain,The Jamal & Co - Narayanganj,Adamji,33254,apon123@ecrm-imsl,53B,Shima Daying,Ridoy Store,12673125,7/20/2025,"23.6601111, 90.5013126",https://ecrm3-web-uploads.s3.ap-southeast-1.amazonaws.com/Production/ecrm/Audios/Survey/cmp-140/33254140_720114523863100.mp3,11:45:18,11:51:05,0:05:47,140,Pj Garnet- B&H Equity
Rajshahi,Rajshahi,Natore,Sumon Trading Corporation,Natore,31873,brraj4479@ecrm-ims,1D,Gosto Poti,Ata Store1,12694056,7/20/2025,"24.4127029, 88.9385431",https://ecrm3-web-uploads.s3.ap-southeast-1.amazonaws.com/Production/ecrm/Audios/Survey/cmp-140/31873140_720144201892100.mp3,14:41:58,14:48:22,0:06:24,140,Pj Garnet- B&H Equity
Rajshahi,Rajshahi,Natore,Sumon Trading Corporation,Natore,31873,brraj4479@ecrm-ims,1D,Gosto Poti,Ata Store1,12696456,7/20/2025,"24.4118678, 88.9253715",https://ecrm3-web-uploads.s3.ap-southeast-1.amazonaws.com/Production/ecrm/Audios/Survey/cmp-140/31873140_720151744734100.mp3,15:17:41,15:24:05,0:06:24,140,Pj Garnet- B&H Equity
Dhaka South,Dhaka Central,Mirpur,"Agrani Trading Corporation, Mirpur",Mirpur-2,32129,shishir2004@ecrm-imsl,58A,2 No Mosjid Market,Milon Store-1,12700081,7/20/2025,"23.7982741, 90.3872589",https://ecrm3-web-uploads.s3.ap-southeast-1.amazonaws.com/Production/ecrm/Audios/Survey/cmp-140/32129140_720162124212100.mp3,16:21:21,16:30:07,0:08:46,140,Pj Garnet- B&H Equity
Dhaka South,Dhaka Central,Motijheel,"Agrani Trading Corporation, Mogbazar",Motijheel,1649,md.omorfaruque953@ecrm-imsl,10B,Brtc Kamlapur South Side,Jamal Store 1,12700858,7/20/2025,"23.7317014, 90.4238405",https://ecrm3-web-uploads.s3.ap-southeast-1.amazonaws.com/Production/ecrm/Audios/Survey/cmp-140/1649140_720141223330100.mp3,14:12:21,14:20:49,0:08:28,140,Pj Garnet- B&H Equity
Dhaka South,Dhaka Central,Motijheel,"Agrani Trading Corporation, Mogbazar",Motijheel,1649,md.omorfaruque953@ecrm-imsl,10B,Brtc Kamlapur South Side,Jamal Store 1,12700856,7/20/2025,"23.7317014, 90.4238405",https://ecrm3-web-uploads.s3.ap-southeast-1.amazonaws.com/Production/ecrm/Audios/Survey/cmp-140/1649140_720135640272100.mp3,13:56:39,14:04:32,0:07:53,140,Pj Garnet- B&H Equity
Dhaka South,Dhaka Central,Gulshan,"Agrani Trading Corporation, Gulshan",Badda,30244,mdrayhan@ecrm-imsl,25A,Gm Bari Bagan Bari,Fahim Store,12662748,7/20/2025,"23.7947012, 90.4245462",https://ecrm3-web-uploads.s3.ap-southeast-1.amazonaws.com/Production/ecrm/Audios/Survey/cmp-140/30244140_720103150876100.mp3,10:31:49,10:37:55,0:06:06,140,Pj Garnet- B&H Equity
Dhaka South,Dhaka South,Kotwali (DHK),Alam Corporation Ltd.,Kamrangirchar,32121,babul12345@ecrm-imsl,204B,HUZUR PARA,Nazmul Store,12663239,7/20/2025,"23.715469, 90.372458",https://ecrm3-web-uploads.s3.ap-southeast-1.amazonaws.com/Production/ecrm/Audios/Survey/cmp-140/32121140_720103327350100.mp3,10:33:23,10:41:51,0:08:28,140,Pj Garnet- B&H Equity
Dhaka South,Dhaka Central,Gulshan,"Agrani Trading Corporation, Gulshan",Badda,30244,mdrayhan@ecrm-imsl,25A,Gm Bari Bagan Bari,Fahim Store,12665643,7/20/2025,"23.7945589, 90.4240627",https://ecrm3-web-uploads.s3.ap-southeast-1.amazonaws.com/Production/ecrm/Audios/Survey/cmp-140/30244140_720105606317100.mp3,10:56:04,11:00:10,0:04:06,140,Pj Garnet- B&H Equity
Dhaka South,Dhaka Central,Gulshan,"Agrani Trading Corporation, Gulshan",Badda,30244,mdrayhan@ecrm-imsl,25A,Gm Bari Bagan Bari,Fahim Store,12671594,7/20/2025,"23.7947616, 90.4243122",https://ecrm3-web-uploads.s3.ap-southeast-1.amazonaws.com/Production/ecrm/Audios/Survey/cmp-140/30244140_72011375995100.mp3,11:37:59,11:41:05,0:03:06,140,Pj Garnet- B&H Equity
Dhaka South,Dhaka East,Narayanganj,The Jamal & Co - Narayanganj,Narayanganj,29102,ahnaf@ecrm-imsl,7A,Golachipa College Road,Akhi Store,12679792,7/20/2025,"23.6438396, 90.4919217",https://ecrm3-web-uploads.s3.ap-southeast-1.amazonaws.com/Production/ecrm/Audios/Survey/cmp-140/29102140_720121821393100.mp3,12:18:19,12:36:27,0:18:08,140,Pj Garnet- B&H Equity
Dhaka South,Dhaka East,Narayanganj,The Jamal & Co - Narayanganj,Narayanganj,29102,ahnaf@ecrm-imsl,7A,Golachipa College Road,Akhi Store,12682062,7/20/2025,"23.645018, 90.487877",https://ecrm3-web-uploads.s3.ap-southeast-1.amazonaws.com/Production/ecrm/Audios/Survey/cmp-140/29102140_720124507327100.mp3,12:45:06,12:52:24,0:07:18,140,Pj Garnet- B&H Equity
Dhaka South,Dhaka East,Narayanganj,The Jamal & Co - Narayanganj,Narayanganj,29102,ahnaf@ecrm-imsl,7A,Golachipa College Road,Akhi Store,12684438,7/20/2025,"23.6450432, 90.4878839",https://ecrm3-web-uploads.s3.ap-southeast-1.amazonaws.com/Production/ecrm/Audios/Survey/cmp-140/29102140_720130205522100.mp3,13:02:02,13:10:10,0:08:08,140,Pj Garnet- B&H Equity
Dhaka South,Dhaka Central,Mirpur,"Agrani Trading Corporation, Mirpur",Mirpur-1,30896,amitroy49@ecrm-imsl,25A,Cancer Hospital,Tamim Store,12698651,7/20/2025,"23.8038742, 90.3560101",https://ecrm3-web-uploads.s3.ap-southeast-1.amazonaws.com/Production/ecrm/Audios/Survey/cmp-140/30896140_720155552163100.mp3,15:55:51,16:04:53,0:09:02,140,Pj Garnet- B&H Equity
Dhaka South,Dhaka Central,Mirpur,"Agrani Trading Corporation, Mirpur",Mirpur-1,30896,amitroy49@ecrm-imsl,25A,Cancer Hospital,Tamim Store,12696597,7/20/2025,"23.8019585, 90.3562644",https://ecrm3-web-uploads.s3.ap-southeast-1.amazonaws.com/Production/ecrm/Audios/Survey/cmp-140/30896140_72015024481100.mp3,15:02:41,15:26:28,0:23:47,140,Pj Garnet- B&H Equity
Rajshahi,Rajshahi,Natore,Sumon Trading Corporation,Natore,31873,brraj4479@ecrm-ims,1D,Gosto Poti,Ata Store1,12696935,7/20/2025,"24.4118678, 88.9253715",https://ecrm3-web-uploads.s3.ap-southeast-1.amazonaws.com/Production/ecrm/Audios/Survey/cmp-140/31873140_72015263011100.mp3,15:26:26,15:32:54,0:06:28,140,Pj Garnet- B&H Equity
Dhaka South,Dhaka Central,Mirpur,"Agrani Trading Corporation, Mirpur",Mirpur-2,32129,shishir2004@ecrm-imsl,58A,2 No Mosjid Market,Milon Store-1,12699572,7/20/2025,"23.798053, 90.3874203",https://ecrm3-web-uploads.s3.ap-southeast-1.amazonaws.com/Production/ecrm/Audios/Survey/cmp-140/32129140_720161252434100.mp3,16:12:48,16:21:18,0:08:30,140,Pj Garnet- B&H Equity
Dhaka South,Dhaka Central,Mirpur,"Agrani Trading Corporation, Mirpur",Mirpur-2,32129,shishir2004@ecrm-imsl,58A,2 No Mosjid Market,Milon Store-1,12700982,7/20/2025,"23.7981513, 90.3873836",https://ecrm3-web-uploads.s3.ap-southeast-1.amazonaws.com/Production/ecrm/Audios/Survey/cmp-140/32129140_720164035302100.mp3,16:40:34,16:48:20,0:07:46,140,Pj Garnet- B&H Equity
Dhaka South,Dhaka Central,Gulshan,"Agrani Trading Corporation, Gulshan",Badda,30244,mdrayhan@ecrm-imsl,25A,Gm Bari Bagan Bari,Fahim Store,12659319,7/20/2025,"23.7933772, 90.4233358",https://ecrm3-web-uploads.s3.ap-southeast-1.amazonaws.com/Production/ecrm/Audios/Survey/cmp-140/30244140_720095417710100.mp3,9:54:14,10:02:41,0:08:27,140,Pj Garnet- B&H Equity
Dhaka South,Dhaka Central,Gulshan,"Agrani Trading Corporation, Gulshan",Badda,30244,mdrayhan@ecrm-imsl,25A,Gm Bari Bagan Bari,Fahim Store,12659872,7/20/2025,"23.7946819, 90.4243748",https://ecrm3-web-uploads.s3.ap-southeast-1.amazonaws.com/Production/ecrm/Audios/Survey/cmp-140/30244140_72010024764100.mp3,10:02:45,10:09:53,0:07:08,140,Pj Garnet- B&H Equity
Dhaka South,Dhaka Central,Gulshan,"Agrani Trading Corporation, Gulshan",Badda,30244,mdrayhan@ecrm-imsl,25A,Gm Bari Bagan Bari,Fahim Store,12661126,7/20/2025,"23.7947337, 90.4245625",https://ecrm3-web-uploads.s3.ap-southeast-1.amazonaws.com/Production/ecrm/Audios/Survey/cmp-140/30244140_720101014876100.mp3,10:10:12,10:23:30,0:13:18,140,Pj Garnet- B&H Equity
Dhaka North,Dhaka West,Tongi,Azahar Trading Ltd.,Board Bazar,24012,brdhk23810@ecrm-imsl,11A,Targas Susol Cng South Side,Somun Store,12663711,7/20/2025,"23.9450633, 90.3829114",https://ecrm3-web-uploads.s3.ap-southeast-1.amazonaws.com/Production/ecrm/Audios/Survey/cmp-140/24012140_720103830113100.mp3,10:38:27,10:45:34,0:07:07,140,Pj Garnet- B&H Equity
Dhaka South,Dhaka Central,Gulshan,"Agrani Trading Corporation, Gulshan",Badda,30244,mdrayhan@ecrm-imsl,25A,Gm Bari Bagan Bari,Fahim Store,12663880,7/20/2025,"23.7947093, 90.4241528",https://ecrm3-web-uploads.s3.ap-southeast-1.amazonaws.com/Production/ecrm/Audios/Survey/cmp-140/30244140_720103802578100.mp3,10:38:00,10:46:55,0:08:55,140,Pj Garnet- B&H Equity
Dhaka South,Dhaka South,Kotwali (DHK),Alam Corporation Ltd.,Kamrangirchar,32121,babul12345@ecrm-imsl,204B,HUZUR PARA,Nazmul Store,12666554,7/20/2025,"23.7154765, 90.3724617",https://ecrm3-web-uploads.s3.ap-southeast-1.amazonaws.com/Production/ecrm/Audios/Survey/cmp-140/32121140_720110026494100.mp3,11:00:25,11:06:32,0:06:07,140,Pj Garnet- B&H Equity
Dhaka South,Dhaka Central,Gulshan,"Agrani Trading Corporation, Gulshan",Badda,30244,mdrayhan@ecrm-imsl,25A,Gm Bari Bagan Bari,Fahim Store,12671142,7/20/2025,"23.7953034, 90.4242378",https://ecrm3-web-uploads.s3.ap-southeast-1.amazonaws.com/Production/ecrm/Audios/Survey/cmp-140/30244140_720113357654100.mp3,11:33:57,11:37:56,0:03:59,140,Pj Garnet- B&H Equity
Dhaka South,Dhaka Central,Gulshan,"Agrani Trading Corporation, Gulshan",Badda,30244,mdrayhan@ecrm-imsl,25A,Gm Bari Bagan Bari,Fahim Store,12669108,7/20/2025,"23.7949216, 90.4243387",https://ecrm3-web-uploads.s3.ap-southeast-1.amazonaws.com/Production/ecrm/Audios/Survey/cmp-140/30244140_720111611211100.mp3,11:16:09,11:24:18,0:08:09,140,Pj Garnet- B&H Equity
Dhaka South,Dhaka South,Kotwali (DHK),Alam Corporation Ltd.,Kamrangirchar,32121,babul12345@ecrm-imsl,204B,HUZUR PARA,Nazmul Store,12669146,7/20/2025,"23.715516, 90.3724433",https://ecrm3-web-uploads.s3.ap-southeast-1.amazonaws.com/Production/ecrm/Audios/Survey/cmp-140/32121140_720111808349100.mp3,11:18:05,11:24:40,0:06:35,140,Pj Garnet- B&H Equity
Dhaka South,Dhaka Central,Gulshan,"Agrani Trading Corporation, Gulshan",Badda,30244,mdrayhan@ecrm-imsl,25A,Gm Bari Bagan Bari,Fahim Store,12669603,7/20/2025,"23.794525, 90.4237008",https://ecrm3-web-uploads.s3.ap-southeast-1.amazonaws.com/Production/ecrm/Audios/Survey/cmp-140/30244140_720112433239100.mp3,11:24:29,11:27:39,0:03:10,140,Pj Garnet- B&H Equity
Dhaka South,Dhaka Central,Gulshan,"Agrani Trading Corporation, Gulshan",Badda,30244,mdrayhan@ecrm-imsl,25A,Gm Bari Bagan Bari,Fahim Store,12673439,7/20/2025,"23.7946737, 90.4235038",https://ecrm3-web-uploads.s3.ap-southeast-1.amazonaws.com/Production/ecrm/Audios/Survey/cmp-140/30244140_72011411097100.mp3,11:41:09,11:53:02,0:11:53,140,Pj Garnet- B&H Equity
Dhaka South,Dhaka Central,Gulshan,"Agrani Trading Corporation, Gulshan",Badda,30244,mdrayhan@ecrm-imsl,25A,Gm Bari Bagan Bari,Fahim Store,12674004,7/20/2025,"23.7946703, 90.4243543",https://ecrm3-web-uploads.s3.ap-southeast-1.amazonaws.com/Production/ecrm/Audios/Survey/cmp-140/30244140_720115316367100.mp3,11:53:12,11:57:04,0:03:52,140,Pj Garnet- B&H Equity
Dhaka South,Dhaka Central,Mirpur,"Agrani Trading Corporation, Mirpur",Mirpur-1,30896,amitroy49@ecrm-imsl,25A,Cancer Hospital,Tamim Store,12691122,7/20/2025,"23.8059188, 90.365873",https://ecrm3-web-uploads.s3.ap-southeast-1.amazonaws.com/Production/ecrm/Audios/Survey/cmp-140/30896140_720140602300100.mp3,14:05:05,14:13:05,0:08:00,140,Pj Garnet- B&H Equity
Dhaka South,Dhaka Central,Mirpur,"Agrani Trading Corporation, Mirpur",Mirpur-1,30896,amitroy49@ecrm-imsl,25A,Cancer Hospital,Tamim Store,12698004,7/20/2025,"23.8038907, 90.3560368",https://ecrm3-web-uploads.s3.ap-southeast-1.amazonaws.com/Production/ecrm/Audios/Survey/cmp-140/30896140_72015420618100.mp3,15:42:02,15:52:23,0:10:21,140,Pj Garnet- B&H Equity
Rajshahi,Rajshahi,Natore,Sumon Trading Corporation,Natore,31873,brraj4479@ecrm-ims,1D,Gosto Poti,Ata Store1,12695949,7/20/2025,"24.4118678, 88.9253715",https://ecrm3-web-uploads.s3.ap-southeast-1.amazonaws.com/Production/ecrm/Audios/Survey/cmp-140/31873140_720150903141100.mp3,15:09:01,15:15:20,0:06:19,140,Pj Garnet- B&H Equity
Chittagong,CTG North,CTG Port,Zawad Enterprise,EPZ,27570,shaikat2001@ecrm-imsl,24A,"Anondo Bazar, Chander Para",Vola Store,12659443,7/20/2025,"22.2966339, 91.7836795",https://ecrm3-web-uploads.s3.ap-southeast-1.amazonaws.com/Production/ecrm/Audios/Survey/cmp-140/27570140_720095927246100.mp3,9:59:17,10:04:18,0:05:01,140,Pj Garnet- B&H Equity
Dhaka North,Dhaka North,DEPZ,"Agrani Trading Company Ltd, Savar",DEPZ,31122,rifat0088@ecrm-imsl,121A,PolliBiddut Saw mill Road,Ali Store,12660610,7/20/2025,"23.9254214, 90.264426",https://ecrm3-web-uploads.s3.ap-southeast-1.amazonaws.com/Production/ecrm/Audios/Survey/cmp-140/31122140_720101205412100.mp3,10:12:03,10:18:15,0:06:12,140,Pj Garnet- B&H Equity
Dhaka North,Dhaka North,DEPZ,"Agrani Trading Company Ltd, Savar",DEPZ,31122,rifat0088@ecrm-imsl,121A,PolliBiddut Saw mill Road,Ali Store,12661472,7/20/2025,"23.9254214, 90.264426",https://ecrm3-web-uploads.s3.ap-southeast-1.amazonaws.com/Production/ecrm/Audios/Survey/cmp-140/31122140_72010193217100.mp3,10:18:49,10:26:34,0:07:45,140,Pj Garnet- B&H Equity
Chittagong,CTG North,CTG Port,Zawad Enterprise,EPZ,27570,shaikat2001@ecrm-imsl,24A,"Anondo Bazar, Chander Para",Vola Store,12666621,7/20/2025,"22.3020387, 91.7918301",https://ecrm3-web-uploads.s3.ap-southeast-1.amazonaws.com/Production/ecrm/Audios/Survey/cmp-140/27570140_720110102749100.mp3,10:59:32,11:07:00,0:07:28,140,Pj Garnet- B&H Equity
Dhaka North,Dhaka North,DEPZ,"Agrani Trading Company Ltd, Savar",DEPZ,31122,rifat0088@ecrm-imsl,121A,PolliBiddut Saw mill Road,Ali Store,12670392,7/20/2025,"23.9254214, 90.264426",https://ecrm3-web-uploads.s3.ap-southeast-1.amazonaws.com/Production/ecrm/Audios/Survey/cmp-140/31122140_720112234143100.mp3,11:22:33,11:32:52,0:10:19,140,Pj Garnet- B&H Equity
Dhaka North,Dhaka North,DEPZ,"Agrani Trading Company Ltd, Savar",DEPZ,31122,rifat0088@ecrm-imsl,121A,PolliBiddut Saw mill Road,Ali Store,12672737,7/20/2025,"23.9254214, 90.264426",https://ecrm3-web-uploads.s3.ap-southeast-1.amazonaws.com/Production/ecrm/Audios/Survey/cmp-140/31122140_720114029312100.mp3,11:39:34,11:48:36,0:09:02,140,Pj Garnet- B&H Equity
Sylhet,Sylhet,Sunamganj,Moula Baksh Karim Boksh,Sunamganj,19296,brsyl19296@ecrm-atmsl,105A,Govt C Road,Mahadi Store,12673129,7/20/2025,"25.0718657, 91.400365",https://ecrm3-web-uploads.s3.ap-southeast-1.amazonaws.com/Production/ecrm/Audios/Survey/cmp-140/19296140_720114546376100.mp3,11:45:44,11:51:08,0:05:24,140,Pj Garnet- B&H Equity
Dhaka North,Dhaka North,DEPZ,"Agrani Trading Company Ltd, Savar",DEPZ,31122,rifat0088@ecrm-imsl,121A,PolliBiddut Saw mill Road,Ali Store,12674453,7/20/2025,"23.9254214, 90.264426",https://ecrm3-web-uploads.s3.ap-southeast-1.amazonaws.com/Production/ecrm/Audios/Survey/cmp-140/31122140_720115455471100.mp3,11:54:54,12:00:03,0:05:09,140,Pj Garnet- B&H Equity
Dhaka North,Dhaka North,DEPZ,"Agrani Trading Company Ltd, Savar",DEPZ,31122,rifat0088@ecrm-imsl,121A,PolliBiddut Saw mill Road,Ali Store,12679860,7/20/2025,"23.9254214, 90.264426",https://ecrm3-web-uploads.s3.ap-southeast-1.amazonaws.com/Production/ecrm/Audios/Survey/cmp-140/31122140_720123043786100.mp3,12:30:41,12:36:56,0:06:15,140,Pj Garnet- B&H Equity
Sylhet,Sylhet,Sunamganj,Moula Baksh Karim Boksh,Sunamganj,19296,brsyl19296@ecrm-atmsl,105A,Govt C Road,Mahadi Store,12683515,7/20/2025,"25.0714057, 91.3993687",https://ecrm3-web-uploads.s3.ap-southeast-1.amazonaws.com/Production/ecrm/Audios/Survey/cmp-140/19296140_720125559574100.mp3,12:55:56,13:03:14,0:07:18,140,Pj Garnet- B&H Equity
Sylhet,Sylhet,Sunamganj,Moula Baksh Karim Boksh,Sunamganj,19296,brsyl19296@ecrm-atmsl,105A,Govt C Road,Mahadi Store,12684747,7/20/2025,"25.0713342, 91.3998202",https://ecrm3-web-uploads.s3.ap-southeast-1.amazonaws.com/Production/ecrm/Audios/Survey/cmp-140/19296140_720130525825100.mp3,13:05:22,13:12:36,0:07:14,140,Pj Garnet- B&H Equity
Dhaka South,Dhaka Central,Motijheel,"Agrani Trading Corporation, Mogbazar",Motijheel,25907,minhajshekhshuvo@ecrm-imsl,27A,Maniknagar Badsha Road,Musa Store,12704324,7/20/2025,"23.7285444, 90.4364186",https://ecrm3-web-uploads.s3.ap-southeast-1.amazonaws.com/Production/ecrm/Audios/Survey/cmp-140/25907140_720164323334100.mp3,16:43:21,16:51:10,0:07:49,140,Pj Garnet- B&H Equity
Dhaka South,Dhaka Central,Motijheel,"Agrani Trading Corporation, Mogbazar",Motijheel,25907,minhajshekhshuvo@ecrm-imsl,27A,Maniknagar Badsha Road,Musa Store,12704325,7/20/2025,"23.7285396, 90.4364257",https://ecrm3-web-uploads.s3.ap-southeast-1.amazonaws.com/Production/ecrm/Audios/Survey/cmp-140/25907140_720163524557100.mp3,16:35:24,16:43:19,0:07:55,140,Pj Garnet- B&H Equity
Dhaka North,Dhaka North,DEPZ,"Agrani Trading Company Ltd, Savar",DEPZ,31122,rifat0088@ecrm-imsl,121A,PolliBiddut Saw mill Road,Ali Store,12659015,7/20/2025,"23.9230789, 90.2624713",https://ecrm3-web-uploads.s3.ap-southeast-1.amazonaws.com/Production/ecrm/Audios/Survey/cmp-140/31122140_720095031252100.mp3,9:50:30,9:58:08,0:07:38,140,Pj Garnet- B&H Equity
Dhaka North,Dhaka North,DEPZ,"Agrani Trading Company Ltd, Savar",DEPZ,31122,rifat0088@ecrm-imsl,121A,PolliBiddut Saw mill Road,Ali Store,12662350,7/20/2025,"23.9254214, 90.264426",https://ecrm3-web-uploads.s3.ap-southeast-1.amazonaws.com/Production/ecrm/Audios/Survey/cmp-140/31122140_720102650892100.mp3,10:26:44,10:34:14,0:07:30,140,Pj Garnet- B&H Equity
Dhaka North,Dhaka North,DEPZ,"Agrani Trading Company Ltd, Savar",DEPZ,31122,rifat0088@ecrm-imsl,121A,PolliBiddut Saw mill Road,Ali Store,12667120,7/20/2025,"23.9254214, 90.264426",https://ecrm3-web-uploads.s3.ap-southeast-1.amazonaws.com/Production/ecrm/Audios/Survey/cmp-140/31122140_720110506516100.mp3,11:05:05,11:10:24,0:05:19,140,Pj Garnet- B&H Equity
Dhaka North,Dhaka North,DEPZ,"Agrani Trading Company Ltd, Savar",DEPZ,31122,rifat0088@ecrm-imsl,121A,PolliBiddut Saw mill Road,Ali Store,12675397,7/20/2025,"23.9254214, 90.264426",https://ecrm3-web-uploads.s3.ap-southeast-1.amazonaws.com/Production/ecrm/Audios/Survey/cmp-140/31122140_720120009418100.mp3,12:00:07,12:06:18,0:06:11,140,Pj Garnet- B&H Equity
Dhaka North,Dhaka North,DEPZ,"Agrani Trading Company Ltd, Savar",DEPZ,31122,rifat0088@ecrm-imsl,121A,PolliBiddut Saw mill Road,Ali Store,12676378,7/20/2025,"23.9254214, 90.264426",https://ecrm3-web-uploads.s3.ap-southeast-1.amazonaws.com/Production/ecrm/Audios/Survey/cmp-140/31122140_720120625786100.mp3,12:06:23,12:12:31,0:06:08,140,Pj Garnet- B&H Equity
Dhaka North,Dhaka North,DEPZ,"Agrani Trading Company Ltd, Savar",DEPZ,31122,rifat0088@ecrm-imsl,121A,PolliBiddut Saw mill Road,Ali Store,12678955,7/20/2025,"23.9254214, 90.264426",https://ecrm3-web-uploads.s3.ap-southeast-1.amazonaws.com/Production/ecrm/Audios/Survey/cmp-140/31122140_720122508365100.mp3,12:25:07,12:30:34,0:05:27,140,Pj Garnet- B&H Equity
Dhaka North,Dhaka North,DEPZ,"Agrani Trading Company Ltd, Savar",DEPZ,31122,rifat0088@ecrm-imsl,121A,PolliBiddut Saw mill Road,Ali Store,12680743,7/20/2025,"23.9254214, 90.264426",https://ecrm3-web-uploads.s3.ap-southeast-1.amazonaws.com/Production/ecrm/Audios/Survey/cmp-140/31122140_720123703820100.mp3,12:37:02,12:43:09,0:06:07,140,Pj Garnet- B&H Equity
Dhaka North,Dhaka North,DEPZ,"Agrani Trading Company Ltd, Savar",DEPZ,31122,rifat0088@ecrm-imsl,121A,PolliBiddut Saw mill Road,Ali Store,12698954,7/20/2025,"23.9273831, 90.2581853",https://ecrm3-web-uploads.s3.ap-southeast-1.amazonaws.com/Production/ecrm/Audios/Survey/cmp-140/31122140_720160412599100.mp3,16:04:10,16:10:25,0:06:15,140,Pj Garnet- B&H Equity
Dhaka North,Dhaka North,DEPZ,"Agrani Trading Company Ltd, Savar",DEPZ,31122,rifat0088@ecrm-imsl,121A,PolliBiddut Saw mill Road,Ali Store,12665373,7/20/2025,"23.9254214, 90.264426",https://ecrm3-web-uploads.s3.ap-southeast-1.amazonaws.com/Production/ecrm/Audios/Survey/cmp-140/31122140_72010511397100.mp3,10:51:11,10:58:12,0:07:01,140,Pj Garnet- B&H Equity
Dhaka North,Dhaka North,DEPZ,"Agrani Trading Company Ltd, Savar",DEPZ,31122,rifat0088@ecrm-imsl,121A,PolliBiddut Saw mill Road,Ali Store,12666297,7/20/2025,"23.9254214, 90.264426",https://ecrm3-web-uploads.s3.ap-southeast-1.amazonaws.com/Production/ecrm/Audios/Survey/cmp-140/31122140_720105820688100.mp3,10:58:19,11:04:50,0:06:31,140,Pj Garnet- B&H Equity
Dhaka North,Dhaka North,DEPZ,"Agrani Trading Company Ltd, Savar",DEPZ,31122,rifat0088@ecrm-imsl,121A,PolliBiddut Saw mill Road,Ali Store,12667950,7/20/2025,"23.9254214, 90.264426",https://ecrm3-web-uploads.s3.ap-southeast-1.amazonaws.com/Production/ecrm/Audios/Survey/cmp-140/31122140_720111032676100.mp3,11:10:31,11:16:17,0:05:46,140,Pj Garnet- B&H Equity
Dhaka North,Dhaka North,DEPZ,"Agrani Trading Company Ltd, Savar",DEPZ,31122,rifat0088@ecrm-imsl,121A,PolliBiddut Saw mill Road,Ali Store,12668844,7/20/2025,"23.9254214, 90.264426",https://ecrm3-web-uploads.s3.ap-southeast-1.amazonaws.com/Production/ecrm/Audios/Survey/cmp-140/31122140_720111626692100.mp3,11:16:24,11:22:27,0:06:03,140,Pj Garnet- B&H Equity
Chittagong,CTG North,CTG Port,Zawad Enterprise,EPZ,27570,shaikat2001@ecrm-imsl,24A,"Anondo Bazar, Chander Para",Vola Store,12668947,7/20/2025,"22.3019985, 91.7918424",https://ecrm3-web-uploads.s3.ap-southeast-1.amazonaws.com/Production/ecrm/Audios/Survey/cmp-140/27570140_720111719173100.mp3,11:17:18,11:23:05,0:05:47,140,Pj Garnet- B&H Equity
Dhaka North,Dhaka North,DEPZ,"Agrani Trading Company Ltd, Savar",DEPZ,31122,rifat0088@ecrm-imsl,121A,PolliBiddut Saw mill Road,Ali Store,12673675,7/20/2025,"23.9254214, 90.264426",https://ecrm3-web-uploads.s3.ap-southeast-1.amazonaws.com/Production/ecrm/Audios/Survey/cmp-140/31122140_720114842283100.mp3,11:48:41,11:54:49,0:06:08,140,Pj Garnet- B&H Equity
Chittagong,CTG North,CTG Port,Zawad Enterprise,EPZ,27570,shaikat2001@ecrm-imsl,24A,"Anondo Bazar, Chander Para",Vola Store,12674116,7/20/2025,"22.3019481, 91.7918908",https://ecrm3-web-uploads.s3.ap-southeast-1.amazonaws.com/Production/ecrm/Audios/Survey/cmp-140/27570140_720115137776100.mp3,11:51:35,11:57:46,0:06:11,140,Pj Garnet- B&H Equity
Dhaka North,Dhaka North,DEPZ,"Agrani Trading Company Ltd, Savar",DEPZ,31122,rifat0088@ecrm-imsl,121A,PolliBiddut Saw mill Road,Ali Store,12677340,7/20/2025,"23.9254214, 90.264426",https://ecrm3-web-uploads.s3.ap-southeast-1.amazonaws.com/Production/ecrm/Audios/Survey/cmp-140/31122140_720121310525100.mp3,12:13:08,12:19:14,0:06:06,140,Pj Garnet- B&H Equity
Dhaka North,Dhaka North,DEPZ,"Agrani Trading Company Ltd, Savar",DEPZ,31122,rifat0088@ecrm-imsl,121A,PolliBiddut Saw mill Road,Ali Store,12681609,7/20/2025,"23.9254214, 90.264426",https://ecrm3-web-uploads.s3.ap-southeast-1.amazonaws.com/Production/ecrm/Audios/Survey/cmp-140/31122140_720124318149100.mp3,12:43:16,12:49:20,0:06:04,140,Pj Garnet- B&H Equity
Dhaka North,Dhaka North,DEPZ,"Agrani Trading Company Ltd, Savar",DEPZ,31122,rifat0088@ecrm-imsl,121A,PolliBiddut Saw mill Road,Ali Store,12678184,7/20/2025,"23.9254214, 90.264426",https://ecrm3-web-uploads.s3.ap-southeast-1.amazonaws.com/Production/ecrm/Audios/Survey/cmp-140/31122140_720121940630100.mp3,12:19:36,12:24:59,0:05:23,140,Pj Garnet- B&H Equity
Dhaka South,Dhaka Central,Motijheel,"Agrani Trading Corporation, Mogbazar",Motijheel,25907,minhajshekhshuvo@ecrm-imsl,27A,Maniknagar Badsha Road,Musa Store,12688496,7/20/2025,"23.7260889, 90.4380765",https://ecrm3-web-uploads.s3.ap-southeast-1.amazonaws.com/Production/ecrm/Audios/Survey/cmp-140/25907140_720133653706100.mp3,13:36:35,13:46:29,0:09:54,140,Pj Garnet- B&H Equity
Dhaka North,Dhaka West,Tongi,Azahar Trading Ltd.,Mirer Bazar,26237,brdhk25849@ecrm-imsl,44A,Mazu Khan Mondol Para,Shamim Store,12698007,7/20/2025,"23.923387, 90.4564068",https://ecrm3-web-uploads.s3.ap-southeast-1.amazonaws.com/Production/ecrm/Audios/Survey/cmp-140/26237140_720154559195100.mp3,15:45:55,15:52:28,0:06:33,140,Pj Garnet- B&H Equity
Rajshahi,Rangpur,Rangpur,"Shaireen Enterprise, Rangpur",Dhap,27608,mim7696@ecrm-ims,28D,Badorgonj Road,Mizan Store,12661363,7/20/2025,"25.7422324, 89.2332378",https://ecrm3-web-uploads.s3.ap-southeast-1.amazonaws.com/Production/ecrm/Audios/Survey/cmp-140/27608140_720101459774100.mp3,10:14:57,10:25:39,0:10:42,140,Pj Garnet- B&H Equity
Dhaka North,Dhaka West,Tongi,Azahar Trading Ltd.,Tongi,1401,cycbrdhk1890@ecrm-imsl,22D,Cherag Ali Yousuf Ali Super Market,Bismillah Store 2,12672484,7/20/2025,"23.9165981, 90.3927889",https://ecrm3-web-uploads.s3.ap-southeast-1.amazonaws.com/Production/ecrm/Audios/Survey/cmp-140/1401140_720114004797100.mp3,11:40:03,11:46:55,0:06:52,140,Pj Garnet- B&H Equity
Dhaka North,Dhaka West,Mawna,M/S. A.M.I & Company,Kapasia,26366,brdhk26737@ecrm-imsl,604B,Borjona,Polin Store,12675153,7/20/2025,"24.1080786, 90.6424558",https://ecrm3-web-uploads.s3.ap-southeast-1.amazonaws.com/Production/ecrm/Audios/Survey/cmp-140/26366140_720120140241100.mp3,12:01:40,12:04:44,0:03:04,140,Pj Garnet- B&H Equity
Dhaka North,Dhaka West,Tongi,Azahar Trading Ltd.,Tongi,1401,cycbrdhk1890@ecrm-imsl,22D,Cherag Ali Yousuf Ali Super Market,Bismillah Store 2,12676800,7/20/2025,"23.9165975, 90.3926124",https://ecrm3-web-uploads.s3.ap-southeast-1.amazonaws.com/Production/ecrm/Audios/Survey/cmp-140/1401140_720120939501100.mp3,12:09:38,12:15:53,0:06:15,140,Pj Garnet- B&H Equity
Dhaka North,Dhaka West,Uttara,Azahar Trading Ltd.,Nikunja,1389,enaanahmed693@ecrm-imsl,135D,Dhaka Regency Back Side,Monir Hosan Store,12684276,7/20/2025,"23.8604866, 90.4116646",https://ecrm3-web-uploads.s3.ap-southeast-1.amazonaws.com/Production/ecrm/Audios/Survey/cmp-140/1389140_720130515461100.mp3,13:04:51,13:09:07,0:04:16,140,Pj Garnet- B&H Equity
Dhaka North,Dhaka West,Uttara,Azahar Trading Ltd.,Nikunja,1389,enaanahmed693@ecrm-imsl,135D,Dhaka Regency Back Side,Monir Hosan Store,12686090,7/20/2025,"23.860618, 90.412094",https://ecrm3-web-uploads.s3.ap-southeast-1.amazonaws.com/Production/ecrm/Audios/Survey/cmp-140/1389140_720131858179100.mp3,13:18:57,13:24:02,0:05:05,140,Pj Garnet- B&H Equity
Barishal,Faridpur,Rajbari,M/S Tarik Ahmed Dipu (Rajbari),Rajbari,10962,nuraalomjiku9795@ecrm-imsl,104A,Baniboho,Kalam Store,12687169,7/20/2025,"23.7640678, 89.6467605",https://ecrm3-web-uploads.s3.ap-southeast-1.amazonaws.com/Production/ecrm/Audios/Survey/cmp-140/10962140_720132515897100.mp3,13:27:02,13:33:37,0:06:35,140,Pj Garnet- B&H Equity
Barishal,Faridpur,Rajbari,M/S Tarik Ahmed Dipu (Rajbari),Rajbari,10962,nuraalomjiku9795@ecrm-imsl,104A,Baniboho,Kalam Store,12694170,7/20/2025,"23.7640745, 89.6467548",https://ecrm3-web-uploads.s3.ap-southeast-1.amazonaws.com/Production/ecrm/Audios/Survey/cmp-140/10962140_720144133271100.mp3,14:43:22,14:47:54,0:04:32,140,Pj Garnet- B&H Equity
Barishal,Faridpur,Rajbari,M/S Tarik Ahmed Dipu (Rajbari),Rajbari,10962,nuraalomjiku9795@ecrm-imsl,104A,Baniboho,Kalam Store,12696406,7/20/2025,"23.7640745, 89.6467548",https://ecrm3-web-uploads.s3.ap-southeast-1.amazonaws.com/Production/ecrm/Audios/Survey/cmp-140/10962140_72015093938100.mp3,15:11:27,15:23:09,0:11:42,140,Pj Garnet- B&H Equity
Barishal,Faridpur,Rajbari,M/S Tarik Ahmed Dipu (Rajbari),Rajbari,10962,nuraalomjiku9795@ecrm-imsl,104A,Baniboho,Kalam Store,12696820,7/20/2025,"23.7640745, 89.6467548",https://ecrm3-web-uploads.s3.ap-southeast-1.amazonaws.com/Production/ecrm/Audios/Survey/cmp-140/10962140_720152125265100.mp3,15:23:14,15:30:26,0:07:12,140,Pj Garnet- B&H Equity
Sylhet,Mymensingh,Mymensingh 1,Noor Sons,Mymensingh,29189,brsyl5469@ecrm-atmsl,103D,Pachtara Hotel Sadar,Sumon Store,12661771,7/20/2025,"24.7434593, 90.4089054",https://ecrm3-web-uploads.s3.ap-southeast-1.amazonaws.com/Production/ecrm/Audios/Survey/cmp-140/29189140_720102110802100.mp3,10:21:03,10:29:29,0:08:26,140,Pj Garnet- B&H Equity
Sylhet,Mymensingh,Mymensingh 1,Noor Sons,Mymensingh,29189,brsyl5469@ecrm-atmsl,103D,Pachtara Hotel Sadar,Sumon Store,12662964,7/20/2025,"24.7433592, 90.4090536",https://ecrm3-web-uploads.s3.ap-southeast-1.amazonaws.com/Production/ecrm/Audios/Survey/cmp-140/29189140_720103114186100.mp3,10:31:15,10:39:34,0:08:19,140,Pj Garnet- B&H Equity
Sylhet,Mymensingh,Mymensingh 1,Noor Sons,Mymensingh,29189,brsyl5469@ecrm-atmsl,103D,Pachtara Hotel Sadar,Sumon Store,12667437,7/20/2025,"24.743479, 90.4089048",https://ecrm3-web-uploads.s3.ap-southeast-1.amazonaws.com/Production/ecrm/Audios/Survey/cmp-140/29189140_720110404696100.mp3,11:04:05,11:12:43,0:08:38,140,Pj Garnet- B&H Equity
Sylhet,Mymensingh,Mymensingh 1,Noor Sons,Mymensingh,29189,brsyl5469@ecrm-atmsl,103D,Pachtara Hotel Sadar,Sumon Store,12670477,7/20/2025,"24.7434017, 90.4090237",https://ecrm3-web-uploads.s3.ap-southeast-1.amazonaws.com/Production/ecrm/Audios/Survey/cmp-140/29189140_720112505318100.mp3,11:25:05,11:33:20,0:08:15,140,Pj Garnet- B&H Equity
Barishal,Faridpur,Rajbari,M/S Tarik Ahmed Dipu (Rajbari),Rajbari,10962,nuraalomjiku9795@ecrm-imsl,104A,Baniboho,Kalam Store,12673029,7/20/2025,"23.76336567, 89.64772711",https://ecrm3-web-uploads.s3.ap-southeast-1.amazonaws.com/Production/ecrm/Audios/Survey/cmp-140/10962140_720114241478100.mp3,11:44:30,11:50:24,0:05:54,140,Pj Garnet- B&H Equity
Sylhet,Mymensingh,Mymensingh 1,Noor Sons,Mymensingh,29189,brsyl5469@ecrm-atmsl,103D,Pachtara Hotel Sadar,Sumon Store,12676292,7/20/2025,"24.7434659, 90.4088967",https://ecrm3-web-uploads.s3.ap-southeast-1.amazonaws.com/Production/ecrm/Audios/Survey/cmp-140/29189140_720120306217100.mp3,12:03:06,12:12:11,0:09:05,140,Pj Garnet- B&H Equity
Sylhet,Mymensingh,Jamalpur,Amin Distribution Company Ltd.,Jamalpur,27007,brsyl10251@ecrm-atmsl,604B,Rail Station Jamalpur,Shimanto Store,12678940,7/20/2025,"24.9150999, 89.9543073",https://ecrm3-web-uploads.s3.ap-southeast-1.amazonaws.com/Production/ecrm/Audios/Survey/cmp-140/27007140_720122105764100.mp3,12:21:04,12:30:29,0:09:25,140,Pj Garnet- B&H Equity
Sylhet,Mymensingh,Mymensingh 1,Noor Sons,Mymensingh,29189,brsyl5469@ecrm-atmsl,103D,Pachtara Hotel Sadar,Sumon Store,12679180,7/20/2025,"24.7434331, 90.4088906",https://ecrm3-web-uploads.s3.ap-southeast-1.amazonaws.com/Production/ecrm/Audios/Survey/cmp-140/29189140_720122326235100.mp3,12:23:24,12:32:08,0:08:44,140,Pj Garnet- B&H Equity
Barishal,Faridpur,Rajbari,M/S Tarik Ahmed Dipu (Rajbari),Rajbari,10962,nuraalomjiku9795@ecrm-imsl,104A,Baniboho,Kalam Store,12697673,7/20/2025,"23.7640745, 89.6467548",https://ecrm3-web-uploads.s3.ap-southeast-1.amazonaws.com/Production/ecrm/Audios/Survey/cmp-140/10962140_720152911346100.mp3,15:30:59,15:46:26,0:15:27,140,Pj Garnet- B&H Equity
Barishal,Faridpur,Rajbari,M/S Tarik Ahmed Dipu (Rajbari),Rajbari,10962,nuraalomjiku9795@ecrm-imsl,104A,Baniboho,Kalam Store,12698353,7/20/2025,"23.7640745, 89.6467548",https://ecrm3-web-uploads.s3.ap-southeast-1.amazonaws.com/Production/ecrm/Audios/Survey/cmp-140/10962140_720155010675100.mp3,15:51:58,15:59:14,0:07:16,140,Pj Garnet- B&H Equity
Barishal,Faridpur,Rajbari,M/S Tarik Ahmed Dipu (Rajbari),Rajbari,10962,nuraalomjiku9795@ecrm-imsl,104A,Baniboho,Kalam Store,12699574,7/20/2025,"23.7640745, 89.6467548",https://ecrm3-web-uploads.s3.ap-southeast-1.amazonaws.com/Production/ecrm/Audios/Survey/cmp-140/10962140_720161141695100.mp3,16:13:29,16:21:19,0:07:50,140,Pj Garnet- B&H Equity
Dhaka North,Dhaka West,Mawna,M/S. A.M.I & Company,Kapasia,26366,brdhk26737@ecrm-imsl,604B,Borjona,Polin Store,12661132,7/20/2025,"24.1118046, 90.5676776",https://ecrm3-web-uploads.s3.ap-southeast-1.amazonaws.com/Production/ecrm/Audios/Survey/cmp-140/26366140_720102027467100.mp3,10:20:25,10:23:34,0:03:09,140,Pj Garnet- B&H Equity
Dhaka North,Dhaka West,Mawna,M/S. A.M.I & Company,Kapasia,26366,brdhk26737@ecrm-imsl,604B,Borjona,Polin Store,12661899,7/20/2025,"24.0766642, 90.6356218",https://ecrm3-web-uploads.s3.ap-southeast-1.amazonaws.com/Production/ecrm/Audios/Survey/cmp-140/26366140_720102707479100.mp3,10:27:05,10:30:45,0:03:40,140,Pj Garnet- B&H Equity
Rajshahi,Rangpur,Rangpur,"Shaireen Enterprise, Rangpur",Dhap,27608,mim7696@ecrm-ims,28D,Badorgonj Road,Mizan Store,12662767,7/20/2025,"25.7419385, 89.2333016",https://ecrm3-web-uploads.s3.ap-southeast-1.amazonaws.com/Production/ecrm/Audios/Survey/cmp-140/27608140_720102713838100.mp3,10:27:11,10:38:06,0:10:55,140,Pj Garnet- B&H Equity
Barishal,Faridpur,Rajbari,M/S Tarik Ahmed Dipu (Rajbari),Rajbari,10962,nuraalomjiku9795@ecrm-imsl,104A,Baniboho,Kalam Store,12672125,7/20/2025,"23.76374604, 89.64765469",https://ecrm3-web-uploads.s3.ap-southeast-1.amazonaws.com/Production/ecrm/Audios/Survey/cmp-140/10962140_720113610724100.mp3,11:37:56,11:42:30,0:04:34,140,Pj Garnet- B&H Equity
Barishal,Faridpur,Rajbari,M/S Tarik Ahmed Dipu (Rajbari),Rajbari,10962,nuraalomjiku9795@ecrm-imsl,104A,Baniboho,Kalam Store,12674388,7/20/2025,"23.76353141, 89.64775747",https://ecrm3-web-uploads.s3.ap-southeast-1.amazonaws.com/Production/ecrm/Audios/Survey/cmp-140/10962140_720114845269100.mp3,11:50:32,11:59:36,0:09:04,140,Pj Garnet- B&H Equity
Rajshahi,Bogura,Ishwardi,Daffodils,Ishwardi,31263,brraj70116@ecrm-ims,5A,Ambagan,Alamin Store,12678800,7/20/2025,"24.1293672, 89.0622711",https://ecrm3-web-uploads.s3.ap-southeast-1.amazonaws.com/Production/ecrm/Audios/Survey/cmp-149/31263149_720122640467100.mp3,12:26:38,12:29:35,0:02:57,149,Pj MVP 1-2-1
Rajshahi,Bogura,Ishwardi,Daffodils,Ishwardi,31263,brraj70116@ecrm-ims,5A,Ambagan,Alamin Store,12683592,7/20/2025,"24.1302389, 89.0628761",https://ecrm3-web-uploads.s3.ap-southeast-1.amazonaws.com/Production/ecrm/Audios/Survey/cmp-149/31263149_72012575077100.mp3,12:57:50,13:03:47,0:05:57,149,Pj MVP 1-2-1
Rajshahi,Rajshahi,Rajshahi 2,M/S Abul Hossain,Rajshahi-2,31862,brraj9412@ecrm-ims,40A,Charu Kola,Sofikul Store18,12704627,7/20/2025,"24.38208784, 88.6321679",https://ecrm3-web-uploads.s3.ap-southeast-1.amazonaws.com/Production/ecrm/Audios/Survey/cmp-149/31862149_720192132248100.mp3,19:23:18,19:29:16,0:05:58,149,Pj MVP 1-2-1
Rajshahi,Rajshahi,Rajshahi 2,M/S Abul Hossain,Rajshahi-2,31862,brraj9412@ecrm-ims,40A,Charu Kola,Sofikul Store18,12704371,7/20/2025,"24.38199234, 88.63224542",https://ecrm3-web-uploads.s3.ap-southeast-1.amazonaws.com/Production/ecrm/Audios/Survey/cmp-149/31862149_720185059729100.mp3,18:52:45,18:57:24,0:04:39,149,Pj MVP 1-2-1
Rajshahi,Rajshahi,Rajshahi 2,M/S Abul Hossain,Rajshahi-2,31862,brraj9412@ecrm-ims,40A,Charu Kola,Sofikul Store18,12704538,7/20/2025,"24.38206622, 88.63212465",https://ecrm3-web-uploads.s3.ap-southeast-1.amazonaws.com/Production/ecrm/Audios/Survey/cmp-149/31862149_720190901678100.mp3,19:10:46,19:17:12,0:06:26,149,Pj MVP 1-2-1
Rajshahi,Rajshahi,Rajshahi 2,M/S Abul Hossain,Rajshahi-2,31862,brraj9412@ecrm-ims,40A,Charu Kola,Sofikul Store18,12704578,7/20/2025,"24.3820294, 88.63214454",https://ecrm3-web-uploads.s3.ap-southeast-1.amazonaws.com/Production/ecrm/Audios/Survey/cmp-149/31862149_720191530382100.mp3,19:17:16,19:23:06,0:05:50,149,Pj MVP 1-2-1
Chittagong,Cumilla,Cumilla-1,M/S Rupali Traders,Cumilla-1,30097,cumilla07@ecrm-imsl,2B,Rupali Cenema Hall,Jifa Store,12658428,7/20/2025,"23.46266, 91.19299",https://ecrm3-web-uploads.s3.ap-southeast-1.amazonaws.com/Production/ecrm/Audios/Survey/cmp-149/30097149_720094021438100.mp3,9:40:17,9:48:24,0:08:07,149,Pj MVP 1-2-1
Chittagong,Cumilla,Cumilla-1,M/S Rupali Traders,Cumilla-1,30097,cumilla07@ecrm-imsl,2B,Rupali Cenema Hall,Jifa Store,12663311,7/20/2025,"23.4660517, 91.1840274",https://ecrm3-web-uploads.s3.ap-southeast-1.amazonaws.com/Production/ecrm/Audios/Survey/cmp-149/30097149_720103503829100.mp3,10:34:58,10:42:11,0:07:13,149,Pj MVP 1-2-1
Chittagong,Cumilla,Cumilla-1,M/S Rupali Traders,Cumilla-1,30097,cumilla07@ecrm-imsl,2B,Rupali Cenema Hall,Jifa Store,12666105,7/20/2025,"23.4672829, 91.1805224",https://ecrm3-web-uploads.s3.ap-southeast-1.amazonaws.com/Production/ecrm/Audios/Survey/cmp-149/30097149_720105540510100.mp3,10:55:37,11:03:24,0:07:47,149,Pj MVP 1-2-1
Rajshahi,Bogura,Ishwardi,Daffodils,Ishwardi,31263,brraj70116@ecrm-ims,5A,Ambagan,Alamin Store,12666132,7/20/2025,"24.1275204, 89.0640615",https://ecrm3-web-uploads.s3.ap-southeast-1.amazonaws.com/Production/ecrm/Audios/Survey/cmp-149/31263149_720105820458100.mp3,10:58:18,11:03:39,0:05:21,149,Pj MVP 1-2-1
Rajshahi,Bogura,Ishwardi,Daffodils,Ishwardi,31263,brraj70116@ecrm-ims,5A,Ambagan,Alamin Store,12667895,7/20/2025,"24.1304819, 89.0622711",https://ecrm3-web-uploads.s3.ap-southeast-1.amazonaws.com/Production/ecrm/Audios/Survey/cmp-149/31263149_720111123492100.mp3,11:11:22,11:15:54,0:04:32,149,Pj MVP 1-2-1
Rajshahi,Bogura,Ishwardi,Daffodils,Ishwardi,31263,brraj70116@ecrm-ims,5A,Ambagan,Alamin Store,12672626,7/20/2025,"24.1304819, 89.0622711",https://ecrm3-web-uploads.s3.ap-southeast-1.amazonaws.com/Production/ecrm/Audios/Survey/cmp-149/31263149_720114257267100.mp3,11:42:56,11:47:52,0:04:56,149,Pj MVP 1-2-1
Rajshahi,Bogura,Ishwardi,Daffodils,Ishwardi,31263,brraj70116@ecrm-ims,5A,Ambagan,Alamin Store,12669770,7/20/2025,"24.1300288, 89.0626418",https://ecrm3-web-uploads.s3.ap-southeast-1.amazonaws.com/Production/ecrm/Audios/Survey/cmp-149/31263149_720112008657100.mp3,11:20:05,11:28:55,0:08:50,149,Pj MVP 1-2-1
Rajshahi,Bogura,Ishwardi,Daffodils,Ishwardi,31263,brraj70116@ecrm-ims,5A,Ambagan,Alamin Store,12680452,7/20/2025,"24.1304691, 89.0601821",https://ecrm3-web-uploads.s3.ap-southeast-1.amazonaws.com/Production/ecrm/Audios/Survey/cmp-149/31263149_720123406478100.mp3,12:34:06,12:41:08,0:07:02,149,Pj MVP 1-2-1
Rajshahi,Bogura,Ishwardi,Daffodils,Ishwardi,31263,brraj70116@ecrm-ims,5A,Ambagan,Alamin Store,12681047,7/20/2025,"24.1304819, 89.0622711",https://ecrm3-web-uploads.s3.ap-southeast-1.amazonaws.com/Production/ecrm/Audios/Survey/cmp-149/31263149_720123613598100.mp3,12:36:11,12:45:19,0:09:08,149,Pj MVP 1-2-1
Rajshahi,Bogura,Ishwardi,Daffodils,Ishwardi,31263,brraj70116@ecrm-ims,5A,Ambagan,Alamin Store,12684374,7/20/2025,"24.1298342, 89.062911",https://ecrm3-web-uploads.s3.ap-southeast-1.amazonaws.com/Production/ecrm/Audios/Survey/cmp-149/31263149_720130402336100.mp3,13:04:01,13:09:50,0:05:49,149,Pj MVP 1-2-1
Rajshahi,Rajshahi,Rajshahi 2,M/S Abul Hossain,Rajshahi-2,31862,brraj9412@ecrm-ims,40A,Charu Kola,Sofikul Store18,12704496,7/20/2025,"24.38211125, 88.63205138",https://ecrm3-web-uploads.s3.ap-southeast-1.amazonaws.com/Production/ecrm/Audios/Survey/cmp-149/31862149_720190159156100.mp3,19:03:43,19:10:34,0:06:51,149,Pj MVP 1-2-1
Rajshahi,Rajshahi,Rajshahi 2,M/S Abul Hossain,Rajshahi-2,31862,brraj9412@ecrm-ims,40A,Charu Kola,Sofikul Store18,12704678,7/20/2025,"24.3819359, 88.6320774",https://ecrm3-web-uploads.s3.ap-southeast-1.amazonaws.com/Production/ecrm/Audios/Survey/cmp-149/31862149_720192951784100.mp3,19:31:37,19:37:05,0:05:28,149,Pj MVP 1-2-1
Rajshahi,Bogura,Ishwardi,Daffodils,Ishwardi,31263,brraj70116@ecrm-ims,5A,Ambagan,Alamin Store,12662133,7/20/2025,"24.1286259, 89.0625695",https://ecrm3-web-uploads.s3.ap-southeast-1.amazonaws.com/Production/ecrm/Audios/Survey/cmp-149/31263149_72010250963100.mp3,10:25:08,10:32:40,0:07:32,149,Pj MVP 1-2-1
Rajshahi,Bogura,Ishwardi,Daffodils,Ishwardi,31263,brraj70116@ecrm-ims,5A,Ambagan,Alamin Store,12661261,7/20/2025,"24.128635, 89.0640615",https://ecrm3-web-uploads.s3.ap-southeast-1.amazonaws.com/Production/ecrm/Audios/Survey/cmp-149/31263149_72010175042100.mp3,10:17:48,10:24:50,0:07:02,149,Pj MVP 1-2-1
Rajshahi,Bogura,Ishwardi,Daffodils,Ishwardi,31263,brraj70116@ecrm-ims,5A,Ambagan,Alamin Store,12668205,7/20/2025,"24.1300249, 89.0626592",https://ecrm3-web-uploads.s3.ap-southeast-1.amazonaws.com/Production/ecrm/Audios/Survey/cmp-149/31263149_720111304647100.mp3,11:13:02,11:18:09,0:05:07,149,Pj MVP 1-2-1
Rajshahi,Bogura,Ishwardi,Daffodils,Ishwardi,31263,brraj70116@ecrm-ims,5A,Ambagan,Alamin Store,12669327,7/20/2025,"24.1304819, 89.0622711",https://ecrm3-web-uploads.s3.ap-southeast-1.amazonaws.com/Production/ecrm/Audios/Survey/cmp-149/31263149_720111750538100.mp3,11:17:49,11:25:45,0:07:56,149,Pj MVP 1-2-1
Rajshahi,Bogura,Ishwardi,Daffodils,Ishwardi,31263,brraj70116@ecrm-ims,5A,Ambagan,Alamin Store,12670506,7/20/2025,"24.1319517, 89.0595853",https://ecrm3-web-uploads.s3.ap-southeast-1.amazonaws.com/Production/ecrm/Audios/Survey/cmp-149/31263149_72011273188100.mp3,11:27:30,11:33:30,0:06:00,149,Pj MVP 1-2-1
Rajshahi,Bogura,Ishwardi,Daffodils,Ishwardi,31263,brraj70116@ecrm-ims,5A,Ambagan,Alamin Store,12679730,7/20/2025,"24.1286314, 89.0634647",https://ecrm3-web-uploads.s3.ap-southeast-1.amazonaws.com/Production/ecrm/Audios/Survey/cmp-149/31263149_720122939543100.mp3,12:29:37,12:35:59,0:06:22,149,Pj MVP 1-2-1
Rajshahi,Bogura,Ishwardi,Daffodils,Ishwardi,31263,brraj70116@ecrm-ims,5A,Ambagan,Alamin Store,12697137,7/20/2025,"24.1264021, 89.0760378",https://ecrm3-web-uploads.s3.ap-southeast-1.amazonaws.com/Production/ecrm/Audios/Survey/cmp-149/31263149_720152852567100.mp3,15:28:51,15:36:28,0:07:37,149,Pj MVP 1-2-1
Rajshahi,Bogura,Pabna,Sales Connect Limited,Pabna,31800,brraj58020@ecrm-ims,3D,C Gate Bazar,New Masud,12701599,7/20/2025,"24.0084415, 89.2364691",https://ecrm3-web-uploads.s3.ap-southeast-1.amazonaws.com/Production/ecrm/Audios/Survey/cmp-149/31800149_720165756898100.mp3,16:57:56,17:02:12,0:04:16,149,Pj MVP 1-2-1
Chittagong,Cumilla,Cumilla-1,M/S Rupali Traders,Cumilla-1,30097,cumilla07@ecrm-imsl,2B,Rupali Cenema Hall,Jifa Store,12704073,7/20/2025,"23.4526926, 91.1759815",https://ecrm3-web-uploads.s3.ap-southeast-1.amazonaws.com/Production/ecrm/Audios/Survey/cmp-149/30097149_720182604218100.mp3,18:25:59,18:33:45,0:07:46,149,Pj MVP 1-2-1
Rajshahi,Rajshahi,Rajshahi 2,M/S Abul Hossain,Rajshahi-2,31862,brraj9412@ecrm-ims,40A,Charu Kola,Sofikul Store18,12704445,7/20/2025,"24.38202599, 88.63237983",https://ecrm3-web-uploads.s3.ap-southeast-1.amazonaws.com/Production/ecrm/Audios/Survey/cmp-149/31862149_720185613582100.mp3,18:57:56,19:03:35,0:05:39,149,Pj MVP 1-2-1
Chittagong,Cumilla,Chandpur,"M/S. Abdul Latif Chowdhury, Chandpur",Chandpur,29291,shanewaz@ecrm-imsl,4A,Chayabani,Alamgir Store,12657622,7/20/2025,"23.2339637, 90.6720887",https://ecrm3-web-uploads.s3.ap-southeast-1.amazonaws.com/Production/ecrm/Audios/Survey/cmp-149/29291149_72009221366100.mp3,9:22:12,9:24:54,0:02:42,149,Pj MVP 1-2-1
Chittagong,Cumilla,Chandpur,"M/S. Abdul Latif Chowdhury, Chandpur",Chandpur,29291,shanewaz@ecrm-imsl,4A,Chayabani,Alamgir Store,12658612,7/20/2025,"23.23388402, 90.67224861",https://ecrm3-web-uploads.s3.ap-southeast-1.amazonaws.com/Production/ecrm/Audios/Survey/cmp-149/29291149_720094719594100.mp3,9:47:18,9:51:54,0:04:36,149,Pj MVP 1-2-1
Chittagong,Cumilla,Chandpur,"M/S. Abdul Latif Chowdhury, Chandpur",Chandpur,29291,shanewaz@ecrm-imsl,4A,Chayabani,Alamgir Store,12658042,7/20/2025,"23.2339069, 90.67230233",https://ecrm3-web-uploads.s3.ap-southeast-1.amazonaws.com/Production/ecrm/Audios/Survey/cmp-149/29291149_720093712614100.mp3,9:37:10,9:40:03,0:02:53,149,Pj MVP 1-2-1
Rajshahi,Dinajpur,Gaibandha,M/S. Spectrum Trading Corporation,Gaibandha,12828,brraj12828@ecrm-ims,101B,Puraton Bazar Gate,Topon Store,12660146,7/20/2025,"25.3247513, 89.5503308",https://ecrm3-web-uploads.s3.ap-southeast-1.amazonaws.com/Production/ecrm/Audios/Survey/cmp-149/12828149_720100743488100.mp3,10:07:41,10:13:03,0:05:22,149,Pj MVP 1-2-1
Chittagong,Cumilla,Chandpur,"M/S. Abdul Latif Chowdhury, Chandpur",Chandpur,29291,shanewaz@ecrm-imsl,4A,Chayabani,Alamgir Store,12660614,7/20/2025,"23.23391952, 90.67218257",https://ecrm3-web-uploads.s3.ap-southeast-1.amazonaws.com/Production/ecrm/Audios/Survey/cmp-149/29291149_72010145556100.mp3,10:14:53,10:18:18,0:03:25,149,Pj MVP 1-2-1
Chittagong,Cumilla,Chandpur,"M/S. Abdul Latif Chowdhury, Chandpur",Chandpur,29291,shanewaz@ecrm-imsl,4A,Chayabani,Alamgir Store,12661668,7/20/2025,"23.23394368, 90.67218515",https://ecrm3-web-uploads.s3.ap-southeast-1.amazonaws.com/Production/ecrm/Audios/Survey/cmp-149/29291149_720102449502100.mp3,10:24:47,10:28:30,0:03:43,149,Pj MVP 1-2-1
Chittagong,Cumilla,Chandpur,"M/S. Abdul Latif Chowdhury, Chandpur",Chandpur,29291,shanewaz@ecrm-imsl,4A,Chayabani,Alamgir Store,12664865,7/20/2025,"23.23356839, 90.67151363",https://ecrm3-web-uploads.s3.ap-southeast-1.amazonaws.com/Production/ecrm/Audios/Survey/cmp-149/29291149_720105148297100.mp3,10:51:45,10:54:32,0:02:47,149,Pj MVP 1-2-1
Rajshahi,Dinajpur,Gaibandha,M/S. Spectrum Trading Corporation,Gaibandha,12828,brraj12828@ecrm-ims,101B,Puraton Bazar Gate,Topon Store,12666052,7/20/2025,"25.3254331, 89.5502641",https://ecrm3-web-uploads.s3.ap-southeast-1.amazonaws.com/Production/ecrm/Audios/Survey/cmp-149/12828149_720105607879100.mp3,10:56:04,11:02:57,0:06:53,149,Pj MVP 1-2-1
Chittagong,Cumilla,Chandpur,"M/S. Abdul Latif Chowdhury, Chandpur",Chandpur,29291,shanewaz@ecrm-imsl,4A,Chayabani,Alamgir Store,12666117,7/20/2025,"23.23348754, 90.67169487",https://ecrm3-web-uploads.s3.ap-southeast-1.amazonaws.com/Production/ecrm/Audios/Survey/cmp-149/29291149_720105855595100.mp3,10:58:54,11:03:30,0:04:36,149,Pj MVP 1-2-1
Rajshahi,Rajshahi,Chapai,M/S Haque & Co.,Chapai Nawabganj,33298,brraj9891@ecrm-ims,8A,Ali Nogor,Babu Store,12671242,7/20/2025,"24.59137, 88.2823106",https://ecrm3-web-uploads.s3.ap-southeast-1.amazonaws.com/Production/ecrm/Audios/Survey/cmp-149/33298149_72011272898100.mp3,11:28:46,11:38:36,0:09:50,149,Pj MVP 1-2-1
Rajshahi,Dinajpur,Gaibandha,M/S. Spectrum Trading Corporation,Gaibandha,12828,brraj12828@ecrm-ims,101B,Puraton Bazar Gate,Topon Store,12669243,7/20/2025,"25.3260998, 89.5483647",https://ecrm3-web-uploads.s3.ap-southeast-1.amazonaws.com/Production/ecrm/Audios/Survey/cmp-149/12828149_72011184663100.mp3,11:18:41,11:25:14,0:06:33,149,Pj MVP 1-2-1
Rajshahi,Rajshahi,Chapai,M/S Haque & Co.,Chapai Nawabganj,24476,brraj24476@ecrm-ims,11A,coart Chottor,Rakib Store4,12669642,7/20/2025,"24.5984295, 88.2804507",https://ecrm3-web-uploads.s3.ap-southeast-1.amazonaws.com/Production/ecrm/Audios/Survey/cmp-149/24476149_720111853191100.mp3,11:21:42,11:27:58,0:06:16,149,Pj MVP 1-2-1
Rajshahi,Rajshahi,Chapai,M/S Haque & Co.,Chapai Nawabganj,24476,brraj24476@ecrm-ims,11A,coart Chottor,Rakib Store4,12687473,7/20/2025,"24.5966037, 88.2766832",https://ecrm3-web-uploads.s3.ap-southeast-1.amazonaws.com/Production/ecrm/Audios/Survey/cmp-149/24476149_720132824185100.mp3,13:31:09,13:36:19,0:05:10,149,Pj MVP 1-2-1
Rajshahi,Rajshahi,Chapai,M/S Haque & Co.,Chapai Nawabganj,33298,brraj9891@ecrm-ims,8A,Ali Nogor,Babu Store,12689028,7/20/2025,"24.5928437, 88.270513",https://ecrm3-web-uploads.s3.ap-southeast-1.amazonaws.com/Production/ecrm/Audios/Survey/cmp-149/33298149_720134533409100.mp3,13:46:56,13:51:37,0:04:41,149,Pj MVP 1-2-1
Rajshahi,Rajshahi,Chapai,M/S Haque & Co.,Chapai Nawabganj,33298,brraj9891@ecrm-ims,8A,Ali Nogor,Babu Store,12688024,7/20/2025,"24.5928032, 88.2704398",https://ecrm3-web-uploads.s3.ap-southeast-1.amazonaws.com/Production/ecrm/Audios/Survey/cmp-149/33298149_720133434240100.mp3,13:35:56,13:41:44,0:05:48,149,Pj MVP 1-2-1
Rajshahi,Rajshahi,Chapai,M/S Haque & Co.,Chapai Nawabganj,24476,brraj24476@ecrm-ims,11A,coart Chottor,Rakib Store4,12688088,7/20/2025,"24.5958658, 88.2769219",https://ecrm3-web-uploads.s3.ap-southeast-1.amazonaws.com/Production/ecrm/Audios/Survey/cmp-149/24476149_720133420174100.mp3,13:37:08,13:42:26,0:05:18,149,Pj MVP 1-2-1
Rajshahi,Rajshahi,Chapai,M/S Haque & Co.,Chapai Nawabganj,33298,brraj9891@ecrm-ims,8A,Ali Nogor,Babu Store,12689633,7/20/2025,"24.5928466, 88.2704486",https://ecrm3-web-uploads.s3.ap-southeast-1.amazonaws.com/Production/ecrm/Audios/Survey/cmp-149/33298149_720135032287100.mp3,13:51:55,13:55:31,0:03:36,149,Pj MVP 1-2-1
Rajshahi,Rajshahi,Chapai,M/S Haque & Co.,Chapai Nawabganj,24476,brraj24476@ecrm-ims,11A,coart Chottor,Rakib Store4,12689932,7/20/2025,"24.595971, 88.2769133",https://ecrm3-web-uploads.s3.ap-southeast-1.amazonaws.com/Production/ecrm/Audios/Survey/cmp-149/24476149_720135243878100.mp3,13:55:27,14:00:39,0:05:12,149,Pj MVP 1-2-1
Rajshahi,Rajshahi,Chapai,M/S Haque & Co.,Chapai Nawabganj,24476,brraj24476@ecrm-ims,11A,coart Chottor,Rakib Store4,12690422,7/20/2025,"24.5959756, 88.2769165",https://ecrm3-web-uploads.s3.ap-southeast-1.amazonaws.com/Production/ecrm/Audios/Survey/cmp-149/24476149_720135800356100.mp3,14:00:46,14:05:48,0:05:02,149,Pj MVP 1-2-1
Rajshahi,Rajshahi,Chapai,M/S Haque & Co.,Chapai Nawabganj,24476,brraj24476@ecrm-ims,11A,coart Chottor,Rakib Store4,12695176,7/20/2025,"24.5953217, 88.274099",https://ecrm3-web-uploads.s3.ap-southeast-1.amazonaws.com/Production/ecrm/Audios/Survey/cmp-149/24476149_720145549429100.mp3,14:58:34,15:03:49,0:05:15,149,Pj MVP 1-2-1
Rajshahi,Dinajpur,Gaibandha,M/S. Spectrum Trading Corporation,Gaibandha,12828,brraj12828@ecrm-ims,101B,Puraton Bazar Gate,Topon Store,12703372,7/20/2025,"25.3282617, 89.5433997",https://ecrm3-web-uploads.s3.ap-southeast-1.amazonaws.com/Production/ecrm/Audios/Survey/cmp-149/12828149_720175129815100.mp3,17:51:29,17:57:10,0:05:41,149,Pj MVP 1-2-1
Chittagong,Cumilla,Chandpur,"M/S. Abdul Latif Chowdhury, Chandpur",Chandpur,29291,shanewaz@ecrm-imsl,4A,Chayabani,Alamgir Store,12657684,7/20/2025,"23.23391316, 90.67227638",https://ecrm3-web-uploads.s3.ap-southeast-1.amazonaws.com/Production/ecrm/Audios/Survey/cmp-149/29291149_720092504621100.mp3,9:25:03,9:28:10,0:03:07,149,Pj MVP 1-2-1
Chittagong,Cumilla,Chandpur,"M/S. Abdul Latif Chowdhury, Chandpur",Chandpur,29291,shanewaz@ecrm-imsl,4A,Chayabani,Alamgir Store,12657917,7/20/2025,"23.2338266, 90.67223109",https://ecrm3-web-uploads.s3.ap-southeast-1.amazonaws.com/Production/ecrm/Audios/Survey/cmp-149/29291149_720093316504100.mp3,9:33:16,9:36:38,0:03:22,149,Pj MVP 1-2-1
Rajshahi,Dinajpur,Gaibandha,M/S. Spectrum Trading Corporation,Gaibandha,12828,brraj12828@ecrm-ims,101B,Puraton Bazar Gate,Topon Store,12658955,7/20/2025,"25.325357, 89.5502008",https://ecrm3-web-uploads.s3.ap-southeast-1.amazonaws.com/Production/ecrm/Audios/Survey/cmp-149/12828149_72009515574100.mp3,9:51:45,9:57:18,0:05:33,149,Pj MVP 1-2-1
Chittagong,Cumilla,Chandpur,"M/S. Abdul Latif Chowdhury, Chandpur",Chandpur,29291,shanewaz@ecrm-imsl,4A,Chayabani,Alamgir Store,12660022,7/20/2025,"23.2339312, 90.6720587",https://ecrm3-web-uploads.s3.ap-southeast-1.amazonaws.com/Production/ecrm/Audios/Survey/cmp-149/29291149_72010074747100.mp3,10:07:47,10:11:51,0:04:04,149,Pj MVP 1-2-1
Rajshahi,Dinajpur,Gaibandha,M/S. Spectrum Trading Corporation,Gaibandha,12828,brraj12828@ecrm-ims,101B,Puraton Bazar Gate,Topon Store,12660810,7/20/2025,"25.3246206, 89.550346",https://ecrm3-web-uploads.s3.ap-southeast-1.amazonaws.com/Production/ecrm/Audios/Survey/cmp-149/12828149_720101342796100.mp3,10:13:42,10:19:50,0:06:08,149,Pj MVP 1-2-1
Chittagong,Cumilla,Chandpur,"M/S. Abdul Latif Chowdhury, Chandpur",Chandpur,29291,shanewaz@ecrm-imsl,4A,Chayabani,Alamgir Store,12660902,7/20/2025,"23.2339125, 90.6720745",https://ecrm3-web-uploads.s3.ap-southeast-1.amazonaws.com/Production/ecrm/Audios/Survey/cmp-149/29291149_720101830738100.mp3,10:18:25,10:21:10,0:02:45,149,Pj MVP 1-2-1
Rajshahi,Dinajpur,Gaibandha,M/S. Spectrum Trading Corporation,Gaibandha,12828,brraj12828@ecrm-ims,101B,Puraton Bazar Gate,Topon Store,12661304,7/20/2025,"25.3246829, 89.5503453",https://ecrm3-web-uploads.s3.ap-southeast-1.amazonaws.com/Production/ecrm/Audios/Survey/cmp-149/12828149_720102039744100.mp3,10:20:37,10:25:10,0:04:33,149,Pj MVP 1-2-1
Rajshahi,Dinajpur,Gaibandha,M/S. Spectrum Trading Corporation,Gaibandha,12828,brraj12828@ecrm-ims,101B,Puraton Bazar Gate,Topon Store,12661887,7/20/2025,"25.324647, 89.5503515",https://ecrm3-web-uploads.s3.ap-southeast-1.amazonaws.com/Production/ecrm/Audios/Survey/cmp-149/12828149_720102604327100.mp3,10:26:03,10:30:39,0:04:36,149,Pj MVP 1-2-1
Chittagong,Cumilla,Chandpur,"M/S. Abdul Latif Chowdhury, Chandpur",Chandpur,29291,shanewaz@ecrm-imsl,4A,Chayabani,Alamgir Store,12662987,7/20/2025,"23.23393652, 90.67225777",https://ecrm3-web-uploads.s3.ap-southeast-1.amazonaws.com/Production/ecrm/Audios/Survey/cmp-149/29291149_720103631222100.mp3,10:36:30,10:39:48,0:03:18,149,Pj MVP 1-2-1
Rajshahi,Dinajpur,Gaibandha,M/S. Spectrum Trading Corporation,Gaibandha,12828,brraj12828@ecrm-ims,101B,Puraton Bazar Gate,Topon Store,12663069,7/20/2025,"25.3246177, 89.5503584",https://ecrm3-web-uploads.s3.ap-southeast-1.amazonaws.com/Production/ecrm/Audios/Survey/cmp-149/12828149_720103609308100.mp3,10:36:09,10:40:25,0:04:16,149,Pj MVP 1-2-1
Chittagong,Cumilla,Chandpur,"M/S. Abdul Latif Chowdhury, Chandpur",Chandpur,29291,shanewaz@ecrm-imsl,4A,Chayabani,Alamgir Store,12667454,7/20/2025,"23.23347637, 90.67163846",https://ecrm3-web-uploads.s3.ap-southeast-1.amazonaws.com/Production/ecrm/Audios/Survey/cmp-149/29291149_720111003168100.mp3,11:09:53,11:12:52,0:02:59,149,Pj MVP 1-2-1
Rajshahi,Dinajpur,Gaibandha,M/S. Spectrum Trading Corporation,Gaibandha,12828,brraj12828@ecrm-ims,101B,Puraton Bazar Gate,Topon Store,12665033,7/20/2025,"25.3249935, 89.5502056",https://ecrm3-web-uploads.s3.ap-southeast-1.amazonaws.com/Production/ecrm/Audios/Survey/cmp-149/12828149_720105045690100.mp3,10:50:45,10:55:40,0:04:55,149,Pj MVP 1-2-1
Chittagong,CTG North,CTG Port,Zawad Enterprise,Halishahar,30461,tarequl2003@ecrm-imsl,37B,Block-B,Babul Store,12665466,7/20/2025,"22.3389308, 91.788794",https://ecrm3-web-uploads.s3.ap-southeast-1.amazonaws.com/Production/ecrm/Audios/Survey/cmp-149/30461149_720105458263100.mp3,10:54:56,10:58:50,0:03:54,149,Pj MVP 1-2-1
Rajshahi,Rajshahi,Chapai,M/S Haque & Co.,Chapai Nawabganj,24476,brraj24476@ecrm-ims,11A,coart Chottor,Rakib Store4,12666427,7/20/2025,"24.5982998, 88.2807084",https://ecrm3-web-uploads.s3.ap-southeast-1.amazonaws.com/Production/ecrm/Audios/Survey/cmp-149/24476149_720105708784100.mp3,10:59:51,11:05:39,0:05:48,149,Pj MVP 1-2-1
Chittagong,Cumilla,Chandpur,"M/S. Abdul Latif Chowdhury, Chandpur",Chandpur,29291,shanewaz@ecrm-imsl,4A,Chayabani,Alamgir Store,12666578,7/20/2025,"23.2334666, 90.67165801",https://ecrm3-web-uploads.s3.ap-southeast-1.amazonaws.com/Production/ecrm/Audios/Survey/cmp-149/29291149_720110402136100.mp3,11:04:00,11:06:38,0:02:38,149,Pj MVP 1-2-1
Chittagong,Cumilla,Chandpur,"M/S. Abdul Latif Chowdhury, Chandpur",Chandpur,29291,shanewaz@ecrm-imsl,4A,Chayabani,Alamgir Store,12667868,7/20/2025,"23.23348274, 90.67162856",https://ecrm3-web-uploads.s3.ap-southeast-1.amazonaws.com/Production/ecrm/Audios/Survey/cmp-149/29291149_720111302304100.mp3,11:13:01,11:15:40,0:02:39,149,Pj MVP 1-2-1
Rajshahi,Dinajpur,Gaibandha,M/S. Spectrum Trading Corporation,Gaibandha,12828,brraj12828@ecrm-ims,101B,Puraton Bazar Gate,Topon Store,12672790,7/20/2025,"25.3288342, 89.5273676",https://ecrm3-web-uploads.s3.ap-southeast-1.amazonaws.com/Production/ecrm/Audios/Survey/cmp-149/12828149_720114224696100.mp3,11:42:20,11:49:02,0:06:42,149,Pj MVP 1-2-1
Rajshahi,Rajshahi,Chapai,M/S Haque & Co.,Chapai Nawabganj,24476,brraj24476@ecrm-ims,11A,coart Chottor,Rakib Store4,12676445,7/20/2025,"24.5982949, 88.2807158",https://ecrm3-web-uploads.s3.ap-southeast-1.amazonaws.com/Production/ecrm/Audios/Survey/cmp-149/24476149_720120355704100.mp3,12:06:43,12:13:23,0:06:40,149,Pj MVP 1-2-1
Rajshahi,Rajshahi,Chapai,M/S Haque & Co.,Chapai Nawabganj,24476,brraj24476@ecrm-ims,11A,coart Chottor,Rakib Store4,12678528,7/20/2025,"24.5983239, 88.2807153",https://ecrm3-web-uploads.s3.ap-southeast-1.amazonaws.com/Production/ecrm/Audios/Survey/cmp-149/24476149_720121949273100.mp3,12:22:35,12:27:42,0:05:07,149,Pj MVP 1-2-1
Rajshahi,Rangpur,Rangpur,"Shaireen Enterprise, Rangpur",Dhap,4030,brraj4030@ecrm-ims,30A,Sorkari C,Rosid,12680232,7/20/2025,"25.7620475, 89.2456793",https://ecrm3-web-uploads.s3.ap-southeast-1.amazonaws.com/Production/ecrm/Audios/Survey/cmp-149/4030149_720123307101100.mp3,12:33:07,12:39:36,0:06:29,149,Pj MVP 1-2-1
Rajshahi,Rajshahi,Chapai,M/S Haque & Co.,Chapai Nawabganj,33298,brraj9891@ecrm-ims,8A,Ali Nogor,Babu Store,12681012,7/20/2025,"24.5913198, 88.28233",https://ecrm3-web-uploads.s3.ap-southeast-1.amazonaws.com/Production/ecrm/Audios/Survey/cmp-149/33298149_720123520105100.mp3,12:36:38,12:45:06,0:08:28,149,Pj MVP 1-2-1
Rajshahi,Rajshahi,Chapai,M/S Haque & Co.,Chapai Nawabganj,24476,brraj24476@ecrm-ims,11A,coart Chottor,Rakib Store4,12683124,7/20/2025,"24.5983441, 88.2807147",https://ecrm3-web-uploads.s3.ap-southeast-1.amazonaws.com/Production/ecrm/Audios/Survey/cmp-149/24476149_72012515788100.mp3,12:54:25,13:00:03,0:05:38,149,Pj MVP 1-2-1
Rajshahi,Bogura,Pabna,Sales Connect Limited,Pabna,31800,brraj58020@ecrm-ims,3D,Roth Ghor,Ekram Store,12684754,7/20/2025,"24.0125146, 89.2381376",https://ecrm3-web-uploads.s3.ap-southeast-1.amazonaws.com/Production/ecrm/Audios/Survey/cmp-149/31800149_720130928809100.mp3,13:09:25,13:12:41,0:03:16,149,Pj MVP 1-2-1
Rajshahi,Rajshahi,Chapai,M/S Haque & Co.,Chapai Nawabganj,24476,brraj24476@ecrm-ims,11A,coart Chottor,Rakib Store4,12689196,7/20/2025,"24.5959957, 88.2769759",https://ecrm3-web-uploads.s3.ap-southeast-1.amazonaws.com/Production/ecrm/Audios/Survey/cmp-149/24476149_720134533213100.mp3,13:48:21,13:53:27,0:05:06,149,Pj MVP 1-2-1
Rajshahi,Rajshahi,Chapai,M/S Haque & Co.,Chapai Nawabganj,33298,brraj9891@ecrm-ims,8A,Ali Nogor,Babu Store,12690794,7/20/2025,"24.5928516, 88.2704384",https://ecrm3-web-uploads.s3.ap-southeast-1.amazonaws.com/Production/ecrm/Audios/Survey/cmp-149/33298149_720135725838100.mp3,13:58:45,14:09:17,0:10:32,149,Pj MVP 1-2-1
Rajshahi,Rangpur,Saidpur,"Shaireen Enterprise, Nilphamary",Saidpur,32994,mdsohelislam160@ecrm-ims,3B,11-Mistripara Bottola More,Riyaz Store,12695700,7/20/2025,"25.7824384, 88.8969911",https://ecrm3-web-uploads.s3.ap-southeast-1.amazonaws.com/Production/ecrm/Audios/Survey/cmp-149/32994149_720150214548100.mp3,15:02:12,15:10:37,0:08:25,149,Pj MVP 1-2-1
Rajshahi,Rajshahi,Chapai,M/S Haque & Co.,Chapai Nawabganj,24476,brraj24476@ecrm-ims,11A,coart Chottor,Rakib Store4,12701073,7/20/2025,"24.5978442, 88.2829656",https://ecrm3-web-uploads.s3.ap-southeast-1.amazonaws.com/Production/ecrm/Audios/Survey/cmp-149/24476149_720164044618100.mp3,16:43:31,16:50:13,0:06:42,149,Pj MVP 1-2-1
Rajshahi,Dinajpur,Gaibandha,M/S. Spectrum Trading Corporation,Gaibandha,12828,brraj12828@ecrm-ims,101B,Puraton Bazar Gate,Topon Store,12703070,7/20/2025,"25.3282328, 89.5434251",https://ecrm3-web-uploads.s3.ap-southeast-1.amazonaws.com/Production/ecrm/Audios/Survey/cmp-149/12828149_720174041197100.mp3,17:40:35,17:45:48,0:05:13,149,Pj MVP 1-2-1
Rajshahi,Dinajpur,Gaibandha,M/S. Spectrum Trading Corporation,Gaibandha,12828,brraj12828@ecrm-ims,101B,Puraton Bazar Gate,Topon Store,12659251,7/20/2025,"25.324736, 89.5503369",https://ecrm3-web-uploads.s3.ap-southeast-1.amazonaws.com/Production/ecrm/Audios/Survey/cmp-149/12828149_720095746575100.mp3,9:57:44,10:01:55,0:04:11,149,Pj MVP 1-2-1
Chittagong,Cumilla,Chandpur,"M/S. Abdul Latif Chowdhury, Chandpur",Chandpur,29291,shanewaz@ecrm-imsl,4A,Chayabani,Alamgir Store,12659649,7/20/2025,"23.23387113, 90.67221715",https://ecrm3-web-uploads.s3.ap-southeast-1.amazonaws.com/Production/ecrm/Audios/Survey/cmp-149/29291149_720100355120100.mp3,10:03:54,10:07:05,0:03:11,149,Pj MVP 1-2-1
Chittagong,Cumilla,Chandpur,"M/S. Abdul Latif Chowdhury, Chandpur",Chandpur,29291,shanewaz@ecrm-imsl,4A,Chayabani,Alamgir Store,12661237,7/20/2025,"23.23394454, 90.67218736",https://ecrm3-web-uploads.s3.ap-southeast-1.amazonaws.com/Production/ecrm/Audios/Survey/cmp-149/29291149_7201021198100.mp3,10:21:17,10:24:30,0:03:13,149,Pj MVP 1-2-1
Chittagong,Cumilla,Chandpur,"M/S. Abdul Latif Chowdhury, Chandpur",Chandpur,29291,shanewaz@ecrm-imsl,4A,Chayabani,Alamgir Store,12662333,7/20/2025,"23.23393933, 90.67217696",https://ecrm3-web-uploads.s3.ap-southeast-1.amazonaws.com/Production/ecrm/Audios/Survey/cmp-149/29291149_720102834883100.mp3,10:28:33,10:34:20,0:05:47,149,Pj MVP 1-2-1
Rajshahi,Dinajpur,Gaibandha,M/S. Spectrum Trading Corporation,Gaibandha,12828,brraj12828@ecrm-ims,101B,Puraton Bazar Gate,Topon Store,12662384,7/20/2025,"25.3246715, 89.5503197",https://ecrm3-web-uploads.s3.ap-southeast-1.amazonaws.com/Production/ecrm/Audios/Survey/cmp-149/12828149_720103108402100.mp3,10:31:08,10:34:52,0:03:44,149,Pj MVP 1-2-1
Rajshahi,Dinajpur,Gaibandha,M/S. Spectrum Trading Corporation,Gaibandha,12828,brraj12828@ecrm-ims,101B,Puraton Bazar Gate,Topon Store,12663719,7/20/2025,"25.3246514, 89.5503468",https://ecrm3-web-uploads.s3.ap-southeast-1.amazonaws.com/Production/ecrm/Audios/Survey/cmp-149/12828149_720104037793100.mp3,10:40:37,10:45:39,0:05:02,149,Pj MVP 1-2-1
Chittagong,Cumilla,Chandpur,"M/S. Abdul Latif Chowdhury, Chandpur",Chandpur,29291,shanewaz@ecrm-imsl,4A,Chayabani,Alamgir Store,12664313,7/20/2025,"23.23343869, 90.67154521",https://ecrm3-web-uploads.s3.ap-southeast-1.amazonaws.com/Production/ecrm/Audios/Survey/cmp-149/29291149_720104651422100.mp3,10:46:49,10:50:04,0:03:15,149,Pj MVP 1-2-1
Rajshahi,Rajshahi,Chapai,M/S Haque & Co.,Chapai Nawabganj,24476,brraj24476@ecrm-ims,11A,coart Chottor,Rakib Store4,12664924,7/20/2025,"24.5983234, 88.2806749",https://ecrm3-web-uploads.s3.ap-southeast-1.amazonaws.com/Production/ecrm/Audios/Survey/cmp-149/24476149_720104658615100.mp3,10:49:44,10:54:53,0:05:09,149,Pj MVP 1-2-1
Chittagong,Cumilla,Chandpur,"M/S. Abdul Latif Chowdhury, Chandpur",Chandpur,29291,shanewaz@ecrm-imsl,4A,Chayabani,Alamgir Store,12665307,7/20/2025,"23.23351353, 90.67177557",https://ecrm3-web-uploads.s3.ap-southeast-1.amazonaws.com/Production/ecrm/Audios/Survey/cmp-149/29291149_720105441129100.mp3,10:54:40,10:57:43,0:03:03,149,Pj MVP 1-2-1
Chittagong,Cumilla,Chandpur,"M/S. Abdul Latif Chowdhury, Chandpur",Chandpur,29291,shanewaz@ecrm-imsl,4A,Chayabani,Alamgir Store,12667015,7/20/2025,"23.23347343, 90.67164373",https://ecrm3-web-uploads.s3.ap-southeast-1.amazonaws.com/Production/ecrm/Audios/Survey/cmp-149/29291149_720110642421100.mp3,11:06:42,11:09:48,0:03:06,149,Pj MVP 1-2-1
Rajshahi,Rajshahi,Chapai,M/S Haque & Co.,Chapai Nawabganj,33298,brraj9891@ecrm-ims,8A,Ali Nogor,Babu Store,12669732,7/20/2025,"24.5913889, 88.2823463",https://ecrm3-web-uploads.s3.ap-southeast-1.amazonaws.com/Production/ecrm/Audios/Survey/cmp-149/33298149_720111456890100.mp3,11:16:12,11:28:34,0:12:22,149,Pj MVP 1-2-1
Rajshahi,Dinajpur,Gaibandha,M/S. Spectrum Trading Corporation,Gaibandha,12828,brraj12828@ecrm-ims,101B,Puraton Bazar Gate,Topon Store,12671506,7/20/2025,"25.328642, 89.5276191",https://ecrm3-web-uploads.s3.ap-southeast-1.amazonaws.com/Production/ecrm/Audios/Survey/cmp-149/12828149_720113447520100.mp3,11:34:48,11:40:31,0:05:43,149,Pj MVP 1-2-1
Rajshahi,Rajshahi,Chapai,M/S Haque & Co.,Chapai Nawabganj,33298,brraj9891@ecrm-ims,8A,Ali Nogor,Babu Store,12682903,7/20/2025,"24.5913619, 88.2823486",https://ecrm3-web-uploads.s3.ap-southeast-1.amazonaws.com/Production/ecrm/Audios/Survey/cmp-149/33298149_720124642241100.mp3,12:48:06,12:58:28,0:10:22,149,Pj MVP 1-2-1
Rajshahi,Rajshahi,Chapai,M/S Haque & Co.,Chapai Nawabganj,33298,brraj9891@ecrm-ims,8A,Ali Nogor,Babu Store,12688538,7/20/2025,"24.5928299, 88.2705106",https://ecrm3-web-uploads.s3.ap-southeast-1.amazonaws.com/Production/ecrm/Audios/Survey/cmp-149/33298149_720134026558100.mp3,13:41:50,13:46:46,0:04:56,149,Pj MVP 1-2-1
Rajshahi,Bogura,Pabna,Sales Connect Limited,Pabna,31800,brraj58020@ecrm-ims,3D,Roth Ghor,Ekram Store,12684273,7/20/2025,"24.0124894, 89.2381049",https://ecrm3-web-uploads.s3.ap-southeast-1.amazonaws.com/Production/ecrm/Audios/Survey/cmp-149/31800149_720130546766100.mp3,13:04:17,13:09:06,0:04:49,149,Pj MVP 1-2-1
Rajshahi,Rajshahi,Chapai,M/S Haque & Co.,Chapai Nawabganj,24476,brraj24476@ecrm-ims,11A,coart Chottor,Rakib Store4,12688684,7/20/2025,"24.5959846, 88.2768792",https://ecrm3-web-uploads.s3.ap-southeast-1.amazonaws.com/Production/ecrm/Audios/Survey/cmp-149/24476149_720134010710100.mp3,13:42:56,13:48:12,0:05:16,149,Pj MVP 1-2-1
Rajshahi,Rajshahi,Chapai,M/S Haque & Co.,Chapai Nawabganj,24476,brraj24476@ecrm-ims,11A,coart Chottor,Rakib Store4,12686331,7/20/2025,"24.5968799, 88.2767551",https://ecrm3-web-uploads.s3.ap-southeast-1.amazonaws.com/Production/ecrm/Audios/Survey/cmp-149/24476149_720131719885100.mp3,13:19:31,13:25:54,0:06:23,149,Pj MVP 1-2-1
Rajshahi,Bogura,Pabna,Sales Connect Limited,Pabna,31800,brraj58020@ecrm-ims,3D,Roth Ghor,Ekram Store,12686734,7/20/2025,"24.012528, 89.2379699",https://ecrm3-web-uploads.s3.ap-southeast-1.amazonaws.com/Production/ecrm/Audios/Survey/cmp-149/31800149_72013254160100.mp3,13:25:39,13:29:26,0:03:47,149,Pj MVP 1-2-1
Rajshahi,Rajshahi,Chapai,M/S Haque & Co.,Chapai Nawabganj,24476,brraj24476@ecrm-ims,11A,coart Chottor,Rakib Store4,12686910,7/20/2025,"24.59659, 88.2764935",https://ecrm3-web-uploads.s3.ap-southeast-1.amazonaws.com/Production/ecrm/Audios/Survey/cmp-149/24476149_720132312846100.mp3,13:26:00,13:31:03,0:05:03,149,Pj MVP 1-2-1
Rajshahi,Rangpur,Saidpur,"Shaireen Enterprise, Nilphamary",Saidpur,32994,mdsohelislam160@ecrm-ims,3B,12-Mistri Para,Aktar Store,12689477,7/20/2025,"25.7824451, 88.8970049",https://ecrm3-web-uploads.s3.ap-southeast-1.amazonaws.com/Production/ecrm/Audios/Survey/cmp-149/32994149_720134636889100.mp3,13:46:24,13:56:05,0:09:41,149,Pj MVP 1-2-1
Rajshahi,Rangpur,Saidpur,"Shaireen Enterprise, Nilphamary",Saidpur,32994,mdsohelislam160@ecrm-ims,3B,12-Mistri Para,Aktar Store,12687862,7/20/2025,"25.7824451, 88.8970049",https://ecrm3-web-uploads.s3.ap-southeast-1.amazonaws.com/Production/ecrm/Audios/Survey/cmp-149/32994149_72013341493100.mp3,13:34:12,13:40:11,0:05:59,149,Pj MVP 1-2-1
Rajshahi,Rajshahi,Chapai,M/S Haque & Co.,Chapai Nawabganj,27778,brraj5363@ecrm-ims,6D,Kumra Potti,Dulal Store3,12662535,7/20/2025,"24.5968907, 88.2701234",https://ecrm3-web-uploads.s3.ap-southeast-1.amazonaws.com/Production/ecrm/Audios/Survey/cmp-149/27778149_720103112204100.mp3,10:31:08,10:36:12,0:05:04,149,Pj MVP 1-2-1
Rajshahi,Rangpur,Saidpur,"Shaireen Enterprise, Nilphamary",Saidpur,32994,mdsohelislam160@ecrm-ims,3B,12-Mistri Para,Aktar Store,12685075,7/20/2025,"25.7824451, 88.8970049",https://ecrm3-web-uploads.s3.ap-southeast-1.amazonaws.com/Production/ecrm/Audios/Survey/cmp-149/32994149_72013090962100.mp3,13:09:08,13:15:14,0:06:06,149,Pj MVP 1-2-1
Dhaka South,Dhaka South,Kotwali (DHK),Alam Corporation Ltd.,Kamrangirchar,30189,mdarefin123@ecrm-imsl,201B,HASAN NAGAR,Faruk Store,12661974,7/20/2025,"23.7195297, 90.3670103",https://ecrm3-web-uploads.s3.ap-southeast-1.amazonaws.com/Production/ecrm/Audios/Survey/cmp-158/30189158_720102420147100.mp3,10:24:16,10:31:17,0:07:01,158,Pj MVP 1-2-1 (Activation Dhaka)
Dhaka South,Dhaka South,Kotwali (DHK),Alam Corporation Ltd.,Kamrangirchar,30189,mdarefin123@ecrm-imsl,201B,HASAN NAGAR,Faruk Store,12663705,7/20/2025,"23.7198266, 90.3668748",https://ecrm3-web-uploads.s3.ap-southeast-1.amazonaws.com/Production/ecrm/Audios/Survey/cmp-158/30189158_720104001464100.mp3,10:39:54,10:45:32,0:05:38,158,Pj MVP 1-2-1 (Activation Dhaka)
Dhaka South,Dhaka Central,Mirpur,"Agrani Trading Corporation, Mirpur",Mirpur-1,31420,ariful2000@ecrm-imsl,10D,Hatil West Side,Jamal Store,12672416,7/20/2025,"23.7971368, 90.3745671",https://ecrm3-web-uploads.s3.ap-southeast-1.amazonaws.com/Production/ecrm/Audios/Survey/cmp-158/31420158_720113620744100.mp3,11:36:18,11:46:27,0:10:09,158,Pj MVP 1-2-1 (Activation Dhaka)
Dhaka South,Dhaka South,Kotwali (DHK),Alam Corporation Ltd.,Kamrangirchar,30189,mdarefin123@ecrm-imsl,201B,HASAN NAGAR,Faruk Store,12673845,7/20/2025,"23.7211297, 90.3657716",https://ecrm3-web-uploads.s3.ap-southeast-1.amazonaws.com/Production/ecrm/Audios/Survey/cmp-158/30189158_720115108144100.mp3,11:32:52,11:55:54,0:23:02,158,Pj MVP 1-2-1 (Activation Dhaka)
Dhaka South,Dhaka South,Kotwali (DHK),Alam Corporation Ltd.,Kamrangirchar,30189,mdarefin123@ecrm-imsl,201B,HASAN NAGAR,Faruk Store,12674814,7/20/2025,"23.7211297, 90.3657716",https://ecrm3-web-uploads.s3.ap-southeast-1.amazonaws.com/Production/ecrm/Audios/Survey/cmp-158/30189158_720115642274100.mp3,11:56:41,12:02:18,0:05:37,158,Pj MVP 1-2-1 (Activation Dhaka)
Dhaka South,Dhaka South,Kotwali (DHK),Alam Corporation Ltd.,Kamrangirchar,30189,mdarefin123@ecrm-imsl,201B,HASAN NAGAR,Faruk Store,12676338,7/20/2025,"23.7211297, 90.3657716",https://ecrm3-web-uploads.s3.ap-southeast-1.amazonaws.com/Production/ecrm/Audios/Survey/cmp-158/30189158_720120535723100.mp3,12:05:33,12:12:31,0:06:58,158,Pj MVP 1-2-1 (Activation Dhaka)
Dhaka South,Dhaka South,Kotwali (DHK),Alam Corporation Ltd.,Kamrangirchar,30189,mdarefin123@ecrm-imsl,201B,HASAN NAGAR,Faruk Store,12691579,7/20/2025,"23.7196134, 90.3670021",https://ecrm3-web-uploads.s3.ap-southeast-1.amazonaws.com/Production/ecrm/Audios/Survey/cmp-158/30189158_720141306366100.mp3,14:13:04,14:17:57,0:04:53,158,Pj MVP 1-2-1 (Activation Dhaka)
Dhaka South,Dhaka East,Narayanganj,The Jamal & Co - Narayanganj,Narayanganj,20865,shawonhossain19530@ecrm-imsl,2D,Bondor Gudara Ghat,Sahadat Store,12691600,7/20/2025,"23.6154685, 90.5055077",https://ecrm3-web-uploads.s3.ap-southeast-1.amazonaws.com/Production/ecrm/Audios/Survey/cmp-158/20865158_72014110223100.mp3,14:10:59,14:18:08,0:07:09,158,Pj MVP 1-2-1 (Activation Dhaka)
Dhaka South,Dhaka South,Kotwali (DHK),Alam Corporation Ltd.,Kamrangirchar,30189,mdarefin123@ecrm-imsl,201B,HASAN NAGAR,Faruk Store,12692134,7/20/2025,"23.7197567, 90.3669221",https://ecrm3-web-uploads.s3.ap-southeast-1.amazonaws.com/Production/ecrm/Audios/Survey/cmp-158/30189158_720141945300100.mp3,14:19:44,14:24:17,0:04:33,158,Pj MVP 1-2-1 (Activation Dhaka)
Dhaka South,Dhaka South,Kotwali (DHK),Alam Corporation Ltd.,Kamrangirchar,30189,mdarefin123@ecrm-imsl,201B,HASAN NAGAR,Faruk Store,12697507,7/20/2025,"23.7159677, 90.3670372",https://ecrm3-web-uploads.s3.ap-southeast-1.amazonaws.com/Production/ecrm/Audios/Survey/cmp-158/30189158_720153901656100.mp3,15:39:00,15:43:20,0:04:20,158,Pj MVP 1-2-1 (Activation Dhaka)
Dhaka South,Dhaka East,Narayanganj,The Jamal & Co - Narayanganj,Narayanganj,20865,shawonhossain19530@ecrm-imsl,2D,Bondor Gudara Ghat,Sahadat Store,12699669,7/20/2025,"23.6182029, 90.5044151",https://ecrm3-web-uploads.s3.ap-southeast-1.amazonaws.com/Production/ecrm/Audios/Survey/cmp-158/20865158_720161634528100.mp3,16:16:31,16:23:04,0:06:33,158,Pj MVP 1-2-1 (Activation Dhaka)
Dhaka South,Dhaka East,Narayanganj,The Jamal & Co - Narayanganj,Narayanganj,20865,shawonhossain19530@ecrm-imsl,2D,Bondor Gudara Ghat,Sahadat Store,12703740,7/20/2025,"23.6191071, 90.5040466",https://ecrm3-web-uploads.s3.ap-southeast-1.amazonaws.com/Production/ecrm/Audios/Survey/cmp-158/20865158_720173628732100.mp3,17:36:27,17:44:17,0:07:50,158,Pj MVP 1-2-1 (Activation Dhaka)
Dhaka South,Dhaka South,Kotwali (DHK),Alam Corporation Ltd.,Kamrangirchar,30189,mdarefin123@ecrm-imsl,201B,HASAN NAGAR,Faruk Store,12660629,7/20/2025,"23.7164423, 90.3670333",https://ecrm3-web-uploads.s3.ap-southeast-1.amazonaws.com/Production/ecrm/Audios/Survey/cmp-158/30189158_720101105126100.mp3,10:11:03,10:18:24,0:07:21,158,Pj MVP 1-2-1 (Activation Dhaka)
Dhaka South,Dhaka South,Kotwali (DHK),Alam Corporation Ltd.,Kamrangirchar,30189,mdarefin123@ecrm-imsl,201B,HASAN NAGAR,Faruk Store,12661170,7/20/2025,"23.7194482, 90.3672986",https://ecrm3-web-uploads.s3.ap-southeast-1.amazonaws.com/Production/ecrm/Audios/Survey/cmp-158/30189158_72010183112100.mp3,10:18:29,10:23:57,0:05:28,158,Pj MVP 1-2-1 (Activation Dhaka)
Dhaka South,Dhaka South,Kotwali (DHK),Alam Corporation Ltd.,Kamrangirchar,30189,mdarefin123@ecrm-imsl,201B,HASAN NAGAR,Faruk Store,12681954,7/20/2025,"23.7211297, 90.3657716",https://ecrm3-web-uploads.s3.ap-southeast-1.amazonaws.com/Production/ecrm/Audios/Survey/cmp-158/30189158_720124628781100.mp3,12:46:26,12:51:40,0:05:14,158,Pj MVP 1-2-1 (Activation Dhaka)
Dhaka South,Dhaka East,Narayanganj,The Jamal & Co - Narayanganj,Narayanganj,20865,shawonhossain19530@ecrm-imsl,2D,Bondor Gudara Ghat,Sahadat Store,12692262,7/20/2025,"23.6152806, 90.5052997",https://ecrm3-web-uploads.s3.ap-southeast-1.amazonaws.com/Production/ecrm/Audios/Survey/cmp-158/20865158_720141917756100.mp3,14:19:16,14:25:43,0:06:27,158,Pj MVP 1-2-1 (Activation Dhaka)
Dhaka South,Dhaka East,Narayanganj,The Jamal & Co - Narayanganj,Narayanganj,20865,shawonhossain19530@ecrm-imsl,2D,Bondor Gudara Ghat,Sahadat Store,12697743,7/20/2025,"23.6178941, 90.5048526",https://ecrm3-web-uploads.s3.ap-southeast-1.amazonaws.com/Production/ecrm/Audios/Survey/cmp-158/20865158_720153911131100.mp3,15:39:08,15:47:35,0:08:27,158,Pj MVP 1-2-1 (Activation Dhaka)
Dhaka South,Dhaka East,Narayanganj,The Jamal & Co - Narayanganj,Narayanganj,20865,shawonhossain19530@ecrm-imsl,2D,Bondor Gudara Ghat,Sahadat Store,12696702,7/20/2025,"23.6165231, 90.5048861",https://ecrm3-web-uploads.s3.ap-southeast-1.amazonaws.com/Production/ecrm/Audios/Survey/cmp-158/20865158_720152145356100.mp3,15:21:43,15:28:17,0:06:34,158,Pj MVP 1-2-1 (Activation Dhaka)
Dhaka South,Dhaka East,Narayanganj,The Jamal & Co - Narayanganj,Narayanganj,20865,shawonhossain19530@ecrm-imsl,2D,Bondor Gudara Ghat,Sahadat Store,12698780,7/20/2025,"23.6182904, 90.5043735",https://ecrm3-web-uploads.s3.ap-southeast-1.amazonaws.com/Production/ecrm/Audios/Survey/cmp-158/20865158_720160112564100.mp3,16:01:08,16:07:11,0:06:03,158,Pj MVP 1-2-1 (Activation Dhaka)
Dhaka South,Dhaka East,Narayanganj,The Jamal & Co - Narayanganj,Narayanganj,20865,shawonhossain19530@ecrm-imsl,2D,Bondor Gudara Ghat,Sahadat Store,12699263,7/20/2025,"23.6177892, 90.50401",https://ecrm3-web-uploads.s3.ap-southeast-1.amazonaws.com/Production/ecrm/Audios/Survey/cmp-158/20865158_720160812820100.mp3,16:08:02,16:15:39,0:07:37,158,Pj MVP 1-2-1 (Activation Dhaka)
Dhaka South,Dhaka East,Narayanganj,The Jamal & Co - Narayanganj,Narayanganj,20865,shawonhossain19530@ecrm-imsl,2D,Bondor Gudara Ghat,Sahadat Store,12702515,7/20/2025,"23.6186364, 90.5044575",https://ecrm3-web-uploads.s3.ap-southeast-1.amazonaws.com/Production/ecrm/Audios/Survey/cmp-158/20865158_720172034189100.mp3,17:20:31,17:26:54,0:06:23,158,Pj MVP 1-2-1 (Activation Dhaka)
Dhaka South,Dhaka South,Kotwali (DHK),Alam Corporation Ltd.,Kamrangirchar,30189,mdarefin123@ecrm-imsl,201B,HASAN NAGAR,Faruk Store,12665906,7/20/2025,"23.7211297, 90.3657716",https://ecrm3-web-uploads.s3.ap-southeast-1.amazonaws.com/Production/ecrm/Audios/Survey/cmp-158/30189158_720105623785100.mp3,10:56:21,11:01:57,0:05:36,158,Pj MVP 1-2-1 (Activation Dhaka)
Dhaka South,Dhaka South,Kotwali (DHK),Alam Corporation Ltd.,Kamrangirchar,30189,mdarefin123@ecrm-imsl,201B,HASAN NAGAR,Faruk Store,12669580,7/20/2025,"23.7211297, 90.3657716",https://ecrm3-web-uploads.s3.ap-southeast-1.amazonaws.com/Production/ecrm/Audios/Survey/cmp-158/30189158_720111730440100.mp3,11:09:19,11:27:10,0:17:51,158,Pj MVP 1-2-1 (Activation Dhaka)
Dhaka South,Dhaka South,Kotwali (DHK),Alam Corporation Ltd.,Kamrangirchar,30189,mdarefin123@ecrm-imsl,201B,HASAN NAGAR,Faruk Store,12670208,7/20/2025,"23.7211297, 90.3657716",https://ecrm3-web-uploads.s3.ap-southeast-1.amazonaws.com/Production/ecrm/Audios/Survey/cmp-158/30189158_720112752637100.mp3,11:27:47,11:31:47,0:04:00,158,Pj MVP 1-2-1 (Activation Dhaka)
Dhaka South,Dhaka South,Kotwali (DHK),Alam Corporation Ltd.,Kamrangirchar,30189,mdarefin123@ecrm-imsl,201B,HASAN NAGAR,Faruk Store,12680164,7/20/2025,"23.7211297, 90.3657716",https://ecrm3-web-uploads.s3.ap-southeast-1.amazonaws.com/Production/ecrm/Audios/Survey/cmp-158/30189158_720123228854100.mp3,12:32:25,12:39:08,0:06:43,158,Pj MVP 1-2-1 (Activation Dhaka)
Dhaka South,Dhaka South,Kotwali (DHK),Alam Corporation Ltd.,Kamrangirchar,30189,mdarefin123@ecrm-imsl,201B,HASAN NAGAR,Faruk Store,12681139,7/20/2025,"23.7211297, 90.3657716",https://ecrm3-web-uploads.s3.ap-southeast-1.amazonaws.com/Production/ecrm/Audios/Survey/cmp-158/30189158_72012413344100.mp3,12:41:31,12:45:51,0:04:20,158,Pj MVP 1-2-1 (Activation Dhaka)
Dhaka South,Dhaka East,Narayanganj,The Jamal & Co - Narayanganj,Narayanganj,20865,shawonhossain19530@ecrm-imsl,2D,Bondor Gudara Ghat,Sahadat Store,12697165,7/20/2025,"23.6169158, 90.5044328",https://ecrm3-web-uploads.s3.ap-southeast-1.amazonaws.com/Production/ecrm/Audios/Survey/cmp-158/20865158_720152834728100.mp3,15:28:30,15:37:01,0:08:31,158,Pj MVP 1-2-1 (Activation Dhaka)
Dhaka South,Dhaka South,Kotwali (DHK),Alam Corporation Ltd.,Kamrangirchar,30189,mdarefin123@ecrm-imsl,201B,HASAN NAGAR,Faruk Store,12690769,7/20/2025,"23.7195916, 90.3669693",https://ecrm3-web-uploads.s3.ap-southeast-1.amazonaws.com/Production/ecrm/Audios/Survey/cmp-158/30189158_720140406738100.mp3,14:03:56,14:09:10,0:05:14,158,Pj MVP 1-2-1 (Activation Dhaka)
Dhaka South,Dhaka East,Narayanganj,The Jamal & Co - Narayanganj,Narayanganj,20865,shawonhossain19530@ecrm-imsl,2D,Bondor Gudara Ghat,Sahadat Store,12692930,7/20/2025,"23.6133633, 90.5085688",https://ecrm3-web-uploads.s3.ap-southeast-1.amazonaws.com/Production/ecrm/Audios/Survey/cmp-158/20865158_720142658299100.mp3,14:26:54,14:34:09,0:07:15,158,Pj MVP 1-2-1 (Activation Dhaka)
Dhaka South,Dhaka South,Kotwali (DHK),Alam Corporation Ltd.,Kamrangirchar,30189,mdarefin123@ecrm-imsl,201B,HASAN NAGAR,Faruk Store,12693548,7/20/2025,"23.7197045, 90.3669796",https://ecrm3-web-uploads.s3.ap-southeast-1.amazonaws.com/Production/ecrm/Audios/Survey/cmp-158/30189158_720143410699100.mp3,14:34:09,14:41:42,0:07:33,158,Pj MVP 1-2-1 (Activation Dhaka)
Dhaka South,Dhaka East,Narayanganj,The Jamal & Co - Narayanganj,Narayanganj,20865,shawonhossain19530@ecrm-imsl,2D,Bondor Gudara Ghat,Sahadat Store,12693768,7/20/2025,"23.6148427, 90.5054339",https://ecrm3-web-uploads.s3.ap-southeast-1.amazonaws.com/Production/ecrm/Audios/Survey/cmp-158/20865158_720143707660100.mp3,14:37:04,14:44:26,0:07:22,158,Pj MVP 1-2-1 (Activation Dhaka)
Dhaka South,Dhaka South,Kotwali (DHK),Alam Corporation Ltd.,Kamrangirchar,30189,mdarefin123@ecrm-imsl,201B,HASAN NAGAR,Faruk Store,12694904,7/20/2025,"23.7197157, 90.366997",https://ecrm3-web-uploads.s3.ap-southeast-1.amazonaws.com/Production/ecrm/Audios/Survey/cmp-158/30189158_720145354735100.mp3,14:53:52,14:59:54,0:06:02,158,Pj MVP 1-2-1 (Activation Dhaka)
Dhaka South,Dhaka Central,Mogbazar,"Agrani Trading Corporation, Mogbazar",Banasree,31162,mdsajjadhossain@ecrm-imsl,33B,Anser Goly,Sahin Store,12684202,7/20/2025,"23.7526215, 90.4215608",https://ecrm3-web-uploads.s3.ap-southeast-1.amazonaws.com/Production/ecrm/Audios/Survey/cmp-158/31162158_720130427333100.mp3,13:04:26,13:08:26,0:04:00,158,Pj MVP 1-2-1 (Activation Dhaka)
Dhaka South,Dhaka Central,Mogbazar,"Agrani Trading Corporation, Mogbazar",Banasree,31162,mdsajjadhossain@ecrm-imsl,33B,Anser Goly,Sahin Store,12688646,7/20/2025,"23.7526215, 90.4215608",https://ecrm3-web-uploads.s3.ap-southeast-1.amazonaws.com/Production/ecrm/Audios/Survey/cmp-158/31162158_720133211386100.mp3,13:32:10,13:37:16,0:05:06,158,Pj MVP 1-2-1 (Activation Dhaka)
Dhaka South,Dhaka Central,Mirpur,"Agrani Trading Corporation, Mirpur",Mirpur-1,30703,rakibulislam9820@ecrm-imsl,10D,Baba Hujur Mosjid North Side,Sha Alom Store,12697406,7/20/2025,"23.7961806, 90.3770799",https://ecrm3-web-uploads.s3.ap-southeast-1.amazonaws.com/Production/ecrm/Audios/Survey/cmp-158/30703158_72015342535100.mp3,15:34:24,15:41:25,0:07:01,158,Pj MVP 1-2-1 (Activation Dhaka)
Dhaka South,Dhaka Central,Mirpur,"Agrani Trading Corporation, Mirpur",Mirpur-1,30703,rakibulislam9820@ecrm-imsl,10D,Baba Hujur Mosjid North Side,Sha Alom Store,12696161,7/20/2025,"23.7961514, 90.377085",https://ecrm3-web-uploads.s3.ap-southeast-1.amazonaws.com/Production/ecrm/Audios/Survey/cmp-158/30703158_720151128338100.mp3,15:11:27,15:18:46,0:07:19,158,Pj MVP 1-2-1 (Activation Dhaka)
Dhaka South,Dhaka Central,Mirpur,"Agrani Trading Corporation, Mirpur",Mirpur-1,30703,rakibulislam9820@ecrm-imsl,10D,Baba Hujur Mosjid North Side,Sha Alom Store,12699018,7/20/2025,"23.7961578, 90.3770692",https://ecrm3-web-uploads.s3.ap-southeast-1.amazonaws.com/Production/ecrm/Audios/Survey/cmp-158/30703158_720160438723100.mp3,16:04:34,16:11:27,0:06:53,158,Pj MVP 1-2-1 (Activation Dhaka)
Dhaka South,Dhaka Central,Mogbazar,"Agrani Trading Corporation, Mogbazar",Banasree,31162,mdsajjadhossain@ecrm-imsl,33B,Anser Goly,Sahin Store,12702296,7/20/2025,"23.7382937, 90.4370668",https://ecrm3-web-uploads.s3.ap-southeast-1.amazonaws.com/Production/ecrm/Audios/Survey/cmp-158/31162158_720171650527100.mp3,17:16:49,17:19:53,0:03:04,158,Pj MVP 1-2-1 (Activation Dhaka)
Dhaka South,Dhaka Central,Mirpur,"Agrani Trading Corporation, Mirpur",Mirpur-1,30703,rakibulislam9820@ecrm-imsl,10D,Baba Hujur Mosjid North Side,Sha Alom Store,12695710,7/20/2025,"23.7961548, 90.3770872",https://ecrm3-web-uploads.s3.ap-southeast-1.amazonaws.com/Production/ecrm/Audios/Survey/cmp-158/30703158_720150311232100.mp3,15:03:10,15:11:18,0:08:08,158,Pj MVP 1-2-1 (Activation Dhaka)
Dhaka South,Dhaka Central,Mirpur,"Agrani Trading Corporation, Mirpur",Mirpur-1,11502,mdasadujjamandipu10328@ecrm-imsl,11A,Molla Road West Side,Ma Baba Doa Store-2,12696638,7/20/2025,"23.7992577, 90.3712149",https://ecrm3-web-uploads.s3.ap-southeast-1.amazonaws.com/Production/ecrm/Audios/Survey/cmp-158/11502158_720152052525100.mp3,15:20:49,15:27:08,0:06:19,158,Pj MVP 1-2-1 (Activation Dhaka)
Dhaka South,Dhaka Central,Mirpur,"Agrani Trading Corporation, Mirpur",Mirpur-1,30703,rakibulislam9820@ecrm-imsl,10D,Baba Hujur Mosjid North Side,Sha Alom Store,12696576,7/20/2025,"23.7961627, 90.3770663",https://ecrm3-web-uploads.s3.ap-southeast-1.amazonaws.com/Production/ecrm/Audios/Survey/cmp-158/30703158_720151959483100.mp3,15:19:58,15:26:08,0:06:10,158,Pj MVP 1-2-1 (Activation Dhaka)
Dhaka South,Dhaka Central,Mirpur,"Agrani Trading Corporation, Mirpur",Mirpur-1,30703,rakibulislam9820@ecrm-imsl,10D,Baba Hujur Mosjid North Side,Sha Alom Store,12697024,7/20/2025,"23.7961454, 90.3770755",https://ecrm3-web-uploads.s3.ap-southeast-1.amazonaws.com/Production/ecrm/Audios/Survey/cmp-158/30703158_720152619276100.mp3,15:26:17,15:34:13,0:07:56,158,Pj MVP 1-2-1 (Activation Dhaka)
Dhaka South,Dhaka South,Sutrapur,Sales Promotion Service,Ati Bazar,26224,brdhk25819@ecrm-imsl,703D,Ati Baby Stand,Mojibor Store-2,12680245,7/20/2025,"23.7285379, 90.3330276",https://ecrm3-web-uploads.s3.ap-southeast-1.amazonaws.com/Production/ecrm/Audios/Survey/cmp-158/26224158_720123311786100.mp3,12:33:09,12:39:40,0:06:31,158,Pj MVP 1-2-1 (Activation Dhaka)
Dhaka South,Dhaka East,Narayanganj,The Jamal & Co - Narayanganj,Fatullah,33251,yeasin12@ecrm-imsl,260A,Bisic Vhanga Club,Baijed Store,12680546,7/20/2025,"23.6236104, 90.4827012",https://ecrm3-web-uploads.s3.ap-southeast-1.amazonaws.com/Production/ecrm/Audios/Survey/cmp-158/33251158_720123529144100.mp3,12:35:27,12:41:35,0:06:08,158,Pj MVP 1-2-1 (Activation Dhaka)
Dhaka South,Dhaka East,Narayanganj,The Jamal & Co - Narayanganj,Fatullah,33251,yeasin12@ecrm-imsl,260A,Bisic Vhanga Club,Baijed Store,12696705,7/20/2025,"23.6247527, 90.4767579",https://ecrm3-web-uploads.s3.ap-southeast-1.amazonaws.com/Production/ecrm/Audios/Survey/cmp-158/33251158_72015205090100.mp3,15:20:49,15:28:22,0:07:33,158,Pj MVP 1-2-1 (Activation Dhaka)
Dhaka South,Dhaka South,Sreenagar,Sales Promotion Service,Taltola,4909,sifathossain4118@ecrm-imsl,501D,Rothbari,Soleman Store,12700209,7/20/2025,"23.5707056, 90.3835169",https://ecrm3-web-uploads.s3.ap-southeast-1.amazonaws.com/Production/ecrm/Audios/Survey/cmp-158/4909158_72016270149100.mp3,16:26:56,16:32:42,0:05:46,158,Pj MVP 1-2-1 (Activation Dhaka)
Dhaka South,Dhaka East,Narayanganj,The Jamal & Co - Narayanganj,Fatullah,33251,yeasin12@ecrm-imsl,260A,Bisic Vhanga Club,Baijed Store,12695127,7/20/2025,"23.6231945, 90.4781234",https://ecrm3-web-uploads.s3.ap-southeast-1.amazonaws.com/Production/ecrm/Audios/Survey/cmp-158/33251158_720145626418100.mp3,14:56:26,15:03:10,0:06:44,158,Pj MVP 1-2-1 (Activation Dhaka)
Dhaka South,Dhaka East,Narayanganj,The Jamal & Co - Narayanganj,Fatullah,33251,yeasin12@ecrm-imsl,260A,Bisic Vhanga Club,Baijed Store,12699562,7/20/2025,"23.6278675, 90.476493",https://ecrm3-web-uploads.s3.ap-southeast-1.amazonaws.com/Production/ecrm/Audios/Survey/cmp-158/33251158_720161320160100.mp3,16:13:18,16:21:07,0:07:49,158,Pj MVP 1-2-1 (Activation Dhaka)
Dhaka South,Dhaka Central,Mogbazar,"Agrani Trading Corporation, Mogbazar",Banasree,25884,brdhk25787@ecrm-imsl,33B,Chowdhurypara Al Modina Moor,Musa Store,12685703,7/20/2025,"23.7502192, 90.4485305",https://ecrm3-web-uploads.s3.ap-southeast-1.amazonaws.com/Production/ecrm/Audios/Survey/cmp-158/25884158_720131303502100.mp3,13:13:04,13:20:40,0:07:36,158,Pj MVP 1-2-1 (Activation Dhaka)
Dhaka South,Dhaka Central,Mogbazar,"Agrani Trading Corporation, Mogbazar",Banasree,25884,brdhk25787@ecrm-imsl,33B,Chowdhurypara Al Modina Moor,Musa Store,12687173,7/20/2025,"23.7510967, 90.4495837",https://ecrm3-web-uploads.s3.ap-southeast-1.amazonaws.com/Production/ecrm/Audios/Survey/cmp-158/25884158_720132725343100.mp3,13:27:24,13:33:42,0:06:18,158,Pj MVP 1-2-1 (Activation Dhaka)
Dhaka South,Dhaka South,Kotwali (DHK),Alam Corporation Ltd.,Kamrangirchar,30559,arifanik336@ecrm-imsl,201B,HASAN NAGAR ROAD,Jakir Store,12673663,7/20/2025,"23.72118107, 90.36612883",https://ecrm3-web-uploads.s3.ap-southeast-1.amazonaws.com/Production/ecrm/Audios/Survey/cmp-158/30559158_720114843113100.mp3,11:44:26,11:54:41,0:10:15,158,Pj MVP 1-2-1 (Activation Dhaka)
Dhaka South,Dhaka Central,Mogbazar,"Agrani Trading Corporation, Mogbazar",Banasree,25884,brdhk25787@ecrm-imsl,33B,Chowdhurypara Al Modina Moor,Musa Store,12683639,7/20/2025,"23.7474559, 90.4456673",https://ecrm3-web-uploads.s3.ap-southeast-1.amazonaws.com/Production/ecrm/Audios/Survey/cmp-158/25884158_720125800741100.mp3,12:58:02,13:04:13,0:06:11,158,Pj MVP 1-2-1 (Activation Dhaka)
Dhaka South,Dhaka South,Kotwali (DHK),Alam Corporation Ltd.,Kamrangirchar,30559,arifanik336@ecrm-imsl,201B,HASAN NAGAR ROAD,Jakir Store,12683922,7/20/2025,"23.72120057, 90.36617656",https://ecrm3-web-uploads.s3.ap-southeast-1.amazonaws.com/Production/ecrm/Audios/Survey/cmp-158/30559158_720125338484100.mp3,12:53:36,13:06:22,0:12:46,158,Pj MVP 1-2-1 (Activation Dhaka)
Dhaka South,Dhaka South,Kotwali (DHK),Alam Corporation Ltd.,Kamrangirchar,30559,arifanik336@ecrm-imsl,201B,HASAN NAGAR ROAD,Jakir Store,12686576,7/20/2025,"23.72102971, 90.36641951",https://ecrm3-web-uploads.s3.ap-southeast-1.amazonaws.com/Production/ecrm/Audios/Survey/cmp-158/30559158_720131724442100.mp3,13:17:19,13:28:09,0:10:50,158,Pj MVP 1-2-1 (Activation Dhaka)
Dhaka South,Dhaka South,Kotwali (DHK),Alam Corporation Ltd.,Kamrangirchar,30559,arifanik336@ecrm-imsl,201B,HASAN NAGAR ROAD,Jakir Store,12663884,7/20/2025,"23.7200841, 90.3662085",https://ecrm3-web-uploads.s3.ap-southeast-1.amazonaws.com/Production/ecrm/Audios/Survey/cmp-158/30559158_720104226258100.mp3,10:42:24,10:46:25,0:04:01,158,Pj MVP 1-2-1 (Activation Dhaka)
Dhaka South,Dhaka South,Kotwali (DHK),Alam Corporation Ltd.,Kamrangirchar,30559,arifanik336@ecrm-imsl,201B,HASAN NAGAR ROAD,Jakir Store,12668357,7/20/2025,"23.72251732, 90.36634357",https://ecrm3-web-uploads.s3.ap-southeast-1.amazonaws.com/Production/ecrm/Audios/Survey/cmp-158/30559158_720111547746100.mp3,11:15:44,11:19:17,0:03:33,158,Pj MVP 1-2-1 (Activation Dhaka)
Dhaka South,Dhaka South,Kotwali (DHK),Alam Corporation Ltd.,Kamrangirchar,30559,arifanik336@ecrm-imsl,201B,HASAN NAGAR ROAD,Jakir Store,12676341,7/20/2025,"23.72105779, 90.36604303",https://ecrm3-web-uploads.s3.ap-southeast-1.amazonaws.com/Production/ecrm/Audios/Survey/cmp-158/30559158_720120659863100.mp3,12:06:57,12:12:35,0:05:38,158,Pj MVP 1-2-1 (Activation Dhaka)
Dhaka South,Dhaka South,Kotwali (DHK),Alam Corporation Ltd.,Kamrangirchar,30559,arifanik336@ecrm-imsl,201B,HASAN NAGAR ROAD,Jakir Store,12677124,7/20/2025,"23.72098734, 90.36664572",https://ecrm3-web-uploads.s3.ap-southeast-1.amazonaws.com/Production/ecrm/Audios/Survey/cmp-158/30559158_720121245187100.mp3,12:12:38,12:17:56,0:05:18,158,Pj MVP 1-2-1 (Activation Dhaka)
Dhaka South,Dhaka South,Kotwali (DHK),Alam Corporation Ltd.,Kamrangirchar,30559,arifanik336@ecrm-imsl,201B,HASAN NAGAR ROAD,Jakir Store,12684889,7/20/2025,"23.72113252, 90.36605418",https://ecrm3-web-uploads.s3.ap-southeast-1.amazonaws.com/Production/ecrm/Audios/Survey/cmp-158/30559158_720130904223100.mp3,13:06:26,13:13:42,0:07:16,158,Pj MVP 1-2-1 (Activation Dhaka)
Dhaka South,Dhaka South,Kotwali (DHK),Alam Corporation Ltd.,Kamrangirchar,30559,arifanik336@ecrm-imsl,201B,HASAN NAGAR ROAD,Jakir Store,12685321,7/20/2025,"23.7211449, 90.36609015",https://ecrm3-web-uploads.s3.ap-southeast-1.amazonaws.com/Production/ecrm/Audios/Survey/cmp-158/30559158_720131358108100.mp3,13:13:56,13:17:16,0:03:20,158,Pj MVP 1-2-1 (Activation Dhaka)
Dhaka South,Dhaka South,Kotwali (DHK),Alam Corporation Ltd.,Kamrangirchar,30559,arifanik336@ecrm-imsl,201B,HASAN NAGAR ROAD,Jakir Store,12690290,7/20/2025,"23.72101474, 90.36630614",https://ecrm3-web-uploads.s3.ap-southeast-1.amazonaws.com/Production/ecrm/Audios/Survey/cmp-158/30559158_720135526595100.mp3,13:55:24,14:04:18,0:08:54,158,Pj MVP 1-2-1 (Activation Dhaka)
Dhaka South,Dhaka South,Sutrapur,Sales Promotion Service,Keraniganj,28806,cycbrdhk2005@ecrm-ims,202D,Zinzira P M Pilot S,Safwan Store,12668652,7/20/2025,"23.70244147, 90.40588776",https://ecrm3-web-uploads.s3.ap-southeast-1.amazonaws.com/Production/ecrm/Audios/Survey/cmp-158/28806158_720111353868100.mp3,11:13:52,11:21:16,0:07:24,158,Pj MVP 1-2-1 (Activation Dhaka)
Dhaka South,Dhaka Central,Mirpur,"Agrani Trading Corporation, Mirpur",Mirpur-1,31420,ariful2000@ecrm-imsl,10D,10 No Falpotty,Zahir Store,12670910,7/20/2025,"23.7971454, 90.374559",https://ecrm3-web-uploads.s3.ap-southeast-1.amazonaws.com/Production/ecrm/Audios/Survey/cmp-158/31420158_720112720600100.mp3,11:27:18,11:36:15,0:08:57,158,Pj MVP 1-2-1 (Activation Dhaka)
Dhaka South,Dhaka Central,Mirpur,"Agrani Trading Corporation, Mirpur",Mirpur-1,31420,ariful2000@ecrm-imsl,10D,10 No Falpotty,Zahir Store,12668326,7/20/2025,"23.797287, 90.3746062",https://ecrm3-web-uploads.s3.ap-southeast-1.amazonaws.com/Production/ecrm/Audios/Survey/cmp-158/31420158_720111419129100.mp3,11:14:15,11:19:05,0:04:50,158,Pj MVP 1-2-1 (Activation Dhaka)
Dhaka South,Dhaka Central,Motijheel,"Agrani Trading Corporation, Mogbazar",Jatrabari,30073,mdjahidhasanrabbi@ecrm-imsl,34A,Bibirbagica 1No Gate,Ibrahim Store,12660385,7/20/2025,"23.7167853, 90.4324581",https://ecrm3-web-uploads.s3.ap-southeast-1.amazonaws.com/Production/ecrm/Audios/Survey/cmp-158/30073158_720100849112100.mp3,10:08:44,10:15:54,0:07:10,158,Pj MVP 1-2-1 (Activation Dhaka)
Dhaka South,Dhaka Central,Motijheel,"Agrani Trading Corporation, Mogbazar",Jatrabari,30073,mdjahidhasanrabbi@ecrm-imsl,34A,Bibirbagica 1No Gate,Ibrahim Store,12665835,7/20/2025,"23.7164993, 90.4345478",https://ecrm3-web-uploads.s3.ap-southeast-1.amazonaws.com/Production/ecrm/Audios/Survey/cmp-158/30073158_720104945626100.mp3,10:49:43,11:01:31,0:11:48,158,Pj MVP 1-2-1 (Activation Dhaka)
Dhaka South,Dhaka Central,Motijheel,"Agrani Trading Corporation, Mogbazar",Jatrabari,30073,mdjahidhasanrabbi@ecrm-imsl,34A,Bibirbagica 1No Gate,Ibrahim Store,12672073,7/20/2025,"23.7156344, 90.4369583",https://ecrm3-web-uploads.s3.ap-southeast-1.amazonaws.com/Production/ecrm/Audios/Survey/cmp-158/30073158_720113617100100.mp3,11:36:07,11:43:58,0:07:51,158,Pj MVP 1-2-1 (Activation Dhaka)
Dhaka South,Dhaka Central,Motijheel,"Agrani Trading Corporation, Mogbazar",Jatrabari,30073,mdjahidhasanrabbi@ecrm-imsl,34A,Bibirbagica 1No Gate,Ibrahim Store,12673232,7/20/2025,"23.7157056, 90.4368594",https://ecrm3-web-uploads.s3.ap-southeast-1.amazonaws.com/Production/ecrm/Audios/Survey/cmp-158/30073158_720114419467100.mp3,11:44:15,11:51:48,0:07:33,158,Pj MVP 1-2-1 (Activation Dhaka)
Dhaka South,Dhaka Central,Motijheel,"Agrani Trading Corporation, Mogbazar",Jatrabari,30073,mdjahidhasanrabbi@ecrm-imsl,34A,Bibirbagica 1No Gate,Ibrahim Store,12674452,7/20/2025,"23.7156434, 90.4369117",https://ecrm3-web-uploads.s3.ap-southeast-1.amazonaws.com/Production/ecrm/Audios/Survey/cmp-158/30073158_720115311393100.mp3,11:53:03,12:00:02,0:06:59,158,Pj MVP 1-2-1 (Activation Dhaka)
Dhaka South,Dhaka Central,Motijheel,"Agrani Trading Corporation, Mogbazar",Jatrabari,30073,mdjahidhasanrabbi@ecrm-imsl,34A,Bibirbagica 1No Gate,Ibrahim Store,12682529,7/20/2025,"23.7157814, 90.4367973",https://ecrm3-web-uploads.s3.ap-southeast-1.amazonaws.com/Production/ecrm/Audios/Survey/cmp-158/30073158_720124930371100.mp3,12:49:29,12:55:51,0:06:22,158,Pj MVP 1-2-1 (Activation Dhaka)
Dhaka South,Dhaka Central,Motijheel,"Agrani Trading Corporation, Mogbazar",Jatrabari,30073,mdjahidhasanrabbi@ecrm-imsl,34A,Bibirbagica 1No Gate,Ibrahim Store,12685147,7/20/2025,"23.7161008, 90.4375136",https://ecrm3-web-uploads.s3.ap-southeast-1.amazonaws.com/Production/ecrm/Audios/Survey/cmp-158/30073158_720130823548100.mp3,13:08:20,13:15:49,0:07:29,158,Pj MVP 1-2-1 (Activation Dhaka)
Dhaka South,Dhaka Central,Motijheel,"Agrani Trading Corporation, Mogbazar",Jatrabari,30073,mdjahidhasanrabbi@ecrm-imsl,34A,Bibirbagica 1No Gate,Ibrahim Store,12687268,7/20/2025,"23.716132, 90.4369915",https://ecrm3-web-uploads.s3.ap-southeast-1.amazonaws.com/Production/ecrm/Audios/Survey/cmp-158/30073158_72013255698100.mp3,13:25:54,13:34:26,0:08:32,158,Pj MVP 1-2-1 (Activation Dhaka)
Dhaka South,Dhaka Central,Motijheel,"Agrani Trading Corporation, Mogbazar",Jatrabari,30073,mdjahidhasanrabbi@ecrm-imsl,34A,Bibirbagica 1No Gate,Ibrahim Store,12683759,7/20/2025,"23.7161682, 90.4369462",https://ecrm3-web-uploads.s3.ap-southeast-1.amazonaws.com/Production/ecrm/Audios/Survey/cmp-158/30073158_720125826137100.mp3,12:58:25,13:05:06,0:06:41,158,Pj MVP 1-2-1 (Activation Dhaka)
Dhaka South,Dhaka Central,Motijheel,"Agrani Trading Corporation, Mogbazar",Jatrabari,30073,mdjahidhasanrabbi@ecrm-imsl,34A,Bibirbagica 1No Gate,Ibrahim Store,12686166,7/20/2025,"23.7162272, 90.4370966",https://ecrm3-web-uploads.s3.ap-southeast-1.amazonaws.com/Production/ecrm/Audios/Survey/cmp-158/30073158_720131715125100.mp3,13:17:11,13:24:34,0:07:23,158,Pj MVP 1-2-1 (Activation Dhaka)
Dhaka South,Dhaka East,Narayanganj,The Jamal & Co - Narayanganj,Narayanganj,15174,amitsaha13952@ecrm-imsl,10D,Khanpur Haspatal Bottola,Saheb Ali Store,12695233,7/20/2025,"23.6263888, 90.4914223",https://ecrm3-web-uploads.s3.ap-southeast-1.amazonaws.com/Production/ecrm/Audios/Survey/cmp-158/15174158_720145858102100.mp3,14:58:57,15:04:36,0:05:39,158,Pj MVP 1-2-1 (Activation Dhaka)
Dhaka South,Dhaka Central,Motijheel,"Agrani Trading Corporation, Mogbazar",Jatrabari,30073,mdjahidhasanrabbi@ecrm-imsl,34A,Bibirbagica 1No Gate,Ibrahim Store,12668555,7/20/2025,"23.7157941, 90.4367845",https://ecrm3-web-uploads.s3.ap-southeast-1.amazonaws.com/Production/ecrm/Audios/Survey/cmp-158/30073158_720111427583100.mp3,11:14:21,11:20:37,0:06:16,158,Pj MVP 1-2-1 (Activation Dhaka)
Dhaka South,Dhaka Central,Motijheel,"Agrani Trading Corporation, Mogbazar",Jatrabari,30073,mdjahidhasanrabbi@ecrm-imsl,34A,Bibirbagica 1No Gate,Ibrahim Store,12676773,7/20/2025,"23.7154543, 90.4346972",https://ecrm3-web-uploads.s3.ap-southeast-1.amazonaws.com/Production/ecrm/Audios/Survey/cmp-158/30073158_720120928750100.mp3,12:09:26,12:15:38,0:06:12,158,Pj MVP 1-2-1 (Activation Dhaka)
Dhaka South,Dhaka Central,Mogbazar,"Agrani Trading Corporation, Mogbazar",Mogbazar,31597,tanvirislamsabuj@ecrm-imsl,22A,Lonka Bangla Golli,Ma General Store,12667186,7/20/2025,"23.765627, 90.4039612",https://ecrm3-web-uploads.s3.ap-southeast-1.amazonaws.com/Production/ecrm/Audios/Survey/cmp-158/31597158_720110427360100.mp3,11:04:25,11:10:56,0:06:31,158,Pj MVP 1-2-1 (Activation Dhaka)
Dhaka South,Dhaka Central,Mogbazar,"Agrani Trading Corporation, Mogbazar",Mogbazar,31597,tanvirislamsabuj@ecrm-imsl,22A,Lonka Bangla Golli,Ma General Store,12674072,7/20/2025,"23.7647709, 90.4038",https://ecrm3-web-uploads.s3.ap-southeast-1.amazonaws.com/Production/ecrm/Audios/Survey/cmp-158/31597158_720115117743100.mp3,11:51:11,11:57:31,0:06:20,158,Pj MVP 1-2-1 (Activation Dhaka)
Dhaka South,Dhaka Central,Mogbazar,"Agrani Trading Corporation, Mogbazar",Mogbazar,31597,tanvirislamsabuj@ecrm-imsl,22A,Lonka Bangla Golli,Ma General Store,12677558,7/20/2025,"23.7647374, 90.403807",https://ecrm3-web-uploads.s3.ap-southeast-1.amazonaws.com/Production/ecrm/Audios/Survey/cmp-158/31597158_720121423377100.mp3,12:14:20,12:20:37,0:06:17,158,Pj MVP 1-2-1 (Activation Dhaka)
Dhaka South,Dhaka South,Sutrapur,Sales Promotion Service,Ati Bazar,26224,brdhk25819@ecrm-imsl,703D,Ati Chourasta,Kasem Store,12688587,7/20/2025,"23.7285379, 90.3330276",https://ecrm3-web-uploads.s3.ap-southeast-1.amazonaws.com/Production/ecrm/Audios/Survey/cmp-158/26224158_720133920291100.mp3,13:39:19,13:47:17,0:07:58,158,Pj MVP 1-2-1 (Activation Dhaka)
Dhaka South,Dhaka Central,Mogbazar,"Agrani Trading Corporation, Mogbazar",Mogbazar,31597,tanvirislamsabuj@ecrm-imsl,22A,Lonka Bangla Golli,Ma General Store,12691785,7/20/2025,"23.7654939, 90.4039209",https://ecrm3-web-uploads.s3.ap-southeast-1.amazonaws.com/Production/ecrm/Audios/Survey/cmp-158/31597158_720141449489100.mp3,14:14:48,14:20:13,0:05:25,158,Pj MVP 1-2-1 (Activation Dhaka)
Dhaka South,Dhaka South,Sutrapur,Sales Promotion Service,Ati Bazar,26224,brdhk25819@ecrm-imsl,703D,Ati Chourasta,Kasem Store,12694565,7/20/2025,"23.7293234, 90.3393768",https://ecrm3-web-uploads.s3.ap-southeast-1.amazonaws.com/Production/ecrm/Audios/Survey/cmp-158/26224158_720144804272100.mp3,14:48:02,14:55:04,0:07:02,158,Pj MVP 1-2-1 (Activation Dhaka)
Dhaka South,Dhaka Central,Mogbazar,"Agrani Trading Corporation, Mogbazar",Mogbazar,31597,tanvirislamsabuj@ecrm-imsl,22A,Lonka Bangla Golli,Ma General Store,12685964,7/20/2025,"23.7646266, 90.4037785",https://ecrm3-web-uploads.s3.ap-southeast-1.amazonaws.com/Production/ecrm/Audios/Survey/cmp-158/31597158_7201316480100.mp3,13:16:47,13:22:51,0:06:04,158,Pj MVP 1-2-1 (Activation Dhaka)
Dhaka South,Dhaka Central,Mogbazar,"Agrani Trading Corporation, Mogbazar",Mogbazar,31597,tanvirislamsabuj@ecrm-imsl,22A,Lonka Bangla Golli,Ma General Store,12679325,7/20/2025,"23.764866, 90.4038972",https://ecrm3-web-uploads.s3.ap-southeast-1.amazonaws.com/Production/ecrm/Audios/Survey/cmp-158/31597158_720122655106100.mp3,12:26:54,12:33:06,0:06:12,158,Pj MVP 1-2-1 (Activation Dhaka)
Dhaka South,Dhaka South,Kotwali (DHK),Alam Corporation Ltd.,Kotwali,33004,jonee123@ecrm-imsl,103D,NEW MARKET FALL POTTI,Rasel Business Centre,12666228,7/20/2025,"23.7340566, 90.3834411",https://ecrm3-web-uploads.s3.ap-southeast-1.amazonaws.com/Production/ecrm/Audios/Survey/cmp-158/33004158_720105951381100.mp3,10:59:23,11:04:17,0:04:54,158,Pj MVP 1-2-1 (Activation Dhaka)
Dhaka South,Dhaka Central,Mogbazar,"Agrani Trading Corporation, Mogbazar",Banasree,25884,brdhk25787@ecrm-imsl,33B,Chowdhurypara Al Modina Moor,Sahalam Store-2,12688434,7/20/2025,"23.7521014, 90.4504276",https://ecrm3-web-uploads.s3.ap-southeast-1.amazonaws.com/Production/ecrm/Audios/Survey/cmp-158/25884158_720133959299100.mp3,13:39:59,13:46:00,0:06:01,158,Pj MVP 1-2-1 (Activation Dhaka)
Dhaka South,Dhaka South,Dhanmondi,The Jamal & Co - Dhanmondi,Dhanmondi,26839,mdrajuahmed@ecrm-ims,109D,Lalmatia Sony Goli,Ruchi Store,12689386,7/20/2025,"23.7569858, 90.3699078",https://ecrm3-web-uploads.s3.ap-southeast-1.amazonaws.com/Production/ecrm/Audios/Survey/cmp-158/26839158_720134901407100.mp3,13:48:58,13:55:15,0:06:17,158,Pj MVP 1-2-1 (Activation Dhaka)
Dhaka South,Dhaka Central,Mogbazar,"Agrani Trading Corporation, Mogbazar",Banasree,25884,brdhk25787@ecrm-imsl,33B,Chowdhurypara Al Modina Moor,Sahalam Store-2,12686477,7/20/2025,"23.7507455, 90.4492108",https://ecrm3-web-uploads.s3.ap-southeast-1.amazonaws.com/Production/ecrm/Audios/Survey/cmp-158/25884158_720132122630100.mp3,13:21:24,13:27:12,0:05:48,158,Pj MVP 1-2-1 (Activation Dhaka)
Dhaka South,Dhaka Central,Motijheel,"Agrani Trading Corporation, Mogbazar",Motijheel,13264,brdhk13264@ecrm-imsl,1D,Jibon Bima Bhaban,Riyaj Store,12694353,7/20/2025,"23.72612352, 90.4327494",https://ecrm3-web-uploads.s3.ap-southeast-1.amazonaws.com/Production/ecrm/Audios/Survey/cmp-158/13264158_720144608473100.mp3,14:46:06,14:52:11,0:06:05,158,Pj MVP 1-2-1 (Activation Dhaka)
Dhaka South,Dhaka Central,Mirpur,"Agrani Trading Corporation, Mirpur",Mirpur-1,8645,mdjahirulislam7541@ecrm-imsl,11A,Monipur Amtala Mosjid,Liton Store-2,12695598,7/20/2025,"23.7992606, 90.3711937",https://ecrm3-web-uploads.s3.ap-southeast-1.amazonaws.com/Production/ecrm/Audios/Survey/cmp-158/8645158_720150351209100.mp3,15:03:48,15:09:44,0:05:56,158,Pj MVP 1-2-1 (Activation Dhaka)
Dhaka South,Dhaka South,Dhanmondi,The Jamal & Co - Dhanmondi,Dhanmondi,26839,mdrajuahmed@ecrm-ims,109D,Lalmatia Sony Goli,Ruchi Store,12699009,7/20/2025,"23.7569858, 90.3699078",https://ecrm3-web-uploads.s3.ap-southeast-1.amazonaws.com/Production/ecrm/Audios/Survey/cmp-158/26839158_72016063159100.mp3,16:06:31,16:11:20,0:04:49,158,Pj MVP 1-2-1 (Activation Dhaka)
Dhaka South,Dhaka South,Dhanmondi,The Jamal & Co - Dhanmondi,Dhanmondi,26839,mdrajuahmed@ecrm-ims,109D,Lalmatia Sony Goli,Ruchi Store,12699344,7/20/2025,"23.7569858, 90.3699078",https://ecrm3-web-uploads.s3.ap-southeast-1.amazonaws.com/Production/ecrm/Audios/Survey/cmp-158/26839158_720161132489100.mp3,16:11:30,16:17:12,0:05:42,158,Pj MVP 1-2-1 (Activation Dhaka)
Dhaka South,Dhaka South,Dhanmondi,The Jamal & Co - Dhanmondi,Dhanmondi,26839,mdrajuahmed@ecrm-ims,109D,Lalmatia Sony Goli,Ruchi Store,12701483,7/20/2025,"23.7569858, 90.3699078",https://ecrm3-web-uploads.s3.ap-southeast-1.amazonaws.com/Production/ecrm/Audios/Survey/cmp-158/26839158_720165442273100.mp3,16:54:42,16:59:41,0:04:59,158,Pj MVP 1-2-1 (Activation Dhaka)
Dhaka South,Dhaka South,Dhanmondi,The Jamal & Co - Dhanmondi,Dhanmondi,26839,mdrajuahmed@ecrm-ims,109D,Lalmatia Sony Goli,Ruchi Store,12702763,7/20/2025,"23.7580174, 90.3722675",https://ecrm3-web-uploads.s3.ap-southeast-1.amazonaws.com/Production/ecrm/Audios/Survey/cmp-158/26839158_720172855716100.mp3,17:28:55,17:34:41,0:05:46,158,Pj MVP 1-2-1 (Activation Dhaka)
Dhaka South,Dhaka South,Dhanmondi,The Jamal & Co - Dhanmondi,Dhanmondi,26839,mdrajuahmed@ecrm-ims,109D,Lalmatia Sony Goli,Ruchi Store,12669450,7/20/2025,"23.7569858, 90.3699078",https://ecrm3-web-uploads.s3.ap-southeast-1.amazonaws.com/Production/ecrm/Audios/Survey/cmp-158/26839158_720112130208100.mp3,11:21:30,11:26:31,0:05:01,158,Pj MVP 1-2-1 (Activation Dhaka)
Dhaka South,Dhaka South,Dhanmondi,The Jamal & Co - Dhanmondi,Dhanmondi,26839,mdrajuahmed@ecrm-ims,109D,Lalmatia Sony Goli,Ruchi Store,12690978,7/20/2025,"23.7569858, 90.3699078",https://ecrm3-web-uploads.s3.ap-southeast-1.amazonaws.com/Production/ecrm/Audios/Survey/cmp-158/26839158_720140517210100.mp3,14:05:16,14:11:26,0:06:10,158,Pj MVP 1-2-1 (Activation Dhaka)
Dhaka South,Dhaka Central,Motijheel,"Agrani Trading Corporation, Mogbazar",Motijheel,13264,brdhk13264@ecrm-imsl,1D,Jibon Bima Bhaban,Riyaj Store,12694847,7/20/2025,"23.72550012, 90.43381676",https://ecrm3-web-uploads.s3.ap-southeast-1.amazonaws.com/Production/ecrm/Audios/Survey/cmp-158/13264158_720145214803100.mp3,14:52:13,14:59:07,0:06:54,158,Pj MVP 1-2-1 (Activation Dhaka)
Dhaka South,Dhaka Central,Mirpur,"Agrani Trading Corporation, Mirpur",Mirpur-1,8645,mdjahirulislam7541@ecrm-imsl,11A,Monipur Amtala Mosjid,Liton Store-2,12695136,7/20/2025,"23.7992665, 90.3713084",https://ecrm3-web-uploads.s3.ap-southeast-1.amazonaws.com/Production/ecrm/Audios/Survey/cmp-158/8645158_72014554379100.mp3,14:55:02,15:03:18,0:08:16,158,Pj MVP 1-2-1 (Activation Dhaka)
Dhaka North,Dhaka West,Mawna,M/S. A.M.I & Company,Mawna,27979,brdhk9865@ecrm-imsl,408B,Jonakir More,Saizul Store,12691989,7/20/2025,"24.1992324, 90.4791956",https://ecrm3-web-uploads.s3.ap-southeast-1.amazonaws.com/Production/ecrm/Audios/Survey/cmp-142/27979142_720142017368100.mp3,14:20:18,14:22:34,0:02:16,142,Pj Rebel 
Dhaka North,Dhaka West,Mawna,M/S. A.M.I & Company,Mawna,27979,brdhk9865@ecrm-imsl,408B,Jonakir More,Saizul Store,12683127,7/20/2025,"24.1992324, 90.4791956",https://ecrm3-web-uploads.s3.ap-southeast-1.amazonaws.com/Production/ecrm/Audios/Survey/cmp-142/27979142_720125059595100.mp3,12:50:59,13:00:03,0:09:04,142,Pj Rebel 
Dhaka North,Dhaka West,Mawna,M/S. A.M.I & Company,Mawna,27979,brdhk9865@ecrm-imsl,408B,Jonakir More,Saizul Store,12672497,7/20/2025,"24.1975793, 90.4794914",https://ecrm3-web-uploads.s3.ap-southeast-1.amazonaws.com/Production/ecrm/Audios/Survey/cmp-142/27979142_720114300129100.mp3,11:43:01,11:46:59,0:03:58,142,Pj Rebel 
Dhaka North,Dhaka West,Mawna,M/S. A.M.I & Company,Mawna,27979,brdhk9865@ecrm-imsl,408B,Jonakir More,Saizul Store,12681807,7/20/2025,"24.1992324, 90.4791956",https://ecrm3-web-uploads.s3.ap-southeast-1.amazonaws.com/Production/ecrm/Audios/Survey/cmp-142/27979142_7201239513100.mp3,12:39:53,12:50:39,0:10:46,142,Pj Rebel 
Dhaka North,Dhaka West,Mawna,M/S. A.M.I & Company,Mawna,27979,brdhk9865@ecrm-imsl,408B,Jonakir More,Saizul Store,12680257,7/20/2025,"24.1992324, 90.4791956",https://ecrm3-web-uploads.s3.ap-southeast-1.amazonaws.com/Production/ecrm/Audios/Survey/cmp-142/27979142_720123657740100.mp3,12:36:58,12:39:45,0:02:47,142,Pj Rebel 
Dhaka North,Dhaka West,Joydebpur,M/S. A.M.I & Company,Joydebpur,27885,brdhk42813@ecrm-imsl,109B,Anondodhara S,Setu V Store,12689025,7/20/2025,"23.9895051, 90.3814083",https://ecrm3-web-uploads.s3.ap-southeast-1.amazonaws.com/Production/ecrm/Audios/Survey/cmp-142/27885142_720133922230100.mp3,13:39:21,13:51:39,0:12:18,142,Pj Rebel 
Dhaka North,Dhaka West,Joydebpur,M/S. A.M.I & Company,Joydebpur,1074,brdhk24@ecrm-imsl,107D,Bus Stand,Afia Tea Store,12688973,7/20/2025,"23.9898192, 90.3823669",https://ecrm3-web-uploads.s3.ap-southeast-1.amazonaws.com/Production/ecrm/Audios/Survey/cmp-142/1074142_720134725462100.mp3,13:47:24,13:51:12,0:03:48,142,Pj Rebel 
Dhaka North,Dhaka West,Joydebpur,M/S. A.M.I & Company,Joydebpur,1074,brdhk24@ecrm-imsl,107D,Bus Stand,Afia Tea Store,12703186,7/20/2025,"23.9900781, 90.3824635",https://ecrm3-web-uploads.s3.ap-southeast-1.amazonaws.com/Production/ecrm/Audios/Survey/cmp-142/1074142_720174613450100.mp3,17:46:09,17:50:03,0:03:54,142,Pj Rebel 
Dhaka North,Dhaka West,Joydebpur,M/S. A.M.I & Company,Joydebpur,1074,brdhk24@ecrm-imsl,107D,Bus Stand,Afia Tea Store,12703544,7/20/2025,"23.9899563, 90.3824047",https://ecrm3-web-uploads.s3.ap-southeast-1.amazonaws.com/Production/ecrm/Audios/Survey/cmp-142/1074142_720180020403100.mp3,18:00:20,18:04:08,0:03:48,142,Pj Rebel 
Dhaka North,Dhaka West,Joydebpur,M/S. A.M.I & Company,Joydebpur,1074,brdhk24@ecrm-imsl,107D,Bus Stand,Afia Tea Store,12704008,7/20/2025,"23.9894972, 90.3820816",https://ecrm3-web-uploads.s3.ap-southeast-1.amazonaws.com/Production/ecrm/Audios/Survey/cmp-142/1074142_720182004837100.mp3,18:20:05,18:25:02,0:04:57,142,Pj Rebel 
Dhaka North,Dhaka West,Mawna,M/S. A.M.I & Company,Bhabanipur,28906,brdhk19184@ecrm-imsl,506B,Bager Bazar West,Nayem Store,12701975,7/20/2025,"24.2030802, 90.4016202",https://ecrm3-web-uploads.s3.ap-southeast-1.amazonaws.com/Production/ecrm/Audios/Survey/cmp-142/28906142_720170850784100.mp3,17:08:42,17:11:09,0:02:27,142,Pj Rebel 
Dhaka North,Dhaka West,Mawna,M/S. A.M.I & Company,Bhabanipur,28906,brdhk19184@ecrm-imsl,506B,Bager Bazar West,Nayem Store,12702493,7/20/2025,"24.2031043, 90.4016221",https://ecrm3-web-uploads.s3.ap-southeast-1.amazonaws.com/Production/ecrm/Audios/Survey/cmp-142/28906142_720171940282100.mp3,17:19:24,17:25:45,0:06:21,142,Pj Rebel 
Dhaka North,Dhaka West,Mawna,M/S. A.M.I & Company,Bhabanipur,28906,brdhk19184@ecrm-imsl,506B,Bager Bazar West,Nayem Store,12701879,7/20/2025,"24.2030758, 90.4016147",https://ecrm3-web-uploads.s3.ap-southeast-1.amazonaws.com/Production/ecrm/Audios/Survey/cmp-142/28906142_720170621467100.mp3,17:03:22,17:08:32,0:05:10,142,Pj Rebel 
Dhaka North,Dhaka West,Mawna,M/S. A.M.I & Company,Bhabanipur,28906,brdhk19184@ecrm-imsl,506B,Bager Bazar West,Nayem Store,12702053,7/20/2025,"24.2030785, 90.4016108",https://ecrm3-web-uploads.s3.ap-southeast-1.amazonaws.com/Production/ecrm/Audios/Survey/cmp-142/28906142_720171118590100.mp3,17:11:17,17:13:08,0:01:51,142,Pj Rebel 
Dhaka North,Dhaka West,Mawna,M/S. A.M.I & Company,Bhabanipur,28906,brdhk19184@ecrm-imsl,506B,Bager Bazar West,Nayem Store,12701169,7/20/2025,"24.2030247, 90.4016442",https://ecrm3-web-uploads.s3.ap-southeast-1.amazonaws.com/Production/ecrm/Audios/Survey/cmp-142/28906142_720164905669100.mp3,16:49:01,16:52:16,0:03:15,142,Pj Rebel 
Dhaka North,Dhaka West,Mawna,M/S. A.M.I & Company,Bhabanipur,28906,brdhk19184@ecrm-imsl,506B,Bager Bazar West,Nayem Store,12702152,7/20/2025,"24.203076, 90.4016087",https://ecrm3-web-uploads.s3.ap-southeast-1.amazonaws.com/Production/ecrm/Audios/Survey/cmp-142/28906142_720171315387100.mp3,17:13:13,17:15:56,0:02:43,142,Pj Rebel 
Dhaka North,Dhaka West,Mawna,M/S. A.M.I & Company,Mawna,30966,brdhk8990@ecrm-imsl,409B,2 No. C&B Bazar,Ripon Store,12690033,7/20/2025,"24.2210331, 90.4120508",https://ecrm3-web-uploads.s3.ap-southeast-1.amazonaws.com/Production/ecrm/Audios/Survey/cmp-142/30966142_720135922834100.mp3,13:59:22,14:01:42,0:02:20,142,Pj Rebel 
Dhaka North,Dhaka West,Mawna,M/S. A.M.I & Company,Mawna,30966,brdhk8990@ecrm-imsl,409B,2 No. C&B Bazar,Ripon Store,12694711,7/20/2025,"24.2210331, 90.4120508",https://ecrm3-web-uploads.s3.ap-southeast-1.amazonaws.com/Production/ecrm/Audios/Survey/cmp-142/30966142_720145313511100.mp3,14:53:12,14:57:11,0:03:59,142,Pj Rebel 
Dhaka North,Dhaka West,Mawna,M/S. A.M.I & Company,Mawna,30966,brdhk8990@ecrm-imsl,409B,2 No. C&B Bazar,Ripon Store,12695812,7/20/2025,"24.2210331, 90.4120508",https://ecrm3-web-uploads.s3.ap-southeast-1.amazonaws.com/Production/ecrm/Audios/Survey/cmp-142/30966142_72015104467100.mp3,15:02:34,15:13:03,0:10:29,142,Pj Rebel 
Dhaka North,Dhaka West,Mawna,M/S. A.M.I & Company,Mawna,30966,brdhk8990@ecrm-imsl,409B,2 No. C&B Bazar,Ripon Store,12695967,7/20/2025,"24.2210331, 90.4120508",https://ecrm3-web-uploads.s3.ap-southeast-1.amazonaws.com/Production/ecrm/Audios/Survey/cmp-142/30966142_72015131417100.mp3,15:13:14,15:15:34,0:02:20,142,Pj Rebel 
Dhaka North,Dhaka West,Mawna,M/S. A.M.I & Company,Mawna,30966,brdhk8990@ecrm-imsl,409B,2 No. C&B Bazar,Ripon Store,12696171,7/20/2025,"24.2210331, 90.4120508",https://ecrm3-web-uploads.s3.ap-southeast-1.amazonaws.com/Production/ecrm/Audios/Survey/cmp-142/30966142_720151556595100.mp3,15:15:55,15:18:59,0:03:04,142,Pj Rebel 
Dhaka North,Dhaka West,Mawna,M/S. A.M.I & Company,Mawna,30966,brdhk8990@ecrm-imsl,409B,2 No. C&B Bazar,Ripon Store,12696425,7/20/2025,"24.2210331, 90.4120508",https://ecrm3-web-uploads.s3.ap-southeast-1.amazonaws.com/Production/ecrm/Audios/Survey/cmp-142/30966142_720151957457100.mp3,15:19:56,15:23:25,0:03:29,142,Pj Rebel 
Chittagong,Feni,Maijdee,M/S Sanjib Mazumder,Maijdee,867,marufhossainbrctg269@ecrm-ims,402B,Prime Hospital,Kabir Store 2,12682176,7/20/2025,"22.8650602, 91.0969899",https://ecrm3-web-uploads.s3.ap-southeast-1.amazonaws.com/Production/ecrm/Audios/Survey/cmp-142/867142_720124309235100.mp3,12:48:08,12:48:15,0:00:07,142,Pj Rebel 
Barishal,Faridpur,Madaripur-2,SPS Shariatpur,Shariatpur,20900,mdrakibulislamshawon19563@ecrm-imsl,502A,Bagchi Bazar,Vy Vy Store,12685644,7/20/2025,"23.2034875, 90.3461396",https://ecrm3-web-uploads.s3.ap-southeast-1.amazonaws.com/Production/ecrm/Audios/Survey/cmp-142/20900142_720131624360100.mp3,13:16:22,13:20:06,0:03:44,142,Pj Rebel 
Barishal,Faridpur,Madaripur-2,SPS Shariatpur,Shariatpur,20900,mdrakibulislamshawon19563@ecrm-imsl,502A,Bagchi Bazar,Vy Vy Store,12665471,7/20/2025,"23.2040797, 90.3462987",https://ecrm3-web-uploads.s3.ap-southeast-1.amazonaws.com/Production/ecrm/Audios/Survey/cmp-142/20900142_720105453431100.mp3,10:54:50,10:58:53,0:04:03,142,Pj Rebel 
Barishal,Faridpur,Madaripur-2,SPS Shariatpur,Shariatpur,20900,mdrakibulislamshawon19563@ecrm-imsl,502A,Bagchi Bazar,Vy Vy Store,12678713,7/20/2025,"23.20346, 90.3461512",https://ecrm3-web-uploads.s3.ap-southeast-1.amazonaws.com/Production/ecrm/Audios/Survey/cmp-142/20900142_720122600664100.mp3,12:25:59,12:28:54,0:02:55,142,Pj Rebel 
Barishal,Faridpur,Madaripur-2,SPS Shariatpur,Shariatpur,20900,mdrakibulislamshawon19563@ecrm-imsl,502A,Bagchi Bazar,Vy Vy Store,12666078,7/20/2025,"23.2040985, 90.3462801",https://ecrm3-web-uploads.s3.ap-southeast-1.amazonaws.com/Production/ecrm/Audios/Survey/cmp-142/20900142_720105908299100.mp3,10:59:05,11:03:09,0:04:04,142,Pj Rebel 
Barishal,Faridpur,Madaripur-2,SPS Shariatpur,Shariatpur,20900,mdrakibulislamshawon19563@ecrm-imsl,502A,Bagchi Bazar,Vy Vy Store,12673653,7/20/2025,"23.2039854, 90.3462723",https://ecrm3-web-uploads.s3.ap-southeast-1.amazonaws.com/Production/ecrm/Audios/Survey/cmp-142/20900142_720115203290100.mp3,11:52:02,11:54:38,0:02:36,142,Pj Rebel 
Barishal,Faridpur,Madaripur-2,SPS Shariatpur,Shariatpur,20900,mdrakibulislamshawon19563@ecrm-imsl,502A,Bagchi Bazar,Vy Vy Store,12680091,7/20/2025,"23.2034669, 90.3461646",https://ecrm3-web-uploads.s3.ap-southeast-1.amazonaws.com/Production/ecrm/Audios/Survey/cmp-142/20900142_720123533855100.mp3,12:35:31,12:38:34,0:03:03,142,Pj Rebel 
Dhaka North,Dhaka West,Mawna,M/S. A.M.I & Company,Kapasia,28521,brdhk7074@ecrm-imsl,607B,Kajol Digi,Masudl Store,12657384,7/20/2025,"24.1144486, 90.5612243",https://ecrm3-web-uploads.s3.ap-southeast-1.amazonaws.com/Production/ecrm/Audios/Survey/cmp-142/28521142_720085704284100.mp3,8:57:04,8:59:27,0:02:23,142,Pj Rebel 
Dhaka North,Dhaka West,Mawna,M/S. A.M.I & Company,Kapasia,28521,brdhk7074@ecrm-imsl,607B,Kajol Digi,Masudl Store,12657475,7/20/2025,"24.1142914, 90.561167",https://ecrm3-web-uploads.s3.ap-southeast-1.amazonaws.com/Production/ecrm/Audios/Survey/cmp-142/28521142_720090947789100.mp3,9:09:43,9:13:10,0:03:27,142,Pj Rebel 
Dhaka North,Dhaka West,Mawna,M/S. A.M.I & Company,Kapasia,28521,brdhk7074@ecrm-imsl,607B,Kajol Digi,Masudl Store,12657531,7/20/2025,"24.1142512, 90.5609451",https://ecrm3-web-uploads.s3.ap-southeast-1.amazonaws.com/Production/ecrm/Audios/Survey/cmp-142/28521142_720091624326100.mp3,9:16:22,9:19:06,0:02:44,142,Pj Rebel 
Dhaka North,Dhaka West,Mawna,M/S. A.M.I & Company,Kapasia,1125,brdhk38@ecrm-imsl,607B,Kajol Digi,Masudl Store,12671703,7/20/2025,"24.1158612, 90.5671712",https://ecrm3-web-uploads.s3.ap-southeast-1.amazonaws.com/Production/ecrm/Audios/Survey/cmp-142/1125142_720113916143100.mp3,11:39:15,11:41:38,0:02:23,142,Pj Rebel 
Dhaka North,Dhaka West,Mawna,M/S. A.M.I & Company,Kapasia,1125,brdhk38@ecrm-imsl,607B,Kajol Digi,Masudl Store,12673224,7/20/2025,"24.1158067, 90.5671418",https://ecrm3-web-uploads.s3.ap-southeast-1.amazonaws.com/Production/ecrm/Audios/Survey/cmp-142/1125142_720114146797100.mp3,11:41:44,11:51:46,0:10:02,142,Pj Rebel 
Dhaka North,Dhaka West,Mawna,M/S. A.M.I & Company,Kapasia,28521,brdhk7074@ecrm-imsl,607B,Kajol Digi,Masudl Store,12675112,7/20/2025,"24.115247, 90.5681634",https://ecrm3-web-uploads.s3.ap-southeast-1.amazonaws.com/Production/ecrm/Audios/Survey/cmp-142/28521142_720120212724100.mp3,12:02:11,12:04:24,0:02:13,142,Pj Rebel 
Dhaka North,Dhaka West,Mawna,M/S. A.M.I & Company,Kapasia,1125,brdhk38@ecrm-imsl,607B,Kajol Digi,Masudl Store,12682166,7/20/2025,"24.1159066, 90.5672",https://ecrm3-web-uploads.s3.ap-southeast-1.amazonaws.com/Production/ecrm/Audios/Survey/cmp-142/1125142_720124445565100.mp3,12:44:45,12:53:11,0:08:26,142,Pj Rebel 
Dhaka North,Dhaka West,Mawna,M/S. A.M.I & Company,Kapasia,1125,brdhk38@ecrm-imsl,607B,Kajol Digi,Masudl Store,12682899,7/20/2025,"24.1158786, 90.567134",https://ecrm3-web-uploads.s3.ap-southeast-1.amazonaws.com/Production/ecrm/Audios/Survey/cmp-142/1125142_720125537227100.mp3,12:55:36,12:58:26,0:02:50,142,Pj Rebel 
Dhaka North,Dhaka West,Mawna,M/S. A.M.I & Company,Kapasia,1125,brdhk38@ecrm-imsl,607B,Kajol Digi,Masudl Store,12682487,7/20/2025,"24.1158613, 90.5671126",https://ecrm3-web-uploads.s3.ap-southeast-1.amazonaws.com/Production/ecrm/Audios/Survey/cmp-142/1125142_720125317528100.mp3,12:53:16,12:55:31,0:02:15,142,Pj Rebel 
Dhaka North,Dhaka West,Shafipur,M/S. A.M.I & Company,Shafipur,29862,brdhk9140@ecrm-ims,310B,Anondo Park,Masud Store,12681350,7/20/2025,"24.026814, 90.274223",https://ecrm3-web-uploads.s3.ap-southeast-1.amazonaws.com/Production/ecrm/Audios/Survey/cmp-142/29862142_72012412021100.mp3,12:41:11,12:47:30,0:06:19,142,Pj Rebel 
Dhaka North,Dhaka West,Joydebpur,M/S. A.M.I & Company,Bashon,27642,brdhk6582@ecrm-imsl,207A,Vogra Bazar,Shahadat Store,12689779,7/20/2025,"23.9748362, 90.3717064",https://ecrm3-web-uploads.s3.ap-southeast-1.amazonaws.com/Production/ecrm/Audios/Survey/cmp-142/27642142_720135224278100.mp3,13:52:23,13:59:04,0:06:41,142,Pj Rebel 
Dhaka North,Dhaka West,Joydebpur,M/S. A.M.I & Company,Joydebpur,19148,brdhk19148@ecrm-imsl,108B,Jamtola Bazar,Mondol Store,12664861,7/20/2025,"23.9929211, 90.4250938",https://ecrm3-web-uploads.s3.ap-southeast-1.amazonaws.com/Production/ecrm/Audios/Survey/cmp-142/19148142_720105143837100.mp3,10:51:43,10:54:31,0:02:48,142,Pj Rebel 
Dhaka North,Dhaka West,Joydebpur,M/S. A.M.I & Company,Joydebpur,19148,brdhk19148@ecrm-imsl,108B,Jamtola Bazar,Mondol Store,12661310,7/20/2025,"24.0001187, 90.4294576",https://ecrm3-web-uploads.s3.ap-southeast-1.amazonaws.com/Production/ecrm/Audios/Survey/cmp-142/19148142_720102013692100.mp3,10:20:12,10:25:14,0:05:02,142,Pj Rebel 
Dhaka North,Dhaka West,Joydebpur,M/S. A.M.I & Company,Joydebpur,19148,brdhk19148@ecrm-imsl,108B,Jamtola Bazar,Mondol Store,12663399,7/20/2025,"23.9929061, 90.4251232",https://ecrm3-web-uploads.s3.ap-southeast-1.amazonaws.com/Production/ecrm/Audios/Survey/cmp-142/19148142_720104007176100.mp3,10:40:07,10:43:11,0:03:04,142,Pj Rebel 
Dhaka North,Dhaka West,Joydebpur,M/S. A.M.I & Company,Joydebpur,30692,brdhk3404@ecrm-imsl,112B,BMTF Gate,Hassam Store,12688643,7/20/2025,"23.9893166, 90.381543",https://ecrm3-web-uploads.s3.ap-southeast-1.amazonaws.com/Production/ecrm/Audios/Survey/cmp-142/30692142_720134150740100.mp3,13:41:50,13:47:48,0:05:58,142,Pj Rebel 
Dhaka North,Dhaka West,Joydebpur,M/S. A.M.I & Company,Joydebpur,30692,brdhk3404@ecrm-imsl,112B,BMTF Gate,Hassam Store,12686988,7/20/2025,"23.9893166, 90.381543",https://ecrm3-web-uploads.s3.ap-southeast-1.amazonaws.com/Production/ecrm/Audios/Survey/cmp-142/30692142_720132325823100.mp3,13:23:25,13:31:56,0:08:31,142,Pj Rebel 
Dhaka North,Dhaka West,Joydebpur,M/S. A.M.I & Company,Joydebpur,30692,brdhk3404@ecrm-imsl,112B,BMTF Gate,Hassam Store,12690135,7/20/2025,"23.9893166, 90.381543",https://ecrm3-web-uploads.s3.ap-southeast-1.amazonaws.com/Production/ecrm/Audios/Survey/cmp-142/30692142_720135411260100.mp3,13:54:02,14:02:54,0:08:52,142,Pj Rebel 
Dhaka North,Dhaka West,Joydebpur,M/S. A.M.I & Company,Joydebpur,19148,brdhk19148@ecrm-imsl,108B,Jamtola Bazar,Mondol Store,12662970,7/20/2025,"23.9928946, 90.4250895",https://ecrm3-web-uploads.s3.ap-southeast-1.amazonaws.com/Production/ecrm/Audios/Survey/cmp-142/19148142_720103736372100.mp3,10:37:36,10:39:36,0:02:00,142,Pj Rebel 
Dhaka North,Dhaka West,Joydebpur,M/S. A.M.I & Company,Joydebpur,30692,brdhk3404@ecrm-imsl,112B,BMTF Gate,Hassam Store,12689214,7/20/2025,"23.9893166, 90.381543",https://ecrm3-web-uploads.s3.ap-southeast-1.amazonaws.com/Production/ecrm/Audios/Survey/cmp-142/30692142_72013475541100.mp3,13:47:55,13:53:34,0:05:39,142,Pj Rebel 
Dhaka North,Dhaka West,Joydebpur,M/S. A.M.I & Company,Joydebpur,30692,brdhk3404@ecrm-imsl,112B,BMTF Gate,Hassam Store,12688031,7/20/2025,"23.9893166, 90.381543",https://ecrm3-web-uploads.s3.ap-southeast-1.amazonaws.com/Production/ecrm/Audios/Survey/cmp-142/30692142_720133633530100.mp3,13:36:32,13:41:45,0:05:13,142,Pj Rebel 
Dhaka North,Dhaka West,Joydebpur,M/S. A.M.I & Company,Joydebpur,27885,brdhk42813@ecrm-imsl,109B,Anondodhara S,Oishi Genaral Store,12687758,7/20/2025,"23.9892479, 90.3815401",https://ecrm3-web-uploads.s3.ap-southeast-1.amazonaws.com/Production/ecrm/Audios/Survey/cmp-142/27885142_72013321843100.mp3,13:32:18,13:39:04,0:06:46,142,Pj Rebel 
Dhaka North,Dhaka West,Joydebpur,M/S. A.M.I & Company,Joydebpur,27885,brdhk42813@ecrm-imsl,109B,Anondodhara S,Oishi Genaral Store,12689769,7/20/2025,"23.989287, 90.3815193",https://ecrm3-web-uploads.s3.ap-southeast-1.amazonaws.com/Production/ecrm/Audios/Survey/cmp-142/27885142_720135145585100.mp3,13:51:45,13:58:58,0:07:13,142,Pj Rebel 
Dhaka North,Dhaka West,Joydebpur,M/S. A.M.I & Company,Bashon,27642,brdhk6582@ecrm-imsl,207A,Vogra Bazar,Sojib Store,12689075,7/20/2025,"23.9748275, 90.371694",https://ecrm3-web-uploads.s3.ap-southeast-1.amazonaws.com/Production/ecrm/Audios/Survey/cmp-142/27642142_720134620370100.mp3,13:46:19,13:52:18,0:05:59,142,Pj Rebel 
Dhaka North,Dhaka West,Shafipur,M/S. A.M.I & Company,Shafipur,29925,brdhk2163@ecrm-imsl,307B,Rail Line Mor,Rojob Ali Store,12657339,7/20/2025,"24.0115946, 90.3220806",https://ecrm3-web-uploads.s3.ap-southeast-1.amazonaws.com/Production/ecrm/Audios/Survey/cmp-142/29925142_720083344103100.mp3,8:33:36,8:40:20,0:06:44,142,Pj Rebel 
Dhaka North,Dhaka West,Shafipur,M/S. A.M.I & Company,Shafipur,29925,brdhk2163@ecrm-imsl,307B,Rail Line Mor,Rojob Ali Store,12657390,7/20/2025,"24.0272795, 90.272994",https://ecrm3-web-uploads.s3.ap-southeast-1.amazonaws.com/Production/ecrm/Audios/Survey/cmp-142/29925142_720085354674100.mp3,8:53:54,9:00:14,0:06:20,142,Pj Rebel 
Dhaka North,Dhaka West,Shafipur,M/S. A.M.I & Company,Shafipur,29925,brdhk2163@ecrm-imsl,307B,Rail Line Mor,Rojob Ali Store,12657547,7/20/2025,"24.0274075, 90.2724639",https://ecrm3-web-uploads.s3.ap-southeast-1.amazonaws.com/Production/ecrm/Audios/Survey/cmp-142/29925142_720091245318100.mp3,9:12:45,9:19:54,0:07:09,142,Pj Rebel 
Dhaka North,Dhaka West,Shafipur,M/S. A.M.I & Company,Shafipur,29925,brdhk2163@ecrm-imsl,307B,Rail Line Mor,Rojob Ali Store,12657453,7/20/2025,"24.0274452, 90.2725675",https://ecrm3-web-uploads.s3.ap-southeast-1.amazonaws.com/Production/ecrm/Audios/Survey/cmp-142/29925142_720090409146100.mp3,9:04:10,9:11:02,0:06:52,142,Pj Rebel 
Dhaka North,Dhaka West,Shafipur,M/S. A.M.I & Company,Shafipur,29925,brdhk2163@ecrm-imsl,307B,Rail Line Mor,Rojob Ali Store,12659270,7/20/2025,"24.0271916, 90.2731077",https://ecrm3-web-uploads.s3.ap-southeast-1.amazonaws.com/Production/ecrm/Audios/Survey/cmp-142/29925142_720095615499100.mp3,9:56:15,10:02:04,0:05:49,142,Pj Rebel 
Dhaka North,Dhaka West,Joydebpur,M/S. A.M.I & Company,Joydebpur,1074,brdhk24@ecrm-imsl,107D,Bus Stand bazar road,Akhi Store,12704090,7/20/2025,"23.9893748, 90.3821533",https://ecrm3-web-uploads.s3.ap-southeast-1.amazonaws.com/Production/ecrm/Audios/Survey/cmp-142/1074142_720183009181100.mp3,18:30:09,18:35:10,0:05:01,142,Pj Rebel 
Dhaka North,Dhaka West,Shafipur,M/S. A.M.I & Company,Shafipur,29925,brdhk2163@ecrm-imsl,307B,Rail Line Mor,Rojob Ali Store,12657706,7/20/2025,"24.026856, 90.2733263",https://ecrm3-web-uploads.s3.ap-southeast-1.amazonaws.com/Production/ecrm/Audios/Survey/cmp-142/29925142_720092246861100.mp3,9:22:46,9:29:11,0:06:25,142,Pj Rebel 
Dhaka North,Dhaka West,Joydebpur,M/S. A.M.I & Company,Joydebpur,1074,brdhk24@ecrm-imsl,107D,Bus Stand bazar road,Akhi Store,12704007,7/20/2025,"23.9893829, 90.3821829",https://ecrm3-web-uploads.s3.ap-southeast-1.amazonaws.com/Production/ecrm/Audios/Survey/cmp-142/1074142_720182608583100.mp3,18:26:08,18:30:04,0:03:56,142,Pj Rebel 
Dhaka North,Dhaka West,Shafipur,M/S. A.M.I & Company,Shafipur,17354,samrathossen16073@ecrm-imsl,310B,Boroi Bari Bazar Road,Krishno Store,12681856,7/20/2025,"24.0307454, 90.2665371",https://ecrm3-web-uploads.s3.ap-southeast-1.amazonaws.com/Production/ecrm/Audios/Survey/cmp-142/17354142_7201248137100.mp3,12:48:11,12:51:04,0:02:53,142,Pj Rebel 
Dhaka North,Dhaka West,Shafipur,M/S. A.M.I & Company,Shafipur,17354,samrathossen16073@ecrm-imsl,310B,Boroi Bari Bazar Road,Krishno Store,12685778,7/20/2025,"24.0307454, 90.2665371",https://ecrm3-web-uploads.s3.ap-southeast-1.amazonaws.com/Production/ecrm/Audios/Survey/cmp-142/17354142_720131546256100.mp3,13:15:44,13:21:27,0:05:43,142,Pj Rebel 
Dhaka North,Dhaka West,Joydebpur,M/S. A.M.I & Company,Joydebpur,28544,brdhk1095@ecrm-imsl,110B,Deshi Para Road,Mayan Store,12698090,7/20/2025,"23.9954966, 90.4245544",https://ecrm3-web-uploads.s3.ap-southeast-1.amazonaws.com/Production/ecrm/Audios/Survey/cmp-142/28544142_720154827390100.mp3,15:48:26,15:54:24,0:05:58,142,Pj Rebel 
Dhaka North,Dhaka West,Joydebpur,M/S. A.M.I & Company,Bashon,27642,brdhk6582@ecrm-imsl,207A,Vogra Bazar,Golam Store,12691309,7/20/2025,"23.9748264, 90.3716944",https://ecrm3-web-uploads.s3.ap-southeast-1.amazonaws.com/Production/ecrm/Audios/Survey/cmp-142/27642142_720140929335100.mp3,14:09:27,14:15:14,0:05:47,142,Pj Rebel 
Dhaka North,Dhaka West,Joydebpur,M/S. A.M.I & Company,Joydebpur,19148,brdhk19148@ecrm-imsl,108B,Jamtola Bazar,Kadir Store,12663689,7/20/2025,"23.9928008, 90.425143",https://ecrm3-web-uploads.s3.ap-southeast-1.amazonaws.com/Production/ecrm/Audios/Survey/cmp-142/19148142_720104316584100.mp3,10:43:16,10:45:25,0:02:09,142,Pj Rebel 
Dhaka North,Dhaka West,Joydebpur,M/S. A.M.I & Company,Joydebpur,19148,brdhk19148@ecrm-imsl,108B,Jamtola Bazar,Kadir Store,12667377,7/20/2025,"23.9929175, 90.4250899",https://ecrm3-web-uploads.s3.ap-southeast-1.amazonaws.com/Production/ecrm/Audios/Survey/cmp-142/19148142_720110555323100.mp3,11:05:52,11:12:15,0:06:23,142,Pj Rebel 
Dhaka North,Dhaka West,Shafipur,M/S. A.M.I & Company,Shafipur,29862,brdhk9140@ecrm-ims,310B,Boroi Bari C,Mosaraf Store,12702785,7/20/2025,"24.011183, 90.3204243",https://ecrm3-web-uploads.s3.ap-southeast-1.amazonaws.com/Production/ecrm/Audios/Survey/cmp-142/29862142_720173235892100.mp3,17:32:34,17:35:05,0:02:31,142,Pj Rebel 
Dhaka North,Dhaka West,Shafipur,M/S. A.M.I & Company,Shafipur,29862,brdhk9140@ecrm-ims,310B,Boroi Bari C,Mosaraf Store,12703011,7/20/2025,"24.011183, 90.3204243",https://ecrm3-web-uploads.s3.ap-southeast-1.amazonaws.com/Production/ecrm/Audios/Survey/cmp-142/29862142_72017381414100.mp3,17:38:12,17:41:46,0:03:34,142,Pj Rebel 
Dhaka North,Dhaka West,Shafipur,M/S. A.M.I & Company,Shafipur,29862,brdhk9140@ecrm-ims,310B,Boroi Bari C,Mosaraf Store,12703168,7/20/2025,"24.011183, 90.3204243",https://ecrm3-web-uploads.s3.ap-southeast-1.amazonaws.com/Production/ecrm/Audios/Survey/cmp-142/29862142_720174338817100.mp3,17:43:35,17:46:44,0:03:09,142,Pj Rebel 
Dhaka North,Dhaka West,Shafipur,M/S. A.M.I & Company,Shafipur,29862,brdhk9140@ecrm-ims,310B,Boroi Bari C,Mosaraf Store,12702415,7/20/2025,"24.011183, 90.3204243",https://ecrm3-web-uploads.s3.ap-southeast-1.amazonaws.com/Production/ecrm/Audios/Survey/cmp-142/29862142_720172104117100.mp3,17:21:01,17:23:47,0:02:46,142,Pj Rebel 
Dhaka North,Dhaka West,Joydebpur,M/S. A.M.I & Company,Joydebpur,28544,brdhk1095@ecrm-imsl,110B,"Akota super market,DUET",Bismilla Store,12659654,7/20/2025,"23.9999633, 90.4284949",https://ecrm3-web-uploads.s3.ap-southeast-1.amazonaws.com/Production/ecrm/Audios/Survey/cmp-142/28544142_720100306177100.mp3,10:03:06,10:07:09,0:04:03,142,Pj Rebel 
Dhaka North,Dhaka West,Joydebpur,M/S. A.M.I & Company,Joydebpur,28544,brdhk1095@ecrm-imsl,110B,"Akota super market,DUET",Bismilla Store,12661023,7/20/2025,"23.9997418, 90.4285369",https://ecrm3-web-uploads.s3.ap-southeast-1.amazonaws.com/Production/ecrm/Audios/Survey/cmp-142/28544142_72010184270100.mp3,10:18:41,10:22:25,0:03:44,142,Pj Rebel 
Dhaka North,Dhaka West,Joydebpur,M/S. A.M.I & Company,Joydebpur,28544,brdhk1095@ecrm-imsl,110B,"Akota super market,DUET",Bismilla Store,12662494,7/20/2025,"23.9997415, 90.4285498",https://ecrm3-web-uploads.s3.ap-southeast-1.amazonaws.com/Production/ecrm/Audios/Survey/cmp-142/28544142_720103035878100.mp3,10:30:34,10:35:46,0:05:12,142,Pj Rebel 
Dhaka North,Dhaka West,Shafipur,M/S. A.M.I & Company,Shafipur,29862,brdhk9140@ecrm-ims,310B,Boroi Bari C,Sujon Store,12702858,7/20/2025,"24.011183, 90.3204243",https://ecrm3-web-uploads.s3.ap-southeast-1.amazonaws.com/Production/ecrm/Audios/Survey/cmp-142/29862142_720173514223100.mp3,17:35:12,17:37:35,0:02:23,142,Pj Rebel 
Dhaka North,Dhaka West,Shafipur,M/S. A.M.I & Company,Shafipur,11467,md.anikhossain10294@ecrm-imsl,306A,Korian Gate,Forid Store,12685976,7/20/2025,"24.0259316, 90.2769678",https://ecrm3-web-uploads.s3.ap-southeast-1.amazonaws.com/Production/ecrm/Audios/Survey/cmp-142/11467142_720132008392100.mp3,13:20:07,13:22:47,0:02:40,142,Pj Rebel 
Dhaka North,Dhaka West,Shafipur,M/S. A.M.I & Company,Shafipur,11467,md.anikhossain10294@ecrm-imsl,306A,Korian Gate,Forid Store,12684874,7/20/2025,"24.0259316, 90.2769678",https://ecrm3-web-uploads.s3.ap-southeast-1.amazonaws.com/Production/ecrm/Audios/Survey/cmp-142/11467142_720130442865100.mp3,13:04:41,13:13:38,0:08:57,142,Pj Rebel 
Dhaka North,Dhaka West,Shafipur,M/S. A.M.I & Company,Shafipur,11467,md.anikhossain10294@ecrm-imsl,306A,Korian Gate,Forid Store,12685602,7/20/2025,"24.0259316, 90.2769678",https://ecrm3-web-uploads.s3.ap-southeast-1.amazonaws.com/Production/ecrm/Audios/Survey/cmp-142/11467142_720131348458100.mp3,13:13:47,13:19:51,0:06:04,142,Pj Rebel 
Dhaka North,Dhaka West,Shafipur,M/S. A.M.I & Company,Shafipur,11467,md.anikhossain10294@ecrm-imsl,306A,Korian Gate,Forid Store,12686831,7/20/2025,"24.0259316, 90.2769678",https://ecrm3-web-uploads.s3.ap-southeast-1.amazonaws.com/Production/ecrm/Audios/Survey/cmp-142/11467142_720132300764100.mp3,13:22:59,13:30:15,0:07:16,142,Pj Rebel 
Dhaka North,Dhaka West,Joydebpur,M/S. A.M.I & Company,Joydebpur,32950,brdhk9769@ecrm-ims,102A,Harinal Road,Al-Mamun Store,12700887,7/20/2025,"23.9792187, 90.4424248",https://ecrm3-web-uploads.s3.ap-southeast-1.amazonaws.com/Production/ecrm/Audios/Survey/cmp-142/32950142_720164242636100.mp3,16:42:40,16:46:23,0:03:43,142,Pj Rebel 
Dhaka North,Dhaka West,Joydebpur,M/S. A.M.I & Company,Joydebpur,32950,brdhk9769@ecrm-ims,102A,Harinal Road,Al-Mamun Store,12673367,7/20/2025,"23.9928025, 90.4250621",https://ecrm3-web-uploads.s3.ap-southeast-1.amazonaws.com/Production/ecrm/Audios/Survey/cmp-142/32950142_720114842197100.mp3,11:48:36,11:52:39,0:04:03,142,Pj Rebel 
Dhaka North,Dhaka West,Joydebpur,M/S. A.M.I & Company,Joydebpur,32950,brdhk9769@ecrm-ims,102A,Harinal Road,Al-Mamun Store,12701743,7/20/2025,"23.9792187, 90.4424248",https://ecrm3-web-uploads.s3.ap-southeast-1.amazonaws.com/Production/ecrm/Audios/Survey/cmp-142/32950142_720164646580100.mp3,16:46:38,17:05:12,0:18:34,142,Pj Rebel 
Chittagong,Feni,Maijdee,M/S Sanjib Mazumder,Maijdee,867,marufhossainbrctg269@ecrm-ims,402B,Powro Sova Hall,Bahar Store,12683962,7/20/2025,"22.864606, 91.0968451",https://ecrm3-web-uploads.s3.ap-southeast-1.amazonaws.com/Production/ecrm/Audios/Survey/cmp-142/867142_720125456489100.mp3,12:59:54,13:01:35,0:01:41,142,Pj Rebel 
Chittagong,Feni,Maijdee,M/S Sanjib Mazumder,Maijdee,867,marufhossainbrctg269@ecrm-ims,402B,Powro Sova Hall,Bahar Store,12686330,7/20/2025,"22.8650808, 91.096958",https://ecrm3-web-uploads.s3.ap-southeast-1.amazonaws.com/Production/ecrm/Audios/Survey/cmp-142/867142_720130733350100.mp3,13:12:33,13:20:51,0:08:18,142,Pj Rebel 
Dhaka North,Dhaka West,Joydebpur,M/S. A.M.I & Company,Bashon,27642,brdhk6582@ecrm-imsl,207A,Vogra Bazar,Joshim Store,12690780,7/20/2025,"23.9748264, 90.3716944",https://ecrm3-web-uploads.s3.ap-southeast-1.amazonaws.com/Production/ecrm/Audios/Survey/cmp-142/27642142_720140259433100.mp3,14:02:58,14:09:16,0:06:18,142,Pj Rebel 
Chittagong,Feni,Maijdee,M/S Sanjib Mazumder,Maijdee,867,marufhossainbrctg269@ecrm-ims,402B,Powro Sova Hall,Bahar Store,12697623,7/20/2025,"22.8645696, 91.0968789",https://ecrm3-web-uploads.s3.ap-southeast-1.amazonaws.com/Production/ecrm/Audios/Survey/cmp-142/867142_72015332948100.mp3,15:33:25,15:45:29,0:12:04,142,Pj Rebel 
Chittagong,Feni,Maijdee,M/S Sanjib Mazumder,Maijdee,867,marufhossainbrctg269@ecrm-ims,402B,Powro Sova Hall,Bahar Store,12683007,7/20/2025,"22.8648668, 91.0969367",https://ecrm3-web-uploads.s3.ap-southeast-1.amazonaws.com/Production/ecrm/Audios/Survey/cmp-142/867142_72012482853100.mp3,12:48:26,12:54:11,0:05:45,142,Pj Rebel 
Chittagong,Feni,Maijdee,M/S Sanjib Mazumder,Maijdee,867,marufhossainbrctg269@ecrm-ims,402B,Powro Sova Hall,Bahar Store,12684719,7/20/2025,"22.864857, 91.0968398",https://ecrm3-web-uploads.s3.ap-southeast-1.amazonaws.com/Production/ecrm/Audios/Survey/cmp-142/867142_720130153187100.mp3,13:01:50,13:12:25,0:10:35,142,Pj Rebel 
Dhaka North,Dhaka West,Joydebpur,M/S. A.M.I & Company,Bashon,9294,brdhk9294@ecrm-imsl,210A,Hazi Market M Goli,Modina Store,12683878,7/20/2025,"23.9750083, 90.3716828",https://ecrm3-web-uploads.s3.ap-southeast-1.amazonaws.com/Production/ecrm/Audios/Survey/cmp-142/9294142_720125539105100.mp3,12:55:33,13:06:00,0:10:27,142,Pj Rebel 
Dhaka North,Dhaka West,Joydebpur,M/S. A.M.I & Company,Bashon,9294,brdhk9294@ecrm-imsl,210A,Hazi Market M Goli,Modina Store,12691739,7/20/2025,"23.9749228, 90.37154",https://ecrm3-web-uploads.s3.ap-southeast-1.amazonaws.com/Production/ecrm/Audios/Survey/cmp-142/9294142_720141253620100.mp3,14:12:48,14:19:49,0:07:01,142,Pj Rebel 
Dhaka North,Dhaka West,Joydebpur,M/S. A.M.I & Company,Bashon,9294,brdhk9294@ecrm-imsl,210A,Hazi Market M Goli,Modina Store,12663168,7/20/2025,"23.9749637, 90.371528",https://ecrm3-web-uploads.s3.ap-southeast-1.amazonaws.com/Production/ecrm/Audios/Survey/cmp-142/9294142_72010353048100.mp3,10:35:29,10:41:13,0:05:44,142,Pj Rebel 
Dhaka North,Dhaka West,Joydebpur,M/S. A.M.I & Company,Bashon,9294,brdhk9294@ecrm-imsl,210A,Hazi Market M Goli,Modina Store,12690372,7/20/2025,"23.9749202, 90.3715186",https://ecrm3-web-uploads.s3.ap-southeast-1.amazonaws.com/Production/ecrm/Audios/Survey/cmp-142/9294142_72013581275100.mp3,13:58:11,14:05:06,0:06:55,142,Pj Rebel 
Dhaka North,Dhaka West,Joydebpur,M/S. A.M.I & Company,Joydebpur,28544,brdhk1095@ecrm-imsl,110B,"Akota super market,DUET",Jillu Store,12671555,7/20/2025,"23.999734, 90.4285355",https://ecrm3-web-uploads.s3.ap-southeast-1.amazonaws.com/Production/ecrm/Audios/Survey/cmp-142/28544142_720113551871100.mp3,11:35:48,11:40:45,0:04:57,142,Pj Rebel 
Dhaka North,Dhaka West,Mawna,M/S. A.M.I & Company,Mawna,25897,brdhk25444@ecrm-imsl,407B,Bapari Bari,Nadim Store,12681406,7/20/2025,"24.1918072, 90.4469753",https://ecrm3-web-uploads.s3.ap-southeast-1.amazonaws.com/Production/ecrm/Audios/Survey/cmp-142/25897142_720124410327100.mp3,12:44:10,12:47:55,0:03:45,142,Pj Rebel 
Dhaka North,Dhaka West,Mawna,M/S. A.M.I & Company,Mawna,25897,brdhk25444@ecrm-imsl,407B,Bapari Bari,Nadim Store,12682210,7/20/2025,"24.1916101, 90.4465563",https://ecrm3-web-uploads.s3.ap-southeast-1.amazonaws.com/Production/ecrm/Audios/Survey/cmp-142/25897142_720124950321100.mp3,12:49:42,12:53:33,0:03:51,142,Pj Rebel 
Dhaka North,Dhaka West,Mawna,M/S. A.M.I & Company,Mawna,25897,brdhk25444@ecrm-imsl,407B,Bapari Bari,Nadim Store,12682780,7/20/2025,"24.1916101, 90.4465563",https://ecrm3-web-uploads.s3.ap-southeast-1.amazonaws.com/Production/ecrm/Audios/Survey/cmp-142/25897142_720125358403100.mp3,12:53:57,12:57:35,0:03:38,142,Pj Rebel 
Dhaka North,Dhaka West,Mawna,M/S. A.M.I & Company,Mawna,25897,brdhk25444@ecrm-imsl,407B,Bapari Bari,Nadim Store,12686777,7/20/2025,"24.1916101, 90.4465563",https://ecrm3-web-uploads.s3.ap-southeast-1.amazonaws.com/Production/ecrm/Audios/Survey/cmp-142/25897142_720132358179100.mp3,13:23:55,13:29:51,0:05:56,142,Pj Rebel 
Dhaka North,Dhaka West,Mawna,M/S. A.M.I & Company,Mawna,25897,brdhk25444@ecrm-imsl,407B,Bapari Bari,Nadim Store,12680458,7/20/2025,"24.1925311, 90.4506224",https://ecrm3-web-uploads.s3.ap-southeast-1.amazonaws.com/Production/ecrm/Audios/Survey/cmp-142/25897142_72012211396100.mp3,12:21:02,12:41:08,0:20:06,142,Pj Rebel 
Dhaka North,Dhaka West,Mawna,M/S. A.M.I & Company,Mawna,25897,brdhk25444@ecrm-imsl,407B,Bapari Bari,Nadim Store,12680863,7/20/2025,"24.1918103, 90.447007",https://ecrm3-web-uploads.s3.ap-southeast-1.amazonaws.com/Production/ecrm/Audios/Survey/cmp-142/25897142_720124117219100.mp3,12:41:16,12:44:01,0:02:45,142,Pj Rebel 
Dhaka North,Dhaka West,Shafipur,M/S. A.M.I & Company,Shafipur,17354,samrathossen16073@ecrm-imsl,310B,Boroi Bari Bazar Road,Ma Store,12684593,7/20/2025,"24.0307454, 90.2665371",https://ecrm3-web-uploads.s3.ap-southeast-1.amazonaws.com/Production/ecrm/Audios/Survey/cmp-142/17354142_72013074562100.mp3,13:07:43,13:11:25,0:03:42,142,Pj Rebel 
Dhaka North,Dhaka West,Joydebpur,M/S. A.M.I & Company,Joydebpur,28544,brdhk1095@ecrm-imsl,110B,"Akota super market,DUET",Kabir Store,12668229,7/20/2025,"23.999734, 90.4285355",https://ecrm3-web-uploads.s3.ap-southeast-1.amazonaws.com/Production/ecrm/Audios/Survey/cmp-142/28544142_72011142379100.mp3,11:14:21,11:18:18,0:03:57,142,Pj Rebel 
Dhaka North,Dhaka West,Mawna,M/S. A.M.I & Company,Mawna,27979,brdhk9865@ecrm-imsl,408B,Jonakir More,Saizul Store,12693818,7/20/2025,"24.1985389, 90.4793674",https://ecrm3-web-uploads.s3.ap-southeast-1.amazonaws.com/Production/ecrm/Audios/Survey/cmp-143/27979143_720143208863100.mp3,14:32:09,14:45:04,0:12:55,143,PJ Rebel Luckies
Dhaka North,Dhaka West,Mawna,M/S. A.M.I & Company,Mawna,27979,brdhk9865@ecrm-imsl,408B,Jonakir More,Saizul Store,12694185,7/20/2025,"24.1992342, 90.479213",https://ecrm3-web-uploads.s3.ap-southeast-1.amazonaws.com/Production/ecrm/Audios/Survey/cmp-143/27979143_720144508199100.mp3,14:45:08,14:50:07,0:04:59,143,PJ Rebel Luckies
Dhaka North,Dhaka West,Mawna,M/S. A.M.I & Company,Mawna,27979,brdhk9865@ecrm-imsl,408B,Jonakir More,Saizul Store,12699753,7/20/2025,"24.199481, 90.4798932",https://ecrm3-web-uploads.s3.ap-southeast-1.amazonaws.com/Production/ecrm/Audios/Survey/cmp-143/27979143_720161928194100.mp3,16:19:28,16:24:39,0:05:11,143,PJ Rebel Luckies
Dhaka North,Dhaka West,Mawna,M/S. A.M.I & Company,Mawna,27979,brdhk9865@ecrm-imsl,408B,Jonakir More,Saizul Store,12701036,7/20/2025,"24.199466, 90.4794524",https://ecrm3-web-uploads.s3.ap-southeast-1.amazonaws.com/Production/ecrm/Audios/Survey/cmp-143/27979143_720164418465100.mp3,16:44:19,16:49:20,0:05:01,143,PJ Rebel Luckies
Dhaka North,Dhaka West,Mawna,M/S. A.M.I & Company,Mawna,27979,brdhk9865@ecrm-imsl,408B,Jonakir More,Saizul Store,12701489,7/20/2025,"24.1995699, 90.4793181",https://ecrm3-web-uploads.s3.ap-southeast-1.amazonaws.com/Production/ecrm/Audios/Survey/cmp-143/27979143_720165006571100.mp3,16:50:05,16:59:48,0:09:43,143,PJ Rebel Luckies
Dhaka North,Dhaka West,Mawna,M/S. A.M.I & Company,Mawna,27979,brdhk9865@ecrm-imsl,408B,Jonakir More,Saizul Store,12702863,7/20/2025,"24.1998082, 90.4796203",https://ecrm3-web-uploads.s3.ap-southeast-1.amazonaws.com/Production/ecrm/Audios/Survey/cmp-143/27979143_720173200698100.mp3,17:32:00,17:38:14,0:06:14,143,PJ Rebel Luckies
Dhaka North,Dhaka West,Mawna,M/S. A.M.I & Company,Mawna,27979,brdhk9865@ecrm-imsl,408B,Jonakir More,Saizul Store,12703643,7/20/2025,"24.1996454, 90.4794672",https://ecrm3-web-uploads.s3.ap-southeast-1.amazonaws.com/Production/ecrm/Audios/Survey/cmp-143/27979143_72017565090100.mp3,17:56:52,18:08:53,0:12:01,143,PJ Rebel Luckies
Dhaka North,Dhaka West,Mawna,M/S. A.M.I & Company,Mawna,27979,brdhk9865@ecrm-imsl,408B,Jonakir More,Saizul Store,12703828,7/20/2025,"24.1992159, 90.4791735",https://ecrm3-web-uploads.s3.ap-southeast-1.amazonaws.com/Production/ecrm/Audios/Survey/cmp-143/27979143_720181327264100.mp3,18:13:28,18:19:24,0:05:56,143,PJ Rebel Luckies
Dhaka North,Dhaka West,Mawna,M/S. A.M.I & Company,Mawna,27979,brdhk9865@ecrm-imsl,408B,Jonakir More,Saizul Store,12703918,7/20/2025,"24.1988469, 90.4794044",https://ecrm3-web-uploads.s3.ap-southeast-1.amazonaws.com/Production/ecrm/Audios/Survey/cmp-143/27979143_720181927848100.mp3,18:19:29,18:24:25,0:04:56,143,PJ Rebel Luckies
Dhaka North,Dhaka West,Mawna,M/S. A.M.I & Company,Mawna,27979,brdhk9865@ecrm-imsl,408B,Jonakir More,Saizul Store,12704064,7/20/2025,"24.1986635, 90.4795572",https://ecrm3-web-uploads.s3.ap-southeast-1.amazonaws.com/Production/ecrm/Audios/Survey/cmp-143/27979143_720182429153100.mp3,18:24:30,18:32:26,0:07:56,143,PJ Rebel Luckies
Dhaka North,Dhaka West,Mawna,M/S. A.M.I & Company,Mawna,27979,brdhk9865@ecrm-imsl,408B,Jonakir More,Saizul Store,12704358,7/20/2025,"24.1990034, 90.4789681",https://ecrm3-web-uploads.s3.ap-southeast-1.amazonaws.com/Production/ecrm/Audios/Survey/cmp-143/27979143_720183622772100.mp3,18:36:19,18:56:03,0:19:44,143,PJ Rebel Luckies
Dhaka North,Dhaka West,Mawna,M/S. A.M.I & Company,Mawna,27979,brdhk9865@ecrm-imsl,408B,Jonakir More,Saizul Store,12671132,7/20/2025,"24.196852, 90.4786828",https://ecrm3-web-uploads.s3.ap-southeast-1.amazonaws.com/Production/ecrm/Audios/Survey/cmp-143/27979143_720113226791100.mp3,11:32:27,11:37:52,0:05:25,143,PJ Rebel Luckies
Dhaka North,Dhaka West,Mawna,M/S. A.M.I & Company,Mawna,27979,brdhk9865@ecrm-imsl,408B,Jonakir More,Saizul Store,12670302,7/20/2025,"24.1969446, 90.478646",https://ecrm3-web-uploads.s3.ap-southeast-1.amazonaws.com/Production/ecrm/Audios/Survey/cmp-143/27979143_720112802611100.mp3,11:28:03,11:32:22,0:04:19,143,PJ Rebel Luckies
Dhaka North,Dhaka West,Mawna,M/S. A.M.I & Company,Mawna,27979,brdhk9865@ecrm-imsl,408B,Jonakir More,Saizul Store,12679841,7/20/2025,"24.1992324, 90.4791956",https://ecrm3-web-uploads.s3.ap-southeast-1.amazonaws.com/Production/ecrm/Audios/Survey/cmp-143/27979143_720122720163100.mp3,12:27:21,12:36:45,0:09:24,143,PJ Rebel Luckies
Dhaka North,Dhaka West,Mawna,M/S. A.M.I & Company,Mawna,27979,brdhk9865@ecrm-imsl,408B,Jonakir More,Saizul Store,12695099,7/20/2025,"24.1992169, 90.4792035",https://ecrm3-web-uploads.s3.ap-southeast-1.amazonaws.com/Production/ecrm/Audios/Survey/cmp-143/27979143_720145802653100.mp3,14:58:03,15:02:37,0:04:34,143,PJ Rebel Luckies
Dhaka North,Dhaka West,Mawna,M/S. A.M.I & Company,Mawna,27979,brdhk9865@ecrm-imsl,408B,Jonakir More,Saizul Store,12700778,7/20/2025,"24.1996743, 90.4793392",https://ecrm3-web-uploads.s3.ap-southeast-1.amazonaws.com/Production/ecrm/Audios/Survey/cmp-143/27979143_720163108466100.mp3,16:24:51,16:44:14,0:19:23,143,PJ Rebel Luckies
Dhaka North,Dhaka West,Mawna,M/S. A.M.I & Company,Mawna,27979,brdhk9865@ecrm-imsl,408B,Jonakir More,Saizul Store,12701890,7/20/2025,"24.1983391, 90.4796555",https://ecrm3-web-uploads.s3.ap-southeast-1.amazonaws.com/Production/ecrm/Audios/Survey/cmp-143/27979143_720170027626100.mp3,17:00:25,17:08:53,0:08:28,143,PJ Rebel Luckies
Dhaka North,Dhaka West,Mawna,M/S. A.M.I & Company,Mawna,27979,brdhk9865@ecrm-imsl,408B,Jonakir More,Saizul Store,12702277,7/20/2025,"24.1996364, 90.4802614",https://ecrm3-web-uploads.s3.ap-southeast-1.amazonaws.com/Production/ecrm/Audios/Survey/cmp-143/27979143_720171318610100.mp3,17:13:15,17:19:19,0:06:04,143,PJ Rebel Luckies
Dhaka North,Dhaka West,Mawna,M/S. A.M.I & Company,Mawna,27979,brdhk9865@ecrm-imsl,408B,Jonakir More,Saizul Store,12703333,7/20/2025,"24.1994929, 90.4795325",https://ecrm3-web-uploads.s3.ap-southeast-1.amazonaws.com/Production/ecrm/Audios/Survey/cmp-143/27979143_720174217140100.mp3,17:42:15,17:55:23,0:13:08,143,PJ Rebel Luckies
Dhaka North,Dhaka West,Mawna,M/S. A.M.I & Company,Mawna,27979,brdhk9865@ecrm-imsl,408B,Jonakir More,Saizul Store,12703717,7/20/2025,"24.1992361, 90.479207",https://ecrm3-web-uploads.s3.ap-southeast-1.amazonaws.com/Production/ecrm/Audios/Survey/cmp-143/27979143_720180903813100.mp3,18:09:05,18:13:24,0:04:19,143,PJ Rebel Luckies
Dhaka North,Dhaka West,Joydebpur,M/S. A.M.I & Company,Joydebpur,1074,brdhk24@ecrm-imsl,107D,Bus Stand,Afia Tea Store,12666193,7/20/2025,"24.0000779, 90.4298112",https://ecrm3-web-uploads.s3.ap-southeast-1.amazonaws.com/Production/ecrm/Audios/Survey/cmp-143/1074143_720105849553100.mp3,10:58:48,11:04:09,0:05:21,143,PJ Rebel Luckies
Dhaka North,Dhaka West,Joydebpur,M/S. A.M.I & Company,Joydebpur,1074,brdhk24@ecrm-imsl,107D,Bus Stand,Afia Tea Store,12669940,7/20/2025,"24.0004579, 90.4307567",https://ecrm3-web-uploads.s3.ap-southeast-1.amazonaws.com/Production/ecrm/Audios/Survey/cmp-143/1074143_720112412453100.mp3,11:24:11,11:30:06,0:05:55,143,PJ Rebel Luckies
Dhaka North,Dhaka West,Joydebpur,M/S. A.M.I & Company,Joydebpur,1074,brdhk24@ecrm-imsl,107D,Bus Stand,Afia Tea Store,12673514,7/20/2025,"24.0000909, 90.429858",https://ecrm3-web-uploads.s3.ap-southeast-1.amazonaws.com/Production/ecrm/Audios/Survey/cmp-143/1074143_720114619773100.mp3,11:46:17,11:53:40,0:07:23,143,PJ Rebel Luckies
Dhaka North,Dhaka West,Joydebpur,M/S. A.M.I & Company,Joydebpur,1074,brdhk24@ecrm-imsl,107D,Bus Stand,Afia Tea Store,12682765,7/20/2025,"23.9893543, 90.381378",https://ecrm3-web-uploads.s3.ap-southeast-1.amazonaws.com/Production/ecrm/Audios/Survey/cmp-143/1074143_720125136504100.mp3,12:51:36,12:57:27,0:05:51,143,PJ Rebel Luckies
Dhaka North,Dhaka West,Joydebpur,M/S. A.M.I & Company,Joydebpur,1074,brdhk24@ecrm-imsl,107D,Bus Stand,Afia Tea Store,12684262,7/20/2025,"23.9893174, 90.3815503",https://ecrm3-web-uploads.s3.ap-southeast-1.amazonaws.com/Production/ecrm/Audios/Survey/cmp-143/1074143_720130350304100.mp3,13:03:51,13:09:03,0:05:12,143,PJ Rebel Luckies
Dhaka North,Dhaka West,Joydebpur,M/S. A.M.I & Company,Joydebpur,1074,brdhk24@ecrm-imsl,107D,Bus Stand,Afia Tea Store,12689579,7/20/2025,"23.9896291, 90.3822997",https://ecrm3-web-uploads.s3.ap-southeast-1.amazonaws.com/Production/ecrm/Audios/Survey/cmp-143/1074143_720135121494100.mp3,13:51:21,13:57:07,0:05:46,143,PJ Rebel Luckies
Dhaka North,Dhaka West,Joydebpur,M/S. A.M.I & Company,Joydebpur,1074,brdhk24@ecrm-imsl,107D,Bus Stand,Afia Tea Store,12690907,7/20/2025,"23.9897041, 90.3822597",https://ecrm3-web-uploads.s3.ap-southeast-1.amazonaws.com/Production/ecrm/Audios/Survey/cmp-143/1074143_720135733614100.mp3,13:57:33,14:10:40,0:13:07,143,PJ Rebel Luckies
Dhaka North,Dhaka West,Joydebpur,M/S. A.M.I & Company,Joydebpur,1074,brdhk24@ecrm-imsl,107D,Bus Stand,Afia Tea Store,12692140,7/20/2025,"23.9898178, 90.3823842",https://ecrm3-web-uploads.s3.ap-southeast-1.amazonaws.com/Production/ecrm/Audios/Survey/cmp-143/1074143_720141607402100.mp3,14:16:05,14:24:23,0:08:18,143,PJ Rebel Luckies
Dhaka North,Dhaka West,Joydebpur,M/S. A.M.I & Company,Joydebpur,28544,brdhk1095@ecrm-imsl,110B,Deshi Para Road,Roton Store,12696013,7/20/2025,"23.9928273, 90.425146",https://ecrm3-web-uploads.s3.ap-southeast-1.amazonaws.com/Production/ecrm/Audios/Survey/cmp-143/28544143_720150933638100.mp3,15:09:27,15:16:31,0:07:04,143,PJ Rebel Luckies
Dhaka North,Dhaka West,Joydebpur,M/S. A.M.I & Company,Joydebpur,1074,brdhk24@ecrm-imsl,107D,Bus Stand,Afia Tea Store,12703454,7/20/2025,"23.989711, 90.3821737",https://ecrm3-web-uploads.s3.ap-southeast-1.amazonaws.com/Production/ecrm/Audios/Survey/cmp-143/1074143_720175422871100.mp3,17:54:21,18:00:07,0:05:46,143,PJ Rebel Luckies
Dhaka North,Dhaka West,Joydebpur,M/S. A.M.I & Company,Joydebpur,1074,brdhk24@ecrm-imsl,107D,Bus Stand,Afia Tea Store,12663392,7/20/2025,"24.0000096, 90.4299046",https://ecrm3-web-uploads.s3.ap-southeast-1.amazonaws.com/Production/ecrm/Audios/Survey/cmp-143/1074143_720103553606100.mp3,10:35:53,10:43:10,0:07:17,143,PJ Rebel Luckies
Dhaka North,Dhaka West,Joydebpur,M/S. A.M.I & Company,Joydebpur,1074,brdhk24@ecrm-imsl,107D,Bus Stand,Afia Tea Store,12668273,7/20/2025,"24.0004149, 90.4296728",https://ecrm3-web-uploads.s3.ap-southeast-1.amazonaws.com/Production/ecrm/Audios/Survey/cmp-143/1074143_720111225669100.mp3,11:12:25,11:18:39,0:06:14,143,PJ Rebel Luckies
Dhaka North,Dhaka West,Joydebpur,M/S. A.M.I & Company,Joydebpur,1074,brdhk24@ecrm-imsl,107D,Bus Stand,Afia Tea Store,12683591,7/20/2025,"23.9892978, 90.3815399",https://ecrm3-web-uploads.s3.ap-southeast-1.amazonaws.com/Production/ecrm/Audios/Survey/cmp-143/1074143_720125731238100.mp3,12:57:31,13:03:47,0:06:16,143,PJ Rebel Luckies
Dhaka North,Dhaka West,Joydebpur,M/S. A.M.I & Company,Joydebpur,1074,brdhk24@ecrm-imsl,107D,Bus Stand,Afia Tea Store,12685200,7/20/2025,"23.9893325, 90.3815174",https://ecrm3-web-uploads.s3.ap-southeast-1.amazonaws.com/Production/ecrm/Audios/Survey/cmp-143/1074143_720130906464100.mp3,13:09:06,13:16:21,0:07:15,143,PJ Rebel Luckies
Dhaka North,Dhaka West,Joydebpur,M/S. A.M.I & Company,Joydebpur,1074,brdhk24@ecrm-imsl,107D,Bus Stand,Afia Tea Store,12687345,7/20/2025,"23.9892617, 90.3816377",https://ecrm3-web-uploads.s3.ap-southeast-1.amazonaws.com/Production/ecrm/Audios/Survey/cmp-143/1074143_720132911799100.mp3,13:29:11,13:35:08,0:05:57,143,PJ Rebel Luckies
Dhaka North,Dhaka West,Joydebpur,M/S. A.M.I & Company,Joydebpur,1074,brdhk24@ecrm-imsl,107D,Bus Stand,Afia Tea Store,12687975,7/20/2025,"23.98942, 90.3821885",https://ecrm3-web-uploads.s3.ap-southeast-1.amazonaws.com/Production/ecrm/Audios/Survey/cmp-143/1074143_720133511155100.mp3,13:35:11,13:41:15,0:06:04,143,PJ Rebel Luckies
Dhaka North,Dhaka West,Joydebpur,M/S. A.M.I & Company,Joydebpur,28544,brdhk1095@ecrm-imsl,110B,Deshi Para Road,Roton Store,12696420,7/20/2025,"23.9928282, 90.4251596",https://ecrm3-web-uploads.s3.ap-southeast-1.amazonaws.com/Production/ecrm/Audios/Survey/cmp-143/28544143_720151729328100.mp3,15:17:29,15:23:21,0:05:52,143,PJ Rebel Luckies
Dhaka North,Dhaka West,Joydebpur,M/S. A.M.I & Company,Joydebpur,1074,brdhk24@ecrm-imsl,107D,Bus Stand,Afia Tea Store,12703079,7/20/2025,"23.9897743, 90.3824573",https://ecrm3-web-uploads.s3.ap-southeast-1.amazonaws.com/Production/ecrm/Audios/Survey/cmp-143/1074143_720174007656100.mp3,17:40:08,17:46:04,0:05:56,143,PJ Rebel Luckies
Dhaka North,Dhaka West,Joydebpur,M/S. A.M.I & Company,Joydebpur,1074,brdhk24@ecrm-imsl,107D,Bus Stand,Afia Tea Store,12659312,7/20/2025,"24.0000821, 90.4298405",https://ecrm3-web-uploads.s3.ap-southeast-1.amazonaws.com/Production/ecrm/Audios/Survey/cmp-143/1074143_720095020425100.mp3,9:50:19,10:02:37,0:12:18,143,PJ Rebel Luckies
Dhaka North,Dhaka West,Joydebpur,M/S. A.M.I & Company,Joydebpur,1074,brdhk24@ecrm-imsl,107D,Bus Stand,Afia Tea Store,12669067,7/20/2025,"24.0004002, 90.4307481",https://ecrm3-web-uploads.s3.ap-southeast-1.amazonaws.com/Production/ecrm/Audios/Survey/cmp-143/1074143_720111843452100.mp3,11:18:44,11:24:07,0:05:23,143,PJ Rebel Luckies
Dhaka North,Dhaka West,Joydebpur,M/S. A.M.I & Company,Joydebpur,1074,brdhk24@ecrm-imsl,107D,Bus Stand,Afia Tea Store,12667123,7/20/2025,"24.0004361, 90.4296109",https://ecrm3-web-uploads.s3.ap-southeast-1.amazonaws.com/Production/ecrm/Audios/Survey/cmp-143/1074143_72011041595100.mp3,11:04:16,11:10:25,0:06:09,143,PJ Rebel Luckies
Dhaka North,Dhaka West,Joydebpur,M/S. A.M.I & Company,Joydebpur,1074,brdhk24@ecrm-imsl,107D,Bus Stand,Afia Tea Store,12671086,7/20/2025,"24.0003776, 90.4307736",https://ecrm3-web-uploads.s3.ap-southeast-1.amazonaws.com/Production/ecrm/Audios/Survey/cmp-143/1074143_720113013214100.mp3,11:30:13,11:37:32,0:07:19,143,PJ Rebel Luckies
Dhaka North,Dhaka West,Joydebpur,M/S. A.M.I & Company,Joydebpur,1074,brdhk24@ecrm-imsl,107D,Bus Stand,Afia Tea Store,12688572,7/20/2025,"23.9895448, 90.3821583",https://ecrm3-web-uploads.s3.ap-southeast-1.amazonaws.com/Production/ecrm/Audios/Survey/cmp-143/1074143_720134126361100.mp3,13:41:24,13:47:10,0:05:46,143,PJ Rebel Luckies
Dhaka North,Dhaka West,Joydebpur,M/S. A.M.I & Company,Joydebpur,1074,brdhk24@ecrm-imsl,107D,Bus Stand,Afia Tea Store,12702912,7/20/2025,"23.9898033, 90.3825475",https://ecrm3-web-uploads.s3.ap-southeast-1.amazonaws.com/Production/ecrm/Audios/Survey/cmp-143/1074143_720173416683100.mp3,17:34:15,17:40:03,0:05:48,143,PJ Rebel Luckies
Dhaka North,Dhaka West,Joydebpur,M/S. A.M.I & Company,Joydebpur,29737,tanzilurroshidbhuiyan@ecrm-imsl,111B,Eisorda road,Hasan Store,12665282,7/20/2025,"24.0003776, 90.429906",https://ecrm3-web-uploads.s3.ap-southeast-1.amazonaws.com/Production/ecrm/Audios/Survey/cmp-143/29737143_720105055105100.mp3,10:50:51,10:57:32,0:06:41,143,PJ Rebel Luckies
Dhaka North,Dhaka West,Mawna,M/S. A.M.I & Company,Bhabanipur,28906,brdhk19184@ecrm-imsl,506B,Bager Bazar West,Nayem Store,12679754,7/20/2025,"24.2157931, 90.3857203",https://ecrm3-web-uploads.s3.ap-southeast-1.amazonaws.com/Production/ecrm/Audios/Survey/cmp-143/28906143_720123021471100.mp3,12:30:20,12:36:10,0:05:50,143,PJ Rebel Luckies
Dhaka North,Dhaka West,Mawna,M/S. A.M.I & Company,Bhabanipur,28906,brdhk19184@ecrm-imsl,506B,Bager Bazar West,Nayem Store,12681980,7/20/2025,"24.2145613, 90.3868861",https://ecrm3-web-uploads.s3.ap-southeast-1.amazonaws.com/Production/ecrm/Audios/Survey/cmp-143/28906143_720124555813100.mp3,12:45:53,12:51:49,0:05:56,143,PJ Rebel Luckies
Dhaka North,Dhaka West,Joydebpur,M/S. A.M.I & Company,Bashon,27642,brdhk6582@ecrm-imsl,207A,Moddo Vogra,Robin Store,12684147,7/20/2025,"23.9748747, 90.3716894",https://ecrm3-web-uploads.s3.ap-southeast-1.amazonaws.com/Production/ecrm/Audios/Survey/cmp-143/27642143_7201301196100.mp3,13:01:13,13:08:07,0:06:54,143,PJ Rebel Luckies
Dhaka North,Dhaka West,Mawna,M/S. A.M.I & Company,Bhabanipur,28906,brdhk19184@ecrm-imsl,506B,Bager Bazar West,Nayem Store,12696117,7/20/2025,"24.2150981, 90.3867856",https://ecrm3-web-uploads.s3.ap-southeast-1.amazonaws.com/Production/ecrm/Audios/Survey/cmp-143/28906143_72015134751100.mp3,15:13:43,15:18:07,0:04:24,143,PJ Rebel Luckies
Dhaka North,Dhaka West,Mawna,M/S. A.M.I & Company,Bhabanipur,28906,brdhk19184@ecrm-imsl,506B,Bager Bazar West,Nayem Store,12694071,7/20/2025,"24.2198069, 90.3841055",https://ecrm3-web-uploads.s3.ap-southeast-1.amazonaws.com/Production/ecrm/Audios/Survey/cmp-143/28906143_720144407105100.mp3,14:44:05,14:48:36,0:04:31,143,PJ Rebel Luckies
Dhaka North,Dhaka West,Mawna,M/S. A.M.I & Company,Bhabanipur,28906,brdhk19184@ecrm-imsl,506B,Bager Bazar West,Nayem Store,12694831,7/20/2025,"24.2151664, 90.3867672",https://ecrm3-web-uploads.s3.ap-southeast-1.amazonaws.com/Production/ecrm/Audios/Survey/cmp-143/28906143_720145414362100.mp3,14:54:12,14:58:51,0:04:39,143,PJ Rebel Luckies
Dhaka North,Dhaka West,Mawna,M/S. A.M.I & Company,Bhabanipur,28906,brdhk19184@ecrm-imsl,506B,Bager Bazar West,Nayem Store,12696357,7/20/2025,"24.2150802, 90.3868052",https://ecrm3-web-uploads.s3.ap-southeast-1.amazonaws.com/Production/ecrm/Audios/Survey/cmp-143/28906143_720151814140100.mp3,15:18:12,15:22:14,0:04:02,143,PJ Rebel Luckies
Dhaka North,Dhaka West,Mawna,M/S. A.M.I & Company,Bhabanipur,28906,brdhk19184@ecrm-imsl,506B,Bager Bazar West,Nayem Store,12696823,7/20/2025,"24.2152099, 90.3867288",https://ecrm3-web-uploads.s3.ap-southeast-1.amazonaws.com/Production/ecrm/Audios/Survey/cmp-143/28906143_720152635830100.mp3,15:26:34,15:30:32,0:03:58,143,PJ Rebel Luckies
Dhaka North,Dhaka West,Mawna,M/S. A.M.I & Company,Bhabanipur,28906,brdhk19184@ecrm-imsl,506B,Bager Bazar West,Nayem Store,12698897,7/20/2025,"24.2030188, 90.4016554",https://ecrm3-web-uploads.s3.ap-southeast-1.amazonaws.com/Production/ecrm/Audios/Survey/cmp-143/28906143_720160306743100.mp3,16:03:05,16:09:13,0:06:08,143,PJ Rebel Luckies
Dhaka North,Dhaka West,Mawna,M/S. A.M.I & Company,Bhabanipur,28906,brdhk19184@ecrm-imsl,506B,Bager Bazar West,Nayem Store,12699539,7/20/2025,"24.2030332, 90.4016474",https://ecrm3-web-uploads.s3.ap-southeast-1.amazonaws.com/Production/ecrm/Audios/Survey/cmp-143/28906143_720161427720100.mp3,16:14:26,16:20:30,0:06:04,143,PJ Rebel Luckies
Dhaka North,Dhaka West,Mawna,M/S. A.M.I & Company,Bhabanipur,28906,brdhk19184@ecrm-imsl,506B,Bager Bazar West,Nayem Store,12699895,7/20/2025,"24.2030309, 90.4016532",https://ecrm3-web-uploads.s3.ap-southeast-1.amazonaws.com/Production/ecrm/Audios/Survey/cmp-143/28906143_720162037832100.mp3,16:20:36,16:27:27,0:06:51,143,PJ Rebel Luckies
Dhaka North,Dhaka West,Mawna,M/S. A.M.I & Company,Bhabanipur,28906,brdhk19184@ecrm-imsl,506B,Bager Bazar West,Nayem Store,12678900,7/20/2025,"24.2156246, 90.4088599",https://ecrm3-web-uploads.s3.ap-southeast-1.amazonaws.com/Production/ecrm/Audios/Survey/cmp-143/28906143_720122330816100.mp3,12:23:29,12:30:14,0:06:45,143,PJ Rebel Luckies
Dhaka North,Dhaka West,Joydebpur,M/S. A.M.I & Company,Joydebpur,29737,tanzilurroshidbhuiyan@ecrm-imsl,111B,Eisorda road,Hasan Store,12681030,7/20/2025,"23.9927017, 90.4257426",https://ecrm3-web-uploads.s3.ap-southeast-1.amazonaws.com/Production/ecrm/Audios/Survey/cmp-143/29737143_720123948795100.mp3,12:39:47,12:45:14,0:05:27,143,PJ Rebel Luckies
Dhaka North,Dhaka West,Mawna,M/S. A.M.I & Company,Bhabanipur,28906,brdhk19184@ecrm-imsl,506B,Bager Bazar West,Nayem Store,12681126,7/20/2025,"24.2152496, 90.386514",https://ecrm3-web-uploads.s3.ap-southeast-1.amazonaws.com/Production/ecrm/Audios/Survey/cmp-143/28906143_720124139482100.mp3,12:41:38,12:45:49,0:04:11,143,PJ Rebel Luckies
Dhaka North,Dhaka West,Mawna,M/S. A.M.I & Company,Bhabanipur,28906,brdhk19184@ecrm-imsl,506B,Bager Bazar West,Nayem Store,12683538,7/20/2025,"24.2154483, 90.3869487",https://ecrm3-web-uploads.s3.ap-southeast-1.amazonaws.com/Production/ecrm/Audios/Survey/cmp-143/28906143_720125752202100.mp3,12:57:51,13:03:22,0:05:31,143,PJ Rebel Luckies
Dhaka North,Dhaka West,Mawna,M/S. A.M.I & Company,Bhabanipur,28906,brdhk19184@ecrm-imsl,506B,Bager Bazar West,Nayem Store,12695166,7/20/2025,"24.2152099, 90.3867309",https://ecrm3-web-uploads.s3.ap-southeast-1.amazonaws.com/Production/ecrm/Audios/Survey/cmp-143/28906143_72014593129100.mp3,14:59:31,15:03:45,0:04:14,143,PJ Rebel Luckies
Dhaka North,Dhaka West,Mawna,M/S. A.M.I & Company,Bhabanipur,28906,brdhk19184@ecrm-imsl,506B,Bager Bazar West,Nayem Store,12696598,7/20/2025,"24.215079, 90.3868145",https://ecrm3-web-uploads.s3.ap-southeast-1.amazonaws.com/Production/ecrm/Audios/Survey/cmp-143/28906143_72015222562100.mp3,15:22:24,15:26:27,0:04:03,143,PJ Rebel Luckies
Dhaka North,Dhaka West,Mawna,M/S. A.M.I & Company,Bhabanipur,28906,brdhk19184@ecrm-imsl,506B,Bager Bazar West,Nayem Store,12698546,7/20/2025,"24.2152192, 90.3867151",https://ecrm3-web-uploads.s3.ap-southeast-1.amazonaws.com/Production/ecrm/Audios/Survey/cmp-143/28906143_720155648814100.mp3,15:56:46,16:02:59,0:06:13,143,PJ Rebel Luckies
Dhaka North,Dhaka West,Mawna,M/S. A.M.I & Company,Bhabanipur,28906,brdhk19184@ecrm-imsl,506B,Bager Bazar West,Nayem Store,12701010,7/20/2025,"24.2030853, 90.4016215",https://ecrm3-web-uploads.s3.ap-southeast-1.amazonaws.com/Production/ecrm/Audios/Survey/cmp-143/28906143_720164408527100.mp3,16:44:05,16:48:53,0:04:48,143,PJ Rebel Luckies
Dhaka North,Dhaka West,Mawna,M/S. A.M.I & Company,Bhabanipur,28906,brdhk19184@ecrm-imsl,506B,Bager Bazar West,Nayem Store,12661431,7/20/2025,"24.2149951, 90.4083255",https://ecrm3-web-uploads.s3.ap-southeast-1.amazonaws.com/Production/ecrm/Audios/Survey/cmp-143/28906143_720101831310100.mp3,10:18:26,10:26:13,0:07:47,143,PJ Rebel Luckies
Dhaka North,Dhaka West,Mawna,M/S. A.M.I & Company,Bhabanipur,28906,brdhk19184@ecrm-imsl,506B,Bager Bazar West,Nayem Store,12680515,7/20/2025,"24.2152099, 90.3867309",https://ecrm3-web-uploads.s3.ap-southeast-1.amazonaws.com/Production/ecrm/Audios/Survey/cmp-143/28906143_720123633177100.mp3,12:36:29,12:41:24,0:04:55,143,PJ Rebel Luckies
Dhaka North,Dhaka West,Mawna,M/S. A.M.I & Company,Bhabanipur,28906,brdhk19184@ecrm-imsl,506B,Bager Bazar West,Nayem Store,12682809,7/20/2025,"24.2152099, 90.3867309",https://ecrm3-web-uploads.s3.ap-southeast-1.amazonaws.com/Production/ecrm/Audios/Survey/cmp-143/28906143_720125201177100.mp3,12:51:59,12:57:46,0:05:47,143,PJ Rebel Luckies
Dhaka North,Dhaka West,Mawna,M/S. A.M.I & Company,Bhabanipur,28906,brdhk19184@ecrm-imsl,506B,Bager Bazar West,Nayem Store,12697228,7/20/2025,"24.21514, 90.3867686",https://ecrm3-web-uploads.s3.ap-southeast-1.amazonaws.com/Production/ecrm/Audios/Survey/cmp-143/28906143_720153048208100.mp3,15:30:45,15:38:01,0:07:16,143,PJ Rebel Luckies
Dhaka North,Dhaka West,Mawna,M/S. A.M.I & Company,Bhabanipur,28906,brdhk19184@ecrm-imsl,506B,Bager Bazar West,Nayem Store,12690761,7/20/2025,"24.2281982, 90.3878895",https://ecrm3-web-uploads.s3.ap-southeast-1.amazonaws.com/Production/ecrm/Audios/Survey/cmp-143/28906143_720140340678100.mp3,14:03:39,14:09:06,0:05:27,143,PJ Rebel Luckies
Dhaka North,Dhaka West,Mawna,M/S. A.M.I & Company,Bhabanipur,28906,brdhk19184@ecrm-imsl,506B,Bager Bazar West,Nayem Store,12694440,7/20/2025,"24.2151665, 90.386767",https://ecrm3-web-uploads.s3.ap-southeast-1.amazonaws.com/Production/ecrm/Audios/Survey/cmp-143/28906143_72014485015100.mp3,14:48:45,14:53:19,0:04:34,143,PJ Rebel Luckies
Dhaka North,Dhaka West,Mawna,M/S. A.M.I & Company,Bhabanipur,28906,brdhk19184@ecrm-imsl,506B,Bager Bazar West,Nayem Store,12700188,7/20/2025,"24.2030304, 90.4016564",https://ecrm3-web-uploads.s3.ap-southeast-1.amazonaws.com/Production/ecrm/Audios/Survey/cmp-143/28906143_720162734372100.mp3,16:27:33,16:32:15,0:04:42,143,PJ Rebel Luckies
Dhaka North,Dhaka West,Joydebpur,M/S. A.M.I & Company,Bashon,9294,brdhk9294@ecrm-imsl,210A,Hazi Market Road,Ma Babar Doa Store,12698240,7/20/2025,"23.9605069, 90.3933253",https://ecrm3-web-uploads.s3.ap-southeast-1.amazonaws.com/Production/ecrm/Audios/Survey/cmp-143/9294143_720154916138100.mp3,15:49:12,15:57:06,0:07:54,143,PJ Rebel Luckies
Chittagong,Feni,Maijdee,M/S Sanjib Mazumder,Maijdee,867,marufhossainbrctg269@ecrm-ims,402B,Prime Hospital,Kabir Store 2,12664061,7/20/2025,"22.8647979, 91.0969041",https://ecrm3-web-uploads.s3.ap-southeast-1.amazonaws.com/Production/ecrm/Audios/Survey/cmp-143/867143_720103711847100.mp3,10:37:09,10:48:09,0:11:00,143,PJ Rebel Luckies
Chittagong,Feni,Maijdee,M/S Sanjib Mazumder,Maijdee,867,marufhossainbrctg269@ecrm-ims,402B,Prime Hospital,Kabir Store 2,12665847,7/20/2025,"22.8650565, 91.0968785",https://ecrm3-web-uploads.s3.ap-southeast-1.amazonaws.com/Production/ecrm/Audios/Survey/cmp-143/867143_720104936257100.mp3,10:54:25,10:56:33,0:02:08,143,PJ Rebel Luckies
Chittagong,Feni,Maijdee,M/S Sanjib Mazumder,Maijdee,867,marufhossainbrctg269@ecrm-ims,402B,Prime Hospital,Kabir Store 2,12666553,7/20/2025,"22.8651183, 91.0969418",https://ecrm3-web-uploads.s3.ap-southeast-1.amazonaws.com/Production/ecrm/Audios/Survey/cmp-143/867143_720105649844100.mp3,10:56:47,11:01:28,0:04:41,143,PJ Rebel Luckies
Chittagong,Feni,Maijdee,M/S Sanjib Mazumder,Maijdee,867,marufhossainbrctg269@ecrm-ims,402B,Prime Hospital,Kabir Store 2,12670449,7/20/2025,"22.8649651, 91.0968968",https://ecrm3-web-uploads.s3.ap-southeast-1.amazonaws.com/Production/ecrm/Audios/Survey/cmp-143/867143_720112040783100.mp3,11:25:39,11:28:07,0:02:28,143,PJ Rebel Luckies
Dhaka North,Dhaka West,Mawna,M/S. A.M.I & Company,Mawna,30966,brdhk8990@ecrm-imsl,409B,2 No. C&B Bazar,Ripon Store,12673083,7/20/2025,"24.2210331, 90.4120508",https://ecrm3-web-uploads.s3.ap-southeast-1.amazonaws.com/Production/ecrm/Audios/Survey/cmp-143/30966143_72011470092100.mp3,11:46:58,11:50:49,0:03:51,143,PJ Rebel Luckies
Dhaka North,Dhaka West,Mawna,M/S. A.M.I & Company,Mawna,30966,brdhk8990@ecrm-imsl,409B,2 No. C&B Bazar,Ripon Store,12678173,7/20/2025,"24.2210331, 90.4120508",https://ecrm3-web-uploads.s3.ap-southeast-1.amazonaws.com/Production/ecrm/Audios/Survey/cmp-143/30966143_720122030836100.mp3,12:20:30,12:24:54,0:04:24,143,PJ Rebel Luckies
Dhaka North,Dhaka West,Mawna,M/S. A.M.I & Company,Mawna,30966,brdhk8990@ecrm-imsl,409B,2 No. C&B Bazar,Ripon Store,12678751,7/20/2025,"24.2210331, 90.4120508",https://ecrm3-web-uploads.s3.ap-southeast-1.amazonaws.com/Production/ecrm/Audios/Survey/cmp-143/30966143_720122459704100.mp3,12:24:59,12:29:13,0:04:14,143,PJ Rebel Luckies
Dhaka North,Dhaka West,Mawna,M/S. A.M.I & Company,Mawna,30966,brdhk8990@ecrm-imsl,409B,2 No. C&B Bazar,Ripon Store,12688600,7/20/2025,"24.2210331, 90.4120508",https://ecrm3-web-uploads.s3.ap-southeast-1.amazonaws.com/Production/ecrm/Audios/Survey/cmp-143/30966143_720134351576100.mp3,13:43:51,13:47:23,0:03:32,143,PJ Rebel Luckies
Dhaka North,Dhaka West,Mawna,M/S. A.M.I & Company,Mawna,30966,brdhk8990@ecrm-imsl,409B,2 No. C&B Bazar,Ripon Store,12684880,7/20/2025,"24.2210331, 90.4120508",https://ecrm3-web-uploads.s3.ap-southeast-1.amazonaws.com/Production/ecrm/Audios/Survey/cmp-143/30966143_720130958364100.mp3,13:09:57,13:13:39,0:03:42,143,PJ Rebel Luckies
Dhaka North,Dhaka West,Mawna,M/S. A.M.I & Company,Mawna,30966,brdhk8990@ecrm-imsl,409B,2 No. C&B Bazar,Ripon Store,12690465,7/20/2025,"24.2210331, 90.4120508",https://ecrm3-web-uploads.s3.ap-southeast-1.amazonaws.com/Production/ecrm/Audios/Survey/cmp-143/30966143_720140206554100.mp3,14:02:06,14:06:12,0:04:06,143,PJ Rebel Luckies
Dhaka North,Dhaka West,Mawna,M/S. A.M.I & Company,Mawna,30966,brdhk8990@ecrm-imsl,409B,2 No. C&B Bazar,Ripon Store,12692741,7/20/2025,"24.2210331, 90.4120508",https://ecrm3-web-uploads.s3.ap-southeast-1.amazonaws.com/Production/ecrm/Audios/Survey/cmp-143/30966143_720142716242100.mp3,14:27:16,14:31:26,0:04:10,143,PJ Rebel Luckies
Chittagong,Feni,Maijdee,M/S Sanjib Mazumder,Maijdee,867,marufhossainbrctg269@ecrm-ims,402B,Prime Hospital,Kabir Store 2,12658676,7/20/2025,"22.8540798, 91.096478",https://ecrm3-web-uploads.s3.ap-southeast-1.amazonaws.com/Production/ecrm/Audios/Survey/cmp-143/867143_720093914687100.mp3,9:44:12,9:47:50,0:03:38,143,PJ Rebel Luckies
Chittagong,Feni,Maijdee,M/S Sanjib Mazumder,Maijdee,867,marufhossainbrctg269@ecrm-ims,402B,Prime Hospital,Kabir Store 2,12661984,7/20/2025,"22.8650875, 91.0969369",https://ecrm3-web-uploads.s3.ap-southeast-1.amazonaws.com/Production/ecrm/Audios/Survey/cmp-143/867143_720101959580100.mp3,10:24:59,10:26:21,0:01:22,143,PJ Rebel Luckies
Dhaka North,Dhaka West,Joydebpur,M/S. A.M.I & Company,Joydebpur,32950,brdhk9769@ecrm-ims,102A,Harinal Road,Jahid Store 2,12665313,7/20/2025,"23.9928718, 90.4251023",https://ecrm3-web-uploads.s3.ap-southeast-1.amazonaws.com/Production/ecrm/Audios/Survey/cmp-143/32950143_72010353488100.mp3,10:35:28,10:57:45,0:22:17,143,PJ Rebel Luckies
Dhaka North,Dhaka West,Mawna,M/S. A.M.I & Company,Mawna,30966,brdhk8990@ecrm-imsl,409B,2 No. C&B Bazar,Ripon Store,12668692,7/20/2025,"24.2208269, 90.4120173",https://ecrm3-web-uploads.s3.ap-southeast-1.amazonaws.com/Production/ecrm/Audios/Survey/cmp-143/30966143_720111555179100.mp3,11:09:00,11:21:32,0:12:32,143,PJ Rebel Luckies
Chittagong,Feni,Maijdee,M/S Sanjib Mazumder,Maijdee,867,marufhossainbrctg269@ecrm-ims,402B,Prime Hospital,Kabir Store 2,12667364,7/20/2025,"22.8649655, 91.0969495",https://ecrm3-web-uploads.s3.ap-southeast-1.amazonaws.com/Production/ecrm/Audios/Survey/cmp-143/867143_720110137803100.mp3,11:06:36,11:07:10,0:00:34,143,PJ Rebel Luckies
Chittagong,Feni,Maijdee,M/S Sanjib Mazumder,Maijdee,867,marufhossainbrctg269@ecrm-ims,402B,Prime Hospital,Kabir Store 2,12669291,7/20/2025,"22.8649617, 91.0969037",https://ecrm3-web-uploads.s3.ap-southeast-1.amazonaws.com/Production/ecrm/Audios/Survey/cmp-143/867143_720111341331100.mp3,11:18:41,11:25:31,0:06:50,143,PJ Rebel Luckies
Dhaka North,Dhaka West,Mawna,M/S. A.M.I & Company,Mawna,30966,brdhk8990@ecrm-imsl,409B,2 No. C&B Bazar,Ripon Store,12669337,7/20/2025,"24.2210192, 90.4120285",https://ecrm3-web-uploads.s3.ap-southeast-1.amazonaws.com/Production/ecrm/Audios/Survey/cmp-143/30966143_720112138498100.mp3,11:21:38,11:25:49,0:04:11,143,PJ Rebel Luckies
Dhaka North,Dhaka West,Mawna,M/S. A.M.I & Company,Mawna,30966,brdhk8990@ecrm-imsl,409B,2 No. C&B Bazar,Ripon Store,12672283,7/20/2025,"24.2210331, 90.4120508",https://ecrm3-web-uploads.s3.ap-southeast-1.amazonaws.com/Production/ecrm/Audios/Survey/cmp-143/30966143_720114051339100.mp3,11:40:50,11:45:30,0:04:40,143,PJ Rebel Luckies
Chittagong,Feni,Maijdee,M/S Sanjib Mazumder,Maijdee,867,marufhossainbrctg269@ecrm-ims,402B,Prime Hospital,Kabir Store 2,12673721,7/20/2025,"22.865053, 91.0969367",https://ecrm3-web-uploads.s3.ap-southeast-1.amazonaws.com/Production/ecrm/Audios/Survey/cmp-143/867143_720114523167100.mp3,11:50:22,11:55:11,0:04:49,143,PJ Rebel Luckies
Dhaka North,Dhaka West,Joydebpur,M/S. A.M.I & Company,Joydebpur,32950,brdhk9769@ecrm-ims,102A,Harinal Road,Jahid Store 2,12674065,7/20/2025,"23.9929018, 90.4251016",https://ecrm3-web-uploads.s3.ap-southeast-1.amazonaws.com/Production/ecrm/Audios/Survey/cmp-143/32950143_720115245843100.mp3,11:52:44,11:57:27,0:04:43,143,PJ Rebel Luckies
Dhaka North,Dhaka West,Mawna,M/S. A.M.I & Company,Mawna,30966,brdhk8990@ecrm-imsl,409B,2 No. C&B Bazar,Ripon Store,12674265,7/20/2025,"24.2210331, 90.4120508",https://ecrm3-web-uploads.s3.ap-southeast-1.amazonaws.com/Production/ecrm/Audios/Survey/cmp-143/30966143_720115510396100.mp3,11:55:10,11:58:55,0:03:45,143,PJ Rebel Luckies
Chittagong,Feni,Maijdee,M/S Sanjib Mazumder,Maijdee,867,marufhossainbrctg269@ecrm-ims,402B,Prime Hospital,Kabir Store 2,12674794,7/20/2025,"22.8650194, 91.0969132",https://ecrm3-web-uploads.s3.ap-southeast-1.amazonaws.com/Production/ecrm/Audios/Survey/cmp-143/867143_72011502579100.mp3,11:50:22,11:57:11,0:06:49,143,PJ Rebel Luckies
Chittagong,Feni,Maijdee,M/S Sanjib Mazumder,Maijdee,867,marufhossainbrctg269@ecrm-ims,402B,Prime Hospital,Kabir Store 2,12676491,7/20/2025,"22.8649406, 91.0969703",https://ecrm3-web-uploads.s3.ap-southeast-1.amazonaws.com/Production/ecrm/Audios/Survey/cmp-143/867143_720115838867100.mp3,11:58:35,12:13:38,0:15:03,143,PJ Rebel Luckies
Chittagong,Feni,Maijdee,M/S Sanjib Mazumder,Maijdee,867,marufhossainbrctg269@ecrm-ims,402B,Prime Hospital,Kabir Store 2,12681420,7/20/2025,"22.8648629, 91.096909",https://ecrm3-web-uploads.s3.ap-southeast-1.amazonaws.com/Production/ecrm/Audios/Survey/cmp-143/867143_720123726880100.mp3,12:42:26,12:42:59,0:00:33,143,PJ Rebel Luckies
Chittagong,Feni,Maijdee,M/S Sanjib Mazumder,Maijdee,867,marufhossainbrctg269@ecrm-ims,402B,Prime Hospital,Kabir Store 2,12679586,7/20/2025,"22.8650029, 91.0969056",https://ecrm3-web-uploads.s3.ap-southeast-1.amazonaws.com/Production/ecrm/Audios/Survey/cmp-143/867143_720122410386100.mp3,12:29:07,12:35:06,0:05:59,143,PJ Rebel Luckies
Dhaka North,Dhaka West,Mawna,M/S. A.M.I & Company,Mawna,30966,brdhk8990@ecrm-imsl,409B,2 No. C&B Bazar,Ripon Store,12694034,7/20/2025,"24.2210331, 90.4120508",https://ecrm3-web-uploads.s3.ap-southeast-1.amazonaws.com/Production/ecrm/Audios/Survey/cmp-143/30966143_720144352544100.mp3,14:43:50,14:48:04,0:04:14,143,PJ Rebel Luckies
Dhaka North,Dhaka West,Mawna,M/S. A.M.I & Company,Mawna,30966,brdhk8990@ecrm-imsl,409B,2 No. C&B Bazar,Ripon Store,12688198,7/20/2025,"24.2210331, 90.4120508",https://ecrm3-web-uploads.s3.ap-southeast-1.amazonaws.com/Production/ecrm/Audios/Survey/cmp-143/30966143_720133806745100.mp3,13:38:04,13:43:33,0:05:29,143,PJ Rebel Luckies
